location_id,region,year,t,severe,global_temp_anom_mean,nino34_anom_mean,temp_c,nino_c
1,Australasia,1980,0,0,0.2558333333333333,-0.0016666666666666843,-0.21799549549549552,0.030180180180180156
1,Australasia,1981,1,0,0.3225,-0.4558333333333333,-0.1513288288288288,-0.42398648648648646
1,Australasia,1982,2,0,0.13916666666666666,0.8316666666666667,-0.33466216216216216,0.8635135135135135
1,Australasia,1983,3,0,0.315,0.30666666666666664,-0.15882882882882882,0.3385135135135135
1,Australasia,1984,4,0,0.15583333333333332,-0.6641666666666667,-0.3179954954954955,-0.6323198198198199
1,Australasia,1985,5,0,0.11750000000000001,-0.755,-0.3563288288288288,-0.7231531531531532
1,Australasia,1986,6,0,0.18,0.06000000000000004,-0.2938288288288288,0.09184684684684688
1,Australasia,1987,7,0,0.32166666666666666,1.0941666666666667,-0.15216216216216216,1.1260135135135136
1,Australasia,1988,8,0,0.38916666666666666,-0.9991666666666666,-0.08466216216216216,-0.9673198198198198
1,Australasia,1989,9,0,0.2733333333333333,-0.7983333333333333,-0.2004954954954955,-0.7664864864864865
1,Australasia,1990,10,0,0.44666666666666666,0.1275,-0.027162162162162162,0.15934684684684686
1,Australasia,1991,11,0,0.4058333333333333,0.6183333333333334,-0.0679954954954955,0.6501801801801802
1,Australasia,1992,12,0,0.22333333333333333,0.6083333333333333,-0.2504954954954955,0.6401801801801801
1,Australasia,1993,13,0,0.2316666666666667,0.29916666666666664,-0.24216216216216213,0.3310135135135135
1,Australasia,1994,14,0,0.315,0.46,-0.15882882882882882,0.4918468468468469
1,Australasia,1995,15,0,0.445,-0.1975,-0.028828828828828812,-0.16565315315315315
1,Australasia,1996,16,0,0.3325,-0.5183333333333333,-0.1413288288288288,-0.48648648648648646
1,Australasia,1997,17,0,0.4658333333333333,1.1150000000000002,-0.007995495495495497,1.1468468468468471
1,Australasia,1998,18,1,0.6075,-0.11916666666666656,0.13367117117117122,-0.08731981981981972
1,Australasia,1999,19,0,0.3825,-1.2866666666666666,-0.09132882882882881,-1.2548198198198197
1,Australasia,2000,20,0,0.395,-0.9091666666666667,-0.0788288288288288,-0.8773198198198199
1,Australasia,2001,21,0,0.5325,-0.33916666666666667,0.058671171171171155,-0.3073198198198198
1,Australasia,2002,22,1,0.6275000000000001,0.6383333333333333,0.15367117117117124,0.6701801801801801
1,Australasia,2003,23,0,0.6166666666666667,0.20666666666666667,0.14283783783783788,0.23851351351351352
1,Australasia,2004,24,0,0.5333333333333333,0.4225,0.05950450450450451,0.45434684684684684
1,Australasia,2005,25,0,0.6791666666666667,0.015000000000000003,0.20533783783783788,0.04684684684684684
1,Australasia,2006,26,0,0.64,0.0875,0.1661711711711712,0.11934684684684684
1,Australasia,2007,27,0,0.665,-0.6183333333333333,0.19117117117117122,-0.5864864864864865
1,Australasia,2008,28,0,0.5433333333333333,-0.785,0.06950450450450452,-0.7531531531531532
1,Australasia,2009,29,0,0.6566666666666667,0.2883333333333333,0.1828378378378379,0.32018018018018013
1,Australasia,2010,30,0,0.725,-0.48749999999999993,0.25117117117117116,-0.4556531531531531
1,Australasia,2011,31,0,0.61,-0.8691666666666666,0.13617117117117117,-0.8373198198198198
1,Australasia,2012,32,0,0.6458333333333334,-0.13999999999999999,0.17200450450450455,-0.10815315315315314
1,Australasia,2013,33,0,0.6766666666666666,-0.31916666666666665,0.20283783783783782,-0.2873198198198198
1,Australasia,2014,34,0,0.7491666666666666,0.11166666666666666,0.27533783783783783,0.1435135135135135
1,Australasia,2015,35,0,0.8975,1.4616666666666667,0.42367117117117115,1.4935135135135136
1,Australasia,2016,36,1,1.0125,0.3324999999999999,0.5386711711711711,0.36434684684684676
2,Australasia,1980,0,0,0.2558333333333333,-0.0016666666666666843,-0.21799549549549552,0.030180180180180156
2,Australasia,1981,1,0,0.3225,-0.4558333333333333,-0.1513288288288288,-0.42398648648648646
2,Australasia,1982,2,0,0.13916666666666666,0.8316666666666667,-0.33466216216216216,0.8635135135135135
2,Australasia,1983,3,0,0.315,0.30666666666666664,-0.15882882882882882,0.3385135135135135
2,Australasia,1984,4,0,0.15583333333333332,-0.6641666666666667,-0.3179954954954955,-0.6323198198198199
2,Australasia,1985,5,0,0.11750000000000001,-0.755,-0.3563288288288288,-0.7231531531531532
2,Australasia,1986,6,0,0.18,0.06000000000000004,-0.2938288288288288,0.09184684684684688
2,Australasia,1987,7,0,0.32166666666666666,1.0941666666666667,-0.15216216216216216,1.1260135135135136
2,Australasia,1988,8,0,0.38916666666666666,-0.9991666666666666,-0.08466216216216216,-0.9673198198198198
2,Australasia,1989,9,0,0.2733333333333333,-0.7983333333333333,-0.2004954954954955,-0.7664864864864865
2,Australasia,1990,10,0,0.44666666666666666,0.1275,-0.027162162162162162,0.15934684684684686
2,Australasia,1991,11,0,0.4058333333333333,0.6183333333333334,-0.0679954954954955,0.6501801801801802
2,Australasia,1992,12,0,0.22333333333333333,0.6083333333333333,-0.2504954954954955,0.6401801801801801
2,Australasia,1993,13,0,0.2316666666666667,0.29916666666666664,-0.24216216216216213,0.3310135135135135
2,Australasia,1994,14,0,0.315,0.46,-0.15882882882882882,0.4918468468468469
2,Australasia,1995,15,0,0.445,-0.1975,-0.028828828828828812,-0.16565315315315315
2,Australasia,1996,16,0,0.3325,-0.5183333333333333,-0.1413288288288288,-0.48648648648648646
2,Australasia,1997,17,0,0.4658333333333333,1.1150000000000002,-0.007995495495495497,1.1468468468468471
2,Australasia,1998,18,0,0.6075,-0.11916666666666656,0.13367117117117122,-0.08731981981981972
2,Australasia,1999,19,0,0.3825,-1.2866666666666666,-0.09132882882882881,-1.2548198198198197
2,Australasia,2000,20,0,0.395,-0.9091666666666667,-0.0788288288288288,-0.8773198198198199
2,Australasia,2001,21,0,0.5325,-0.33916666666666667,0.058671171171171155,-0.3073198198198198
2,Australasia,2002,22,0,0.6275000000000001,0.6383333333333333,0.15367117117117124,0.6701801801801801
2,Australasia,2003,23,0,0.6166666666666667,0.20666666666666667,0.14283783783783788,0.23851351351351352
2,Australasia,2004,24,0,0.5333333333333333,0.4225,0.05950450450450451,0.45434684684684684
2,Australasia,2005,25,0,0.6791666666666667,0.015000000000000003,0.20533783783783788,0.04684684684684684
2,Australasia,2006,26,0,0.64,0.0875,0.1661711711711712,0.11934684684684684
2,Australasia,2007,27,0,0.665,-0.6183333333333333,0.19117117117117122,-0.5864864864864865
2,Australasia,2008,28,0,0.5433333333333333,-0.785,0.06950450450450452,-0.7531531531531532
2,Australasia,2009,29,0,0.6566666666666667,0.2883333333333333,0.1828378378378379,0.32018018018018013
2,Australasia,2010,30,0,0.725,-0.48749999999999993,0.25117117117117116,-0.4556531531531531
2,Australasia,2011,31,0,0.61,-0.8691666666666666,0.13617117117117117,-0.8373198198198198
2,Australasia,2012,32,0,0.6458333333333334,-0.13999999999999999,0.17200450450450455,-0.10815315315315314
2,Australasia,2013,33,0,0.6766666666666666,-0.31916666666666665,0.20283783783783782,-0.2873198198198198
2,Australasia,2014,34,0,0.7491666666666666,0.11166666666666666,0.27533783783783783,0.1435135135135135
2,Australasia,2015,35,0,0.8975,1.4616666666666667,0.42367117117117115,1.4935135135135136
2,Australasia,2016,36,0,1.0125,0.3324999999999999,0.5386711711711711,0.36434684684684676
3,Australasia,1980,0,0,0.2558333333333333,-0.0016666666666666843,-0.21799549549549552,0.030180180180180156
3,Australasia,1981,1,0,0.3225,-0.4558333333333333,-0.1513288288288288,-0.42398648648648646
3,Australasia,1982,2,0,0.13916666666666666,0.8316666666666667,-0.33466216216216216,0.8635135135135135
3,Australasia,1983,3,0,0.315,0.30666666666666664,-0.15882882882882882,0.3385135135135135
3,Australasia,1984,4,0,0.15583333333333332,-0.6641666666666667,-0.3179954954954955,-0.6323198198198199
3,Australasia,1985,5,0,0.11750000000000001,-0.755,-0.3563288288288288,-0.7231531531531532
3,Australasia,1986,6,0,0.18,0.06000000000000004,-0.2938288288288288,0.09184684684684688
3,Australasia,1987,7,0,0.32166666666666666,1.0941666666666667,-0.15216216216216216,1.1260135135135136
3,Australasia,1988,8,0,0.38916666666666666,-0.9991666666666666,-0.08466216216216216,-0.9673198198198198
3,Australasia,1989,9,0,0.2733333333333333,-0.7983333333333333,-0.2004954954954955,-0.7664864864864865
3,Australasia,1990,10,0,0.44666666666666666,0.1275,-0.027162162162162162,0.15934684684684686
3,Australasia,1991,11,0,0.4058333333333333,0.6183333333333334,-0.0679954954954955,0.6501801801801802
3,Australasia,1992,12,0,0.22333333333333333,0.6083333333333333,-0.2504954954954955,0.6401801801801801
3,Australasia,1993,13,0,0.2316666666666667,0.29916666666666664,-0.24216216216216213,0.3310135135135135
3,Australasia,1994,14,0,0.315,0.46,-0.15882882882882882,0.4918468468468469
3,Australasia,1995,15,0,0.445,-0.1975,-0.028828828828828812,-0.16565315315315315
3,Australasia,1996,16,0,0.3325,-0.5183333333333333,-0.1413288288288288,-0.48648648648648646
3,Australasia,1997,17,0,0.4658333333333333,1.1150000000000002,-0.007995495495495497,1.1468468468468471
3,Australasia,1998,18,1,0.6075,-0.11916666666666656,0.13367117117117122,-0.08731981981981972
3,Australasia,1999,19,0,0.3825,-1.2866666666666666,-0.09132882882882881,-1.2548198198198197
3,Australasia,2000,20,0,0.395,-0.9091666666666667,-0.0788288288288288,-0.8773198198198199
3,Australasia,2001,21,0,0.5325,-0.33916666666666667,0.058671171171171155,-0.3073198198198198
3,Australasia,2002,22,1,0.6275000000000001,0.6383333333333333,0.15367117117117124,0.6701801801801801
3,Australasia,2003,23,0,0.6166666666666667,0.20666666666666667,0.14283783783783788,0.23851351351351352
3,Australasia,2004,24,0,0.5333333333333333,0.4225,0.05950450450450451,0.45434684684684684
3,Australasia,2005,25,0,0.6791666666666667,0.015000000000000003,0.20533783783783788,0.04684684684684684
3,Australasia,2006,26,0,0.64,0.0875,0.1661711711711712,0.11934684684684684
3,Australasia,2007,27,0,0.665,-0.6183333333333333,0.19117117117117122,-0.5864864864864865
3,Australasia,2008,28,0,0.5433333333333333,-0.785,0.06950450450450452,-0.7531531531531532
3,Australasia,2009,29,0,0.6566666666666667,0.2883333333333333,0.1828378378378379,0.32018018018018013
3,Australasia,2010,30,0,0.725,-0.48749999999999993,0.25117117117117116,-0.4556531531531531
3,Australasia,2011,31,0,0.61,-0.8691666666666666,0.13617117117117117,-0.8373198198198198
3,Australasia,2012,32,0,0.6458333333333334,-0.13999999999999999,0.17200450450450455,-0.10815315315315314
3,Australasia,2013,33,0,0.6766666666666666,-0.31916666666666665,0.20283783783783782,-0.2873198198198198
3,Australasia,2014,34,0,0.7491666666666666,0.11166666666666666,0.27533783783783783,0.1435135135135135
3,Australasia,2015,35,0,0.8975,1.4616666666666667,0.42367117117117115,1.4935135135135136
3,Australasia,2016,36,1,1.0125,0.3324999999999999,0.5386711711711711,0.36434684684684676
4,Australasia,1980,0,0,0.2558333333333333,-0.0016666666666666843,-0.21799549549549552,0.030180180180180156
4,Australasia,1981,1,0,0.3225,-0.4558333333333333,-0.1513288288288288,-0.42398648648648646
4,Australasia,1982,2,0,0.13916666666666666,0.8316666666666667,-0.33466216216216216,0.8635135135135135
4,Australasia,1983,3,0,0.315,0.30666666666666664,-0.15882882882882882,0.3385135135135135
4,Australasia,1984,4,0,0.15583333333333332,-0.6641666666666667,-0.3179954954954955,-0.6323198198198199
4,Australasia,1985,5,0,0.11750000000000001,-0.755,-0.3563288288288288,-0.7231531531531532
4,Australasia,1986,6,0,0.18,0.06000000000000004,-0.2938288288288288,0.09184684684684688
4,Australasia,1987,7,0,0.32166666666666666,1.0941666666666667,-0.15216216216216216,1.1260135135135136
4,Australasia,1988,8,0,0.38916666666666666,-0.9991666666666666,-0.08466216216216216,-0.9673198198198198
4,Australasia,1989,9,0,0.2733333333333333,-0.7983333333333333,-0.2004954954954955,-0.7664864864864865
4,Australasia,1990,10,0,0.44666666666666666,0.1275,-0.027162162162162162,0.15934684684684686
4,Australasia,1991,11,0,0.4058333333333333,0.6183333333333334,-0.0679954954954955,0.6501801801801802
4,Australasia,1992,12,0,0.22333333333333333,0.6083333333333333,-0.2504954954954955,0.6401801801801801
4,Australasia,1993,13,0,0.2316666666666667,0.29916666666666664,-0.24216216216216213,0.3310135135135135
4,Australasia,1994,14,0,0.315,0.46,-0.15882882882882882,0.4918468468468469
4,Australasia,1995,15,0,0.445,-0.1975,-0.028828828828828812,-0.16565315315315315
4,Australasia,1996,16,0,0.3325,-0.5183333333333333,-0.1413288288288288,-0.48648648648648646
4,Australasia,1997,17,0,0.4658333333333333,1.1150000000000002,-0.007995495495495497,1.1468468468468471
4,Australasia,1998,18,1,0.6075,-0.11916666666666656,0.13367117117117122,-0.08731981981981972
4,Australasia,1999,19,0,0.3825,-1.2866666666666666,-0.09132882882882881,-1.2548198198198197
4,Australasia,2000,20,0,0.395,-0.9091666666666667,-0.0788288288288288,-0.8773198198198199
4,Australasia,2001,21,0,0.5325,-0.33916666666666667,0.058671171171171155,-0.3073198198198198
4,Australasia,2002,22,1,0.6275000000000001,0.6383333333333333,0.15367117117117124,0.6701801801801801
4,Australasia,2003,23,0,0.6166666666666667,0.20666666666666667,0.14283783783783788,0.23851351351351352
4,Australasia,2004,24,0,0.5333333333333333,0.4225,0.05950450450450451,0.45434684684684684
4,Australasia,2005,25,0,0.6791666666666667,0.015000000000000003,0.20533783783783788,0.04684684684684684
4,Australasia,2006,26,0,0.64,0.0875,0.1661711711711712,0.11934684684684684
4,Australasia,2007,27,0,0.665,-0.6183333333333333,0.19117117117117122,-0.5864864864864865
4,Australasia,2008,28,0,0.5433333333333333,-0.785,0.06950450450450452,-0.7531531531531532
4,Australasia,2009,29,0,0.6566666666666667,0.2883333333333333,0.1828378378378379,0.32018018018018013
4,Australasia,2010,30,0,0.725,-0.48749999999999993,0.25117117117117116,-0.4556531531531531
4,Australasia,2011,31,0,0.61,-0.8691666666666666,0.13617117117117117,-0.8373198198198198
4,Australasia,2012,32,0,0.6458333333333334,-0.13999999999999999,0.17200450450450455,-0.10815315315315314
4,Australasia,2013,33,0,0.6766666666666666,-0.31916666666666665,0.20283783783783782,-0.2873198198198198
4,Australasia,2014,34,0,0.7491666666666666,0.11166666666666666,0.27533783783783783,0.1435135135135135
4,Australasia,2015,35,0,0.8975,1.4616666666666667,0.42367117117117115,1.4935135135135136
4,Australasia,2016,36,1,1.0125,0.3324999999999999,0.5386711711711711,0.36434684684684676
5,Australasia,1980,0,0,0.2558333333333333,-0.0016666666666666843,-0.21799549549549552,0.030180180180180156
5,Australasia,1981,1,0,0.3225,-0.4558333333333333,-0.1513288288288288,-0.42398648648648646
5,Australasia,1982,2,0,0.13916666666666666,0.8316666666666667,-0.33466216216216216,0.8635135135135135
5,Australasia,1983,3,0,0.315,0.30666666666666664,-0.15882882882882882,0.3385135135135135
5,Australasia,1984,4,0,0.15583333333333332,-0.6641666666666667,-0.3179954954954955,-0.6323198198198199
5,Australasia,1985,5,0,0.11750000000000001,-0.755,-0.3563288288288288,-0.7231531531531532
5,Australasia,1986,6,0,0.18,0.06000000000000004,-0.2938288288288288,0.09184684684684688
5,Australasia,1987,7,0,0.32166666666666666,1.0941666666666667,-0.15216216216216216,1.1260135135135136
5,Australasia,1988,8,0,0.38916666666666666,-0.9991666666666666,-0.08466216216216216,-0.9673198198198198
5,Australasia,1989,9,0,0.2733333333333333,-0.7983333333333333,-0.2004954954954955,-0.7664864864864865
5,Australasia,1990,10,0,0.44666666666666666,0.1275,-0.027162162162162162,0.15934684684684686
5,Australasia,1991,11,0,0.4058333333333333,0.6183333333333334,-0.0679954954954955,0.6501801801801802
5,Australasia,1992,12,0,0.22333333333333333,0.6083333333333333,-0.2504954954954955,0.6401801801801801
5,Australasia,1993,13,0,0.2316666666666667,0.29916666666666664,-0.24216216216216213,0.3310135135135135
5,Australasia,1994,14,0,0.315,0.46,-0.15882882882882882,0.4918468468468469
5,Australasia,1995,15,0,0.445,-0.1975,-0.028828828828828812,-0.16565315315315315
5,Australasia,1996,16,0,0.3325,-0.5183333333333333,-0.1413288288288288,-0.48648648648648646
5,Australasia,1997,17,0,0.4658333333333333,1.1150000000000002,-0.007995495495495497,1.1468468468468471
5,Australasia,1998,18,1,0.6075,-0.11916666666666656,0.13367117117117122,-0.08731981981981972
5,Australasia,1999,19,0,0.3825,-1.2866666666666666,-0.09132882882882881,-1.2548198198198197
5,Australasia,2000,20,0,0.395,-0.9091666666666667,-0.0788288288288288,-0.8773198198198199
5,Australasia,2001,21,0,0.5325,-0.33916666666666667,0.058671171171171155,-0.3073198198198198
5,Australasia,2002,22,1,0.6275000000000001,0.6383333333333333,0.15367117117117124,0.6701801801801801
5,Australasia,2003,23,0,0.6166666666666667,0.20666666666666667,0.14283783783783788,0.23851351351351352
5,Australasia,2004,24,0,0.5333333333333333,0.4225,0.05950450450450451,0.45434684684684684
5,Australasia,2005,25,0,0.6791666666666667,0.015000000000000003,0.20533783783783788,0.04684684684684684
5,Australasia,2006,26,0,0.64,0.0875,0.1661711711711712,0.11934684684684684
5,Australasia,2007,27,0,0.665,-0.6183333333333333,0.19117117117117122,-0.5864864864864865
5,Australasia,2008,28,0,0.5433333333333333,-0.785,0.06950450450450452,-0.7531531531531532
5,Australasia,2009,29,0,0.6566666666666667,0.2883333333333333,0.1828378378378379,0.32018018018018013
5,Australasia,2010,30,0,0.725,-0.48749999999999993,0.25117117117117116,-0.4556531531531531
5,Australasia,2011,31,0,0.61,-0.8691666666666666,0.13617117117117117,-0.8373198198198198
5,Australasia,2012,32,0,0.6458333333333334,-0.13999999999999999,0.17200450450450455,-0.10815315315315314
5,Australasia,2013,33,0,0.6766666666666666,-0.31916666666666665,0.20283783783783782,-0.2873198198198198
5,Australasia,2014,34,0,0.7491666666666666,0.11166666666666666,0.27533783783783783,0.1435135135135135
5,Australasia,2015,35,0,0.8975,1.4616666666666667,0.42367117117117115,1.4935135135135136
5,Australasia,2016,36,0,1.0125,0.3324999999999999,0.5386711711711711,0.36434684684684676
6,Australasia,1980,0,0,0.2558333333333333,-0.0016666666666666843,-0.21799549549549552,0.030180180180180156
6,Australasia,1981,1,0,0.3225,-0.4558333333333333,-0.1513288288288288,-0.42398648648648646
6,Australasia,1982,2,0,0.13916666666666666,0.8316666666666667,-0.33466216216216216,0.8635135135135135
6,Australasia,1983,3,0,0.315,0.30666666666666664,-0.15882882882882882,0.3385135135135135
6,Australasia,1984,4,0,0.15583333333333332,-0.6641666666666667,-0.3179954954954955,-0.6323198198198199
6,Australasia,1985,5,0,0.11750000000000001,-0.755,-0.3563288288288288,-0.7231531531531532
6,Australasia,1986,6,0,0.18,0.06000000000000004,-0.2938288288288288,0.09184684684684688
6,Australasia,1987,7,0,0.32166666666666666,1.0941666666666667,-0.15216216216216216,1.1260135135135136
6,Australasia,1988,8,0,0.38916666666666666,-0.9991666666666666,-0.08466216216216216,-0.9673198198198198
6,Australasia,1989,9,0,0.2733333333333333,-0.7983333333333333,-0.2004954954954955,-0.7664864864864865
6,Australasia,1990,10,0,0.44666666666666666,0.1275,-0.027162162162162162,0.15934684684684686
6,Australasia,1991,11,0,0.4058333333333333,0.6183333333333334,-0.0679954954954955,0.6501801801801802
6,Australasia,1992,12,0,0.22333333333333333,0.6083333333333333,-0.2504954954954955,0.6401801801801801
6,Australasia,1993,13,0,0.2316666666666667,0.29916666666666664,-0.24216216216216213,0.3310135135135135
6,Australasia,1994,14,0,0.315,0.46,-0.15882882882882882,0.4918468468468469
6,Australasia,1995,15,0,0.445,-0.1975,-0.028828828828828812,-0.16565315315315315
6,Australasia,1996,16,0,0.3325,-0.5183333333333333,-0.1413288288288288,-0.48648648648648646
6,Australasia,1997,17,0,0.4658333333333333,1.1150000000000002,-0.007995495495495497,1.1468468468468471
6,Australasia,1998,18,0,0.6075,-0.11916666666666656,0.13367117117117122,-0.08731981981981972
6,Australasia,1999,19,0,0.3825,-1.2866666666666666,-0.09132882882882881,-1.2548198198198197
6,Australasia,2000,20,0,0.395,-0.9091666666666667,-0.0788288288288288,-0.8773198198198199
6,Australasia,2001,21,0,0.5325,-0.33916666666666667,0.058671171171171155,-0.3073198198198198
6,Australasia,2002,22,0,0.6275000000000001,0.6383333333333333,0.15367117117117124,0.6701801801801801
6,Australasia,2003,23,0,0.6166666666666667,0.20666666666666667,0.14283783783783788,0.23851351351351352
6,Australasia,2004,24,0,0.5333333333333333,0.4225,0.05950450450450451,0.45434684684684684
6,Australasia,2005,25,0,0.6791666666666667,0.015000000000000003,0.20533783783783788,0.04684684684684684
6,Australasia,2006,26,0,0.64,0.0875,0.1661711711711712,0.11934684684684684
6,Australasia,2007,27,0,0.665,-0.6183333333333333,0.19117117117117122,-0.5864864864864865
6,Australasia,2008,28,0,0.5433333333333333,-0.785,0.06950450450450452,-0.7531531531531532
6,Australasia,2009,29,0,0.6566666666666667,0.2883333333333333,0.1828378378378379,0.32018018018018013
6,Australasia,2010,30,0,0.725,-0.48749999999999993,0.25117117117117116,-0.4556531531531531
6,Australasia,2011,31,0,0.61,-0.8691666666666666,0.13617117117117117,-0.8373198198198198
6,Australasia,2012,32,0,0.6458333333333334,-0.13999999999999999,0.17200450450450455,-0.10815315315315314
6,Australasia,2013,33,0,0.6766666666666666,-0.31916666666666665,0.20283783783783782,-0.2873198198198198
6,Australasia,2014,34,0,0.7491666666666666,0.11166666666666666,0.27533783783783783,0.1435135135135135
6,Australasia,2015,35,0,0.8975,1.4616666666666667,0.42367117117117115,1.4935135135135136
6,Australasia,2016,36,1,1.0125,0.3324999999999999,0.5386711711711711,0.36434684684684676
7,Australasia,1980,0,0,0.2558333333333333,-0.0016666666666666843,-0.21799549549549552,0.030180180180180156
7,Australasia,1981,1,0,0.3225,-0.4558333333333333,-0.1513288288288288,-0.42398648648648646
7,Australasia,1982,2,0,0.13916666666666666,0.8316666666666667,-0.33466216216216216,0.8635135135135135
7,Australasia,1983,3,0,0.315,0.30666666666666664,-0.15882882882882882,0.3385135135135135
7,Australasia,1984,4,0,0.15583333333333332,-0.6641666666666667,-0.3179954954954955,-0.6323198198198199
7,Australasia,1985,5,0,0.11750000000000001,-0.755,-0.3563288288288288,-0.7231531531531532
7,Australasia,1986,6,0,0.18,0.06000000000000004,-0.2938288288288288,0.09184684684684688
7,Australasia,1987,7,0,0.32166666666666666,1.0941666666666667,-0.15216216216216216,1.1260135135135136
7,Australasia,1988,8,0,0.38916666666666666,-0.9991666666666666,-0.08466216216216216,-0.9673198198198198
7,Australasia,1989,9,0,0.2733333333333333,-0.7983333333333333,-0.2004954954954955,-0.7664864864864865
7,Australasia,1990,10,0,0.44666666666666666,0.1275,-0.027162162162162162,0.15934684684684686
7,Australasia,1991,11,0,0.4058333333333333,0.6183333333333334,-0.0679954954954955,0.6501801801801802
7,Australasia,1992,12,0,0.22333333333333333,0.6083333333333333,-0.2504954954954955,0.6401801801801801
7,Australasia,1993,13,0,0.2316666666666667,0.29916666666666664,-0.24216216216216213,0.3310135135135135
7,Australasia,1994,14,0,0.315,0.46,-0.15882882882882882,0.4918468468468469
7,Australasia,1995,15,0,0.445,-0.1975,-0.028828828828828812,-0.16565315315315315
7,Australasia,1996,16,0,0.3325,-0.5183333333333333,-0.1413288288288288,-0.48648648648648646
7,Australasia,1997,17,0,0.4658333333333333,1.1150000000000002,-0.007995495495495497,1.1468468468468471
7,Australasia,1998,18,0,0.6075,-0.11916666666666656,0.13367117117117122,-0.08731981981981972
7,Australasia,1999,19,0,0.3825,-1.2866666666666666,-0.09132882882882881,-1.2548198198198197
7,Australasia,2000,20,0,0.395,-0.9091666666666667,-0.0788288288288288,-0.8773198198198199
7,Australasia,2001,21,0,0.5325,-0.33916666666666667,0.058671171171171155,-0.3073198198198198
7,Australasia,2002,22,0,0.6275000000000001,0.6383333333333333,0.15367117117117124,0.6701801801801801
7,Australasia,2003,23,0,0.6166666666666667,0.20666666666666667,0.14283783783783788,0.23851351351351352
7,Australasia,2004,24,0,0.5333333333333333,0.4225,0.05950450450450451,0.45434684684684684
7,Australasia,2005,25,0,0.6791666666666667,0.015000000000000003,0.20533783783783788,0.04684684684684684
7,Australasia,2006,26,0,0.64,0.0875,0.1661711711711712,0.11934684684684684
7,Australasia,2007,27,0,0.665,-0.6183333333333333,0.19117117117117122,-0.5864864864864865
7,Australasia,2008,28,0,0.5433333333333333,-0.785,0.06950450450450452,-0.7531531531531532
7,Australasia,2009,29,0,0.6566666666666667,0.2883333333333333,0.1828378378378379,0.32018018018018013
7,Australasia,2010,30,1,0.725,-0.48749999999999993,0.25117117117117116,-0.4556531531531531
7,Australasia,2011,31,0,0.61,-0.8691666666666666,0.13617117117117117,-0.8373198198198198
7,Australasia,2012,32,0,0.6458333333333334,-0.13999999999999999,0.17200450450450455,-0.10815315315315314
7,Australasia,2013,33,0,0.6766666666666666,-0.31916666666666665,0.20283783783783782,-0.2873198198198198
7,Australasia,2014,34,0,0.7491666666666666,0.11166666666666666,0.27533783783783783,0.1435135135135135
7,Australasia,2015,35,0,0.8975,1.4616666666666667,0.42367117117117115,1.4935135135135136
7,Australasia,2016,36,0,1.0125,0.3324999999999999,0.5386711711711711,0.36434684684684676
8,Australasia,1980,0,0,0.2558333333333333,-0.0016666666666666843,-0.21799549549549552,0.030180180180180156
8,Australasia,1981,1,0,0.3225,-0.4558333333333333,-0.1513288288288288,-0.42398648648648646
8,Australasia,1982,2,0,0.13916666666666666,0.8316666666666667,-0.33466216216216216,0.8635135135135135
8,Australasia,1983,3,0,0.315,0.30666666666666664,-0.15882882882882882,0.3385135135135135
8,Australasia,1984,4,0,0.15583333333333332,-0.6641666666666667,-0.3179954954954955,-0.6323198198198199
8,Australasia,1985,5,0,0.11750000000000001,-0.755,-0.3563288288288288,-0.7231531531531532
8,Australasia,1986,6,0,0.18,0.06000000000000004,-0.2938288288288288,0.09184684684684688
8,Australasia,1987,7,0,0.32166666666666666,1.0941666666666667,-0.15216216216216216,1.1260135135135136
8,Australasia,1988,8,0,0.38916666666666666,-0.9991666666666666,-0.08466216216216216,-0.9673198198198198
8,Australasia,1989,9,0,0.2733333333333333,-0.7983333333333333,-0.2004954954954955,-0.7664864864864865
8,Australasia,1990,10,0,0.44666666666666666,0.1275,-0.027162162162162162,0.15934684684684686
8,Australasia,1991,11,0,0.4058333333333333,0.6183333333333334,-0.0679954954954955,0.6501801801801802
8,Australasia,1992,12,0,0.22333333333333333,0.6083333333333333,-0.2504954954954955,0.6401801801801801
8,Australasia,1993,13,0,0.2316666666666667,0.29916666666666664,-0.24216216216216213,0.3310135135135135
8,Australasia,1994,14,0,0.315,0.46,-0.15882882882882882,0.4918468468468469
8,Australasia,1995,15,0,0.445,-0.1975,-0.028828828828828812,-0.16565315315315315
8,Australasia,1996,16,0,0.3325,-0.5183333333333333,-0.1413288288288288,-0.48648648648648646
8,Australasia,1997,17,0,0.4658333333333333,1.1150000000000002,-0.007995495495495497,1.1468468468468471
8,Australasia,1998,18,0,0.6075,-0.11916666666666656,0.13367117117117122,-0.08731981981981972
8,Australasia,1999,19,0,0.3825,-1.2866666666666666,-0.09132882882882881,-1.2548198198198197
8,Australasia,2000,20,0,0.395,-0.9091666666666667,-0.0788288288288288,-0.8773198198198199
8,Australasia,2001,21,0,0.5325,-0.33916666666666667,0.058671171171171155,-0.3073198198198198
8,Australasia,2002,22,0,0.6275000000000001,0.6383333333333333,0.15367117117117124,0.6701801801801801
8,Australasia,2003,23,0,0.6166666666666667,0.20666666666666667,0.14283783783783788,0.23851351351351352
8,Australasia,2004,24,0,0.5333333333333333,0.4225,0.05950450450450451,0.45434684684684684
8,Australasia,2005,25,0,0.6791666666666667,0.015000000000000003,0.20533783783783788,0.04684684684684684
8,Australasia,2006,26,0,0.64,0.0875,0.1661711711711712,0.11934684684684684
8,Australasia,2007,27,0,0.665,-0.6183333333333333,0.19117117117117122,-0.5864864864864865
8,Australasia,2008,28,0,0.5433333333333333,-0.785,0.06950450450450452,-0.7531531531531532
8,Australasia,2009,29,0,0.6566666666666667,0.2883333333333333,0.1828378378378379,0.32018018018018013
8,Australasia,2010,30,0,0.725,-0.48749999999999993,0.25117117117117116,-0.4556531531531531
8,Australasia,2011,31,0,0.61,-0.8691666666666666,0.13617117117117117,-0.8373198198198198
8,Australasia,2012,32,0,0.6458333333333334,-0.13999999999999999,0.17200450450450455,-0.10815315315315314
8,Australasia,2013,33,0,0.6766666666666666,-0.31916666666666665,0.20283783783783782,-0.2873198198198198
8,Australasia,2014,34,0,0.7491666666666666,0.11166666666666666,0.27533783783783783,0.1435135135135135
8,Australasia,2015,35,0,0.8975,1.4616666666666667,0.42367117117117115,1.4935135135135136
8,Australasia,2016,36,0,1.0125,0.3324999999999999,0.5386711711711711,0.36434684684684676
9,Australasia,1980,0,0,0.2558333333333333,-0.0016666666666666843,-0.21799549549549552,0.030180180180180156
9,Australasia,1981,1,0,0.3225,-0.4558333333333333,-0.1513288288288288,-0.42398648648648646
9,Australasia,1982,2,0,0.13916666666666666,0.8316666666666667,-0.33466216216216216,0.8635135135135135
9,Australasia,1983,3,0,0.315,0.30666666666666664,-0.15882882882882882,0.3385135135135135
9,Australasia,1984,4,0,0.15583333333333332,-0.6641666666666667,-0.3179954954954955,-0.6323198198198199
9,Australasia,1985,5,0,0.11750000000000001,-0.755,-0.3563288288288288,-0.7231531531531532
9,Australasia,1986,6,0,0.18,0.06000000000000004,-0.2938288288288288,0.09184684684684688
9,Australasia,1987,7,0,0.32166666666666666,1.0941666666666667,-0.15216216216216216,1.1260135135135136
9,Australasia,1988,8,0,0.38916666666666666,-0.9991666666666666,-0.08466216216216216,-0.9673198198198198
9,Australasia,1989,9,0,0.2733333333333333,-0.7983333333333333,-0.2004954954954955,-0.7664864864864865
9,Australasia,1990,10,0,0.44666666666666666,0.1275,-0.027162162162162162,0.15934684684684686
9,Australasia,1991,11,0,0.4058333333333333,0.6183333333333334,-0.0679954954954955,0.6501801801801802
9,Australasia,1992,12,0,0.22333333333333333,0.6083333333333333,-0.2504954954954955,0.6401801801801801
9,Australasia,1993,13,0,0.2316666666666667,0.29916666666666664,-0.24216216216216213,0.3310135135135135
9,Australasia,1994,14,0,0.315,0.46,-0.15882882882882882,0.4918468468468469
9,Australasia,1995,15,0,0.445,-0.1975,-0.028828828828828812,-0.16565315315315315
9,Australasia,1996,16,0,0.3325,-0.5183333333333333,-0.1413288288288288,-0.48648648648648646
9,Australasia,1997,17,0,0.4658333333333333,1.1150000000000002,-0.007995495495495497,1.1468468468468471
9,Australasia,1998,18,0,0.6075,-0.11916666666666656,0.13367117117117122,-0.08731981981981972
9,Australasia,1999,19,0,0.3825,-1.2866666666666666,-0.09132882882882881,-1.2548198198198197
9,Australasia,2000,20,0,0.395,-0.9091666666666667,-0.0788288288288288,-0.8773198198198199
9,Australasia,2001,21,0,0.5325,-0.33916666666666667,0.058671171171171155,-0.3073198198198198
9,Australasia,2002,22,0,0.6275000000000001,0.6383333333333333,0.15367117117117124,0.6701801801801801
9,Australasia,2003,23,0,0.6166666666666667,0.20666666666666667,0.14283783783783788,0.23851351351351352
9,Australasia,2004,24,0,0.5333333333333333,0.4225,0.05950450450450451,0.45434684684684684
9,Australasia,2005,25,0,0.6791666666666667,0.015000000000000003,0.20533783783783788,0.04684684684684684
9,Australasia,2006,26,0,0.64,0.0875,0.1661711711711712,0.11934684684684684
9,Australasia,2007,27,0,0.665,-0.6183333333333333,0.19117117117117122,-0.5864864864864865
9,Australasia,2008,28,0,0.5433333333333333,-0.785,0.06950450450450452,-0.7531531531531532
9,Australasia,2009,29,0,0.6566666666666667,0.2883333333333333,0.1828378378378379,0.32018018018018013
9,Australasia,2010,30,0,0.725,-0.48749999999999993,0.25117117117117116,-0.4556531531531531
9,Australasia,2011,31,1,0.61,-0.8691666666666666,0.13617117117117117,-0.8373198198198198
9,Australasia,2012,32,0,0.6458333333333334,-0.13999999999999999,0.17200450450450455,-0.10815315315315314
9,Australasia,2013,33,0,0.6766666666666666,-0.31916666666666665,0.20283783783783782,-0.2873198198198198
9,Australasia,2014,34,0,0.7491666666666666,0.11166666666666666,0.27533783783783783,0.1435135135135135
9,Australasia,2015,35,0,0.8975,1.4616666666666667,0.42367117117117115,1.4935135135135136
9,Australasia,2016,36,0,1.0125,0.3324999999999999,0.5386711711711711,0.36434684684684676
10,Australasia,1980,0,0,0.2558333333333333,-0.0016666666666666843,-0.21799549549549552,0.030180180180180156
10,Australasia,1981,1,0,0.3225,-0.4558333333333333,-0.1513288288288288,-0.42398648648648646
10,Australasia,1982,2,0,0.13916666666666666,0.8316666666666667,-0.33466216216216216,0.8635135135135135
10,Australasia,1983,3,0,0.315,0.30666666666666664,-0.15882882882882882,0.3385135135135135
10,Australasia,1984,4,0,0.15583333333333332,-0.6641666666666667,-0.3179954954954955,-0.6323198198198199
10,Australasia,1985,5,0,0.11750000000000001,-0.755,-0.3563288288288288,-0.7231531531531532
10,Australasia,1986,6,0,0.18,0.06000000000000004,-0.2938288288288288,0.09184684684684688
10,Australasia,1987,7,0,0.32166666666666666,1.0941666666666667,-0.15216216216216216,1.1260135135135136
10,Australasia,1988,8,0,0.38916666666666666,-0.9991666666666666,-0.08466216216216216,-0.9673198198198198
10,Australasia,1989,9,0,0.2733333333333333,-0.7983333333333333,-0.2004954954954955,-0.7664864864864865
10,Australasia,1990,10,0,0.44666666666666666,0.1275,-0.027162162162162162,0.15934684684684686
10,Australasia,1991,11,0,0.4058333333333333,0.6183333333333334,-0.0679954954954955,0.6501801801801802
10,Australasia,1992,12,0,0.22333333333333333,0.6083333333333333,-0.2504954954954955,0.6401801801801801
10,Australasia,1993,13,0,0.2316666666666667,0.29916666666666664,-0.24216216216216213,0.3310135135135135
10,Australasia,1994,14,0,0.315,0.46,-0.15882882882882882,0.4918468468468469
10,Australasia,1995,15,0,0.445,-0.1975,-0.028828828828828812,-0.16565315315315315
10,Australasia,1996,16,0,0.3325,-0.5183333333333333,-0.1413288288288288,-0.48648648648648646
10,Australasia,1997,17,0,0.4658333333333333,1.1150000000000002,-0.007995495495495497,1.1468468468468471
10,Australasia,1998,18,0,0.6075,-0.11916666666666656,0.13367117117117122,-0.08731981981981972
10,Australasia,1999,19,0,0.3825,-1.2866666666666666,-0.09132882882882881,-1.2548198198198197
10,Australasia,2000,20,0,0.395,-0.9091666666666667,-0.0788288288288288,-0.8773198198198199
10,Australasia,2001,21,0,0.5325,-0.33916666666666667,0.058671171171171155,-0.3073198198198198
10,Australasia,2002,22,0,0.6275000000000001,0.6383333333333333,0.15367117117117124,0.6701801801801801
10,Australasia,2003,23,0,0.6166666666666667,0.20666666666666667,0.14283783783783788,0.23851351351351352
10,Australasia,2004,24,0,0.5333333333333333,0.4225,0.05950450450450451,0.45434684684684684
10,Australasia,2005,25,0,0.6791666666666667,0.015000000000000003,0.20533783783783788,0.04684684684684684
10,Australasia,2006,26,0,0.64,0.0875,0.1661711711711712,0.11934684684684684
10,Australasia,2007,27,0,0.665,-0.6183333333333333,0.19117117117117122,-0.5864864864864865
10,Australasia,2008,28,0,0.5433333333333333,-0.785,0.06950450450450452,-0.7531531531531532
10,Australasia,2009,29,0,0.6566666666666667,0.2883333333333333,0.1828378378378379,0.32018018018018013
10,Australasia,2010,30,0,0.725,-0.48749999999999993,0.25117117117117116,-0.4556531531531531
10,Australasia,2011,31,1,0.61,-0.8691666666666666,0.13617117117117117,-0.8373198198198198
10,Australasia,2012,32,0,0.6458333333333334,-0.13999999999999999,0.17200450450450455,-0.10815315315315314
10,Australasia,2013,33,1,0.6766666666666666,-0.31916666666666665,0.20283783783783782,-0.2873198198198198
10,Australasia,2014,34,0,0.7491666666666666,0.11166666666666666,0.27533783783783783,0.1435135135135135
10,Australasia,2015,35,0,0.8975,1.4616666666666667,0.42367117117117115,1.4935135135135136
10,Australasia,2016,36,0,1.0125,0.3324999999999999,0.5386711711711711,0.36434684684684676
11,Australasia,1980,0,0,0.2558333333333333,-0.0016666666666666843,-0.21799549549549552,0.030180180180180156
11,Australasia,1981,1,0,0.3225,-0.4558333333333333,-0.1513288288288288,-0.42398648648648646
11,Australasia,1982,2,0,0.13916666666666666,0.8316666666666667,-0.33466216216216216,0.8635135135135135
11,Australasia,1983,3,0,0.315,0.30666666666666664,-0.15882882882882882,0.3385135135135135
11,Australasia,1984,4,0,0.15583333333333332,-0.6641666666666667,-0.3179954954954955,-0.6323198198198199
11,Australasia,1985,5,0,0.11750000000000001,-0.755,-0.3563288288288288,-0.7231531531531532
11,Australasia,1986,6,0,0.18,0.06000000000000004,-0.2938288288288288,0.09184684684684688
11,Australasia,1987,7,0,0.32166666666666666,1.0941666666666667,-0.15216216216216216,1.1260135135135136
11,Australasia,1988,8,0,0.38916666666666666,-0.9991666666666666,-0.08466216216216216,-0.9673198198198198
11,Australasia,1989,9,0,0.2733333333333333,-0.7983333333333333,-0.2004954954954955,-0.7664864864864865
11,Australasia,1990,10,0,0.44666666666666666,0.1275,-0.027162162162162162,0.15934684684684686
11,Australasia,1991,11,0,0.4058333333333333,0.6183333333333334,-0.0679954954954955,0.6501801801801802
11,Australasia,1992,12,0,0.22333333333333333,0.6083333333333333,-0.2504954954954955,0.6401801801801801
11,Australasia,1993,13,0,0.2316666666666667,0.29916666666666664,-0.24216216216216213,0.3310135135135135
11,Australasia,1994,14,0,0.315,0.46,-0.15882882882882882,0.4918468468468469
11,Australasia,1995,15,0,0.445,-0.1975,-0.028828828828828812,-0.16565315315315315
11,Australasia,1996,16,0,0.3325,-0.5183333333333333,-0.1413288288288288,-0.48648648648648646
11,Australasia,1997,17,0,0.4658333333333333,1.1150000000000002,-0.007995495495495497,1.1468468468468471
11,Australasia,1998,18,1,0.6075,-0.11916666666666656,0.13367117117117122,-0.08731981981981972
11,Australasia,1999,19,0,0.3825,-1.2866666666666666,-0.09132882882882881,-1.2548198198198197
11,Australasia,2000,20,0,0.395,-0.9091666666666667,-0.0788288288288288,-0.8773198198198199
11,Australasia,2001,21,0,0.5325,-0.33916666666666667,0.058671171171171155,-0.3073198198198198
11,Australasia,2002,22,0,0.6275000000000001,0.6383333333333333,0.15367117117117124,0.6701801801801801
11,Australasia,2003,23,0,0.6166666666666667,0.20666666666666667,0.14283783783783788,0.23851351351351352
11,Australasia,2004,24,0,0.5333333333333333,0.4225,0.05950450450450451,0.45434684684684684
11,Australasia,2005,25,0,0.6791666666666667,0.015000000000000003,0.20533783783783788,0.04684684684684684
11,Australasia,2006,26,0,0.64,0.0875,0.1661711711711712,0.11934684684684684
11,Australasia,2007,27,0,0.665,-0.6183333333333333,0.19117117117117122,-0.5864864864864865
11,Australasia,2008,28,0,0.5433333333333333,-0.785,0.06950450450450452,-0.7531531531531532
11,Australasia,2009,29,0,0.6566666666666667,0.2883333333333333,0.1828378378378379,0.32018018018018013
11,Australasia,2010,30,0,0.725,-0.48749999999999993,0.25117117117117116,-0.4556531531531531
11,Australasia,2011,31,0,0.61,-0.8691666666666666,0.13617117117117117,-0.8373198198198198
11,Australasia,2012,32,0,0.6458333333333334,-0.13999999999999999,0.17200450450450455,-0.10815315315315314
11,Australasia,2013,33,0,0.6766666666666666,-0.31916666666666665,0.20283783783783782,-0.2873198198198198
11,Australasia,2014,34,0,0.7491666666666666,0.11166666666666666,0.27533783783783783,0.1435135135135135
11,Australasia,2015,35,0,0.8975,1.4616666666666667,0.42367117117117115,1.4935135135135136
11,Australasia,2016,36,1,1.0125,0.3324999999999999,0.5386711711711711,0.36434684684684676
12,Australasia,1980,0,0,0.2558333333333333,-0.0016666666666666843,-0.21799549549549552,0.030180180180180156
12,Australasia,1981,1,0,0.3225,-0.4558333333333333,-0.1513288288288288,-0.42398648648648646
12,Australasia,1982,2,0,0.13916666666666666,0.8316666666666667,-0.33466216216216216,0.8635135135135135
12,Australasia,1983,3,0,0.315,0.30666666666666664,-0.15882882882882882,0.3385135135135135
12,Australasia,1984,4,0,0.15583333333333332,-0.6641666666666667,-0.3179954954954955,-0.6323198198198199
12,Australasia,1985,5,0,0.11750000000000001,-0.755,-0.3563288288288288,-0.7231531531531532
12,Australasia,1986,6,0,0.18,0.06000000000000004,-0.2938288288288288,0.09184684684684688
12,Australasia,1987,7,0,0.32166666666666666,1.0941666666666667,-0.15216216216216216,1.1260135135135136
12,Australasia,1988,8,0,0.38916666666666666,-0.9991666666666666,-0.08466216216216216,-0.9673198198198198
12,Australasia,1989,9,0,0.2733333333333333,-0.7983333333333333,-0.2004954954954955,-0.7664864864864865
12,Australasia,1990,10,0,0.44666666666666666,0.1275,-0.027162162162162162,0.15934684684684686
12,Australasia,1991,11,0,0.4058333333333333,0.6183333333333334,-0.0679954954954955,0.6501801801801802
12,Australasia,1992,12,0,0.22333333333333333,0.6083333333333333,-0.2504954954954955,0.6401801801801801
12,Australasia,1993,13,0,0.2316666666666667,0.29916666666666664,-0.24216216216216213,0.3310135135135135
12,Australasia,1994,14,0,0.315,0.46,-0.15882882882882882,0.4918468468468469
12,Australasia,1995,15,0,0.445,-0.1975,-0.028828828828828812,-0.16565315315315315
12,Australasia,1996,16,0,0.3325,-0.5183333333333333,-0.1413288288288288,-0.48648648648648646
12,Australasia,1997,17,0,0.4658333333333333,1.1150000000000002,-0.007995495495495497,1.1468468468468471
12,Australasia,1998,18,0,0.6075,-0.11916666666666656,0.13367117117117122,-0.08731981981981972
12,Australasia,1999,19,0,0.3825,-1.2866666666666666,-0.09132882882882881,-1.2548198198198197
12,Australasia,2000,20,0,0.395,-0.9091666666666667,-0.0788288288288288,-0.8773198198198199
12,Australasia,2001,21,0,0.5325,-0.33916666666666667,0.058671171171171155,-0.3073198198198198
12,Australasia,2002,22,0,0.6275000000000001,0.6383333333333333,0.15367117117117124,0.6701801801801801
12,Australasia,2003,23,0,0.6166666666666667,0.20666666666666667,0.14283783783783788,0.23851351351351352
12,Australasia,2004,24,0,0.5333333333333333,0.4225,0.05950450450450451,0.45434684684684684
12,Australasia,2005,25,0,0.6791666666666667,0.015000000000000003,0.20533783783783788,0.04684684684684684
12,Australasia,2006,26,0,0.64,0.0875,0.1661711711711712,0.11934684684684684
12,Australasia,2007,27,0,0.665,-0.6183333333333333,0.19117117117117122,-0.5864864864864865
12,Australasia,2008,28,0,0.5433333333333333,-0.785,0.06950450450450452,-0.7531531531531532
12,Australasia,2009,29,0,0.6566666666666667,0.2883333333333333,0.1828378378378379,0.32018018018018013
12,Australasia,2010,30,0,0.725,-0.48749999999999993,0.25117117117117116,-0.4556531531531531
12,Australasia,2011,31,0,0.61,-0.8691666666666666,0.13617117117117117,-0.8373198198198198
12,Australasia,2012,32,0,0.6458333333333334,-0.13999999999999999,0.17200450450450455,-0.10815315315315314
12,Australasia,2013,33,0,0.6766666666666666,-0.31916666666666665,0.20283783783783782,-0.2873198198198198
12,Australasia,2014,34,0,0.7491666666666666,0.11166666666666666,0.27533783783783783,0.1435135135135135
12,Australasia,2015,35,0,0.8975,1.4616666666666667,0.42367117117117115,1.4935135135135136
12,Australasia,2016,36,1,1.0125,0.3324999999999999,0.5386711711711711,0.36434684684684676
13,Australasia,1980,0,0,0.2558333333333333,-0.0016666666666666843,-0.21799549549549552,0.030180180180180156
13,Australasia,1981,1,0,0.3225,-0.4558333333333333,-0.1513288288288288,-0.42398648648648646
13,Australasia,1982,2,0,0.13916666666666666,0.8316666666666667,-0.33466216216216216,0.8635135135135135
13,Australasia,1983,3,0,0.315,0.30666666666666664,-0.15882882882882882,0.3385135135135135
13,Australasia,1984,4,0,0.15583333333333332,-0.6641666666666667,-0.3179954954954955,-0.6323198198198199
13,Australasia,1985,5,0,0.11750000000000001,-0.755,-0.3563288288288288,-0.7231531531531532
13,Australasia,1986,6,0,0.18,0.06000000000000004,-0.2938288288288288,0.09184684684684688
13,Australasia,1987,7,0,0.32166666666666666,1.0941666666666667,-0.15216216216216216,1.1260135135135136
13,Australasia,1988,8,0,0.38916666666666666,-0.9991666666666666,-0.08466216216216216,-0.9673198198198198
13,Australasia,1989,9,0,0.2733333333333333,-0.7983333333333333,-0.2004954954954955,-0.7664864864864865
13,Australasia,1990,10,0,0.44666666666666666,0.1275,-0.027162162162162162,0.15934684684684686
13,Australasia,1991,11,0,0.4058333333333333,0.6183333333333334,-0.0679954954954955,0.6501801801801802
13,Australasia,1992,12,0,0.22333333333333333,0.6083333333333333,-0.2504954954954955,0.6401801801801801
13,Australasia,1993,13,0,0.2316666666666667,0.29916666666666664,-0.24216216216216213,0.3310135135135135
13,Australasia,1994,14,0,0.315,0.46,-0.15882882882882882,0.4918468468468469
13,Australasia,1995,15,0,0.445,-0.1975,-0.028828828828828812,-0.16565315315315315
13,Australasia,1996,16,0,0.3325,-0.5183333333333333,-0.1413288288288288,-0.48648648648648646
13,Australasia,1997,17,0,0.4658333333333333,1.1150000000000002,-0.007995495495495497,1.1468468468468471
13,Australasia,1998,18,0,0.6075,-0.11916666666666656,0.13367117117117122,-0.08731981981981972
13,Australasia,1999,19,0,0.3825,-1.2866666666666666,-0.09132882882882881,-1.2548198198198197
13,Australasia,2000,20,0,0.395,-0.9091666666666667,-0.0788288288288288,-0.8773198198198199
13,Australasia,2001,21,0,0.5325,-0.33916666666666667,0.058671171171171155,-0.3073198198198198
13,Australasia,2002,22,0,0.6275000000000001,0.6383333333333333,0.15367117117117124,0.6701801801801801
13,Australasia,2003,23,0,0.6166666666666667,0.20666666666666667,0.14283783783783788,0.23851351351351352
13,Australasia,2004,24,0,0.5333333333333333,0.4225,0.05950450450450451,0.45434684684684684
13,Australasia,2005,25,0,0.6791666666666667,0.015000000000000003,0.20533783783783788,0.04684684684684684
13,Australasia,2006,26,0,0.64,0.0875,0.1661711711711712,0.11934684684684684
13,Australasia,2007,27,0,0.665,-0.6183333333333333,0.19117117117117122,-0.5864864864864865
13,Australasia,2008,28,0,0.5433333333333333,-0.785,0.06950450450450452,-0.7531531531531532
13,Australasia,2009,29,0,0.6566666666666667,0.2883333333333333,0.1828378378378379,0.32018018018018013
13,Australasia,2010,30,0,0.725,-0.48749999999999993,0.25117117117117116,-0.4556531531531531
13,Australasia,2011,31,1,0.61,-0.8691666666666666,0.13617117117117117,-0.8373198198198198
13,Australasia,2012,32,0,0.6458333333333334,-0.13999999999999999,0.17200450450450455,-0.10815315315315314
13,Australasia,2013,33,0,0.6766666666666666,-0.31916666666666665,0.20283783783783782,-0.2873198198198198
13,Australasia,2014,34,0,0.7491666666666666,0.11166666666666666,0.27533783783783783,0.1435135135135135
13,Australasia,2015,35,0,0.8975,1.4616666666666667,0.42367117117117115,1.4935135135135136
13,Australasia,2016,36,0,1.0125,0.3324999999999999,0.5386711711711711,0.36434684684684676
14,Australasia,1980,0,0,0.2558333333333333,-0.0016666666666666843,-0.21799549549549552,0.030180180180180156
14,Australasia,1981,1,0,0.3225,-0.4558333333333333,-0.1513288288288288,-0.42398648648648646
14,Australasia,1982,2,0,0.13916666666666666,0.8316666666666667,-0.33466216216216216,0.8635135135135135
14,Australasia,1983,3,0,0.315,0.30666666666666664,-0.15882882882882882,0.3385135135135135
14,Australasia,1984,4,0,0.15583333333333332,-0.6641666666666667,-0.3179954954954955,-0.6323198198198199
14,Australasia,1985,5,0,0.11750000000000001,-0.755,-0.3563288288288288,-0.7231531531531532
14,Australasia,1986,6,0,0.18,0.06000000000000004,-0.2938288288288288,0.09184684684684688
14,Australasia,1987,7,0,0.32166666666666666,1.0941666666666667,-0.15216216216216216,1.1260135135135136
14,Australasia,1988,8,0,0.38916666666666666,-0.9991666666666666,-0.08466216216216216,-0.9673198198198198
14,Australasia,1989,9,0,0.2733333333333333,-0.7983333333333333,-0.2004954954954955,-0.7664864864864865
14,Australasia,1990,10,0,0.44666666666666666,0.1275,-0.027162162162162162,0.15934684684684686
14,Australasia,1991,11,0,0.4058333333333333,0.6183333333333334,-0.0679954954954955,0.6501801801801802
14,Australasia,1992,12,0,0.22333333333333333,0.6083333333333333,-0.2504954954954955,0.6401801801801801
14,Australasia,1993,13,0,0.2316666666666667,0.29916666666666664,-0.24216216216216213,0.3310135135135135
14,Australasia,1994,14,0,0.315,0.46,-0.15882882882882882,0.4918468468468469
14,Australasia,1995,15,0,0.445,-0.1975,-0.028828828828828812,-0.16565315315315315
14,Australasia,1996,16,0,0.3325,-0.5183333333333333,-0.1413288288288288,-0.48648648648648646
14,Australasia,1997,17,0,0.4658333333333333,1.1150000000000002,-0.007995495495495497,1.1468468468468471
14,Australasia,1998,18,0,0.6075,-0.11916666666666656,0.13367117117117122,-0.08731981981981972
14,Australasia,1999,19,0,0.3825,-1.2866666666666666,-0.09132882882882881,-1.2548198198198197
14,Australasia,2000,20,0,0.395,-0.9091666666666667,-0.0788288288288288,-0.8773198198198199
14,Australasia,2001,21,0,0.5325,-0.33916666666666667,0.058671171171171155,-0.3073198198198198
14,Australasia,2002,22,0,0.6275000000000001,0.6383333333333333,0.15367117117117124,0.6701801801801801
14,Australasia,2003,23,0,0.6166666666666667,0.20666666666666667,0.14283783783783788,0.23851351351351352
14,Australasia,2004,24,0,0.5333333333333333,0.4225,0.05950450450450451,0.45434684684684684
14,Australasia,2005,25,0,0.6791666666666667,0.015000000000000003,0.20533783783783788,0.04684684684684684
14,Australasia,2006,26,0,0.64,0.0875,0.1661711711711712,0.11934684684684684
14,Australasia,2007,27,0,0.665,-0.6183333333333333,0.19117117117117122,-0.5864864864864865
14,Australasia,2008,28,0,0.5433333333333333,-0.785,0.06950450450450452,-0.7531531531531532
14,Australasia,2009,29,0,0.6566666666666667,0.2883333333333333,0.1828378378378379,0.32018018018018013
14,Australasia,2010,30,1,0.725,-0.48749999999999993,0.25117117117117116,-0.4556531531531531
14,Australasia,2011,31,0,0.61,-0.8691666666666666,0.13617117117117117,-0.8373198198198198
14,Australasia,2012,32,0,0.6458333333333334,-0.13999999999999999,0.17200450450450455,-0.10815315315315314
14,Australasia,2013,33,0,0.6766666666666666,-0.31916666666666665,0.20283783783783782,-0.2873198198198198
14,Australasia,2014,34,0,0.7491666666666666,0.11166666666666666,0.27533783783783783,0.1435135135135135
14,Australasia,2015,35,0,0.8975,1.4616666666666667,0.42367117117117115,1.4935135135135136
14,Australasia,2016,36,1,1.0125,0.3324999999999999,0.5386711711711711,0.36434684684684676
15,Australasia,1980,0,0,0.2558333333333333,-0.0016666666666666843,-0.21799549549549552,0.030180180180180156
15,Australasia,1981,1,0,0.3225,-0.4558333333333333,-0.1513288288288288,-0.42398648648648646
15,Australasia,1982,2,0,0.13916666666666666,0.8316666666666667,-0.33466216216216216,0.8635135135135135
15,Australasia,1983,3,0,0.315,0.30666666666666664,-0.15882882882882882,0.3385135135135135
15,Australasia,1984,4,0,0.15583333333333332,-0.6641666666666667,-0.3179954954954955,-0.6323198198198199
15,Australasia,1985,5,0,0.11750000000000001,-0.755,-0.3563288288288288,-0.7231531531531532
15,Australasia,1986,6,0,0.18,0.06000000000000004,-0.2938288288288288,0.09184684684684688
15,Australasia,1987,7,0,0.32166666666666666,1.0941666666666667,-0.15216216216216216,1.1260135135135136
15,Australasia,1988,8,0,0.38916666666666666,-0.9991666666666666,-0.08466216216216216,-0.9673198198198198
15,Australasia,1989,9,0,0.2733333333333333,-0.7983333333333333,-0.2004954954954955,-0.7664864864864865
15,Australasia,1990,10,0,0.44666666666666666,0.1275,-0.027162162162162162,0.15934684684684686
15,Australasia,1991,11,0,0.4058333333333333,0.6183333333333334,-0.0679954954954955,0.6501801801801802
15,Australasia,1992,12,0,0.22333333333333333,0.6083333333333333,-0.2504954954954955,0.6401801801801801
15,Australasia,1993,13,0,0.2316666666666667,0.29916666666666664,-0.24216216216216213,0.3310135135135135
15,Australasia,1994,14,0,0.315,0.46,-0.15882882882882882,0.4918468468468469
15,Australasia,1995,15,0,0.445,-0.1975,-0.028828828828828812,-0.16565315315315315
15,Australasia,1996,16,0,0.3325,-0.5183333333333333,-0.1413288288288288,-0.48648648648648646
15,Australasia,1997,17,0,0.4658333333333333,1.1150000000000002,-0.007995495495495497,1.1468468468468471
15,Australasia,1998,18,0,0.6075,-0.11916666666666656,0.13367117117117122,-0.08731981981981972
15,Australasia,1999,19,0,0.3825,-1.2866666666666666,-0.09132882882882881,-1.2548198198198197
15,Australasia,2000,20,0,0.395,-0.9091666666666667,-0.0788288288288288,-0.8773198198198199
15,Australasia,2001,21,0,0.5325,-0.33916666666666667,0.058671171171171155,-0.3073198198198198
15,Australasia,2002,22,0,0.6275000000000001,0.6383333333333333,0.15367117117117124,0.6701801801801801
15,Australasia,2003,23,0,0.6166666666666667,0.20666666666666667,0.14283783783783788,0.23851351351351352
15,Australasia,2004,24,0,0.5333333333333333,0.4225,0.05950450450450451,0.45434684684684684
15,Australasia,2005,25,0,0.6791666666666667,0.015000000000000003,0.20533783783783788,0.04684684684684684
15,Australasia,2006,26,0,0.64,0.0875,0.1661711711711712,0.11934684684684684
15,Australasia,2007,27,0,0.665,-0.6183333333333333,0.19117117117117122,-0.5864864864864865
15,Australasia,2008,28,0,0.5433333333333333,-0.785,0.06950450450450452,-0.7531531531531532
15,Australasia,2009,29,0,0.6566666666666667,0.2883333333333333,0.1828378378378379,0.32018018018018013
15,Australasia,2010,30,1,0.725,-0.48749999999999993,0.25117117117117116,-0.4556531531531531
15,Australasia,2011,31,0,0.61,-0.8691666666666666,0.13617117117117117,-0.8373198198198198
15,Australasia,2012,32,0,0.6458333333333334,-0.13999999999999999,0.17200450450450455,-0.10815315315315314
15,Australasia,2013,33,0,0.6766666666666666,-0.31916666666666665,0.20283783783783782,-0.2873198198198198
15,Australasia,2014,34,0,0.7491666666666666,0.11166666666666666,0.27533783783783783,0.1435135135135135
15,Australasia,2015,35,0,0.8975,1.4616666666666667,0.42367117117117115,1.4935135135135136
15,Australasia,2016,36,1,1.0125,0.3324999999999999,0.5386711711711711,0.36434684684684676
16,Australasia,1980,0,0,0.2558333333333333,-0.0016666666666666843,-0.21799549549549552,0.030180180180180156
16,Australasia,1981,1,0,0.3225,-0.4558333333333333,-0.1513288288288288,-0.42398648648648646
16,Australasia,1982,2,0,0.13916666666666666,0.8316666666666667,-0.33466216216216216,0.8635135135135135
16,Australasia,1983,3,0,0.315,0.30666666666666664,-0.15882882882882882,0.3385135135135135
16,Australasia,1984,4,0,0.15583333333333332,-0.6641666666666667,-0.3179954954954955,-0.6323198198198199
16,Australasia,1985,5,0,0.11750000000000001,-0.755,-0.3563288288288288,-0.7231531531531532
16,Australasia,1986,6,0,0.18,0.06000000000000004,-0.2938288288288288,0.09184684684684688
16,Australasia,1987,7,0,0.32166666666666666,1.0941666666666667,-0.15216216216216216,1.1260135135135136
16,Australasia,1988,8,0,0.38916666666666666,-0.9991666666666666,-0.08466216216216216,-0.9673198198198198
16,Australasia,1989,9,0,0.2733333333333333,-0.7983333333333333,-0.2004954954954955,-0.7664864864864865
16,Australasia,1990,10,0,0.44666666666666666,0.1275,-0.027162162162162162,0.15934684684684686
16,Australasia,1991,11,0,0.4058333333333333,0.6183333333333334,-0.0679954954954955,0.6501801801801802
16,Australasia,1992,12,0,0.22333333333333333,0.6083333333333333,-0.2504954954954955,0.6401801801801801
16,Australasia,1993,13,1,0.2316666666666667,0.29916666666666664,-0.24216216216216213,0.3310135135135135
16,Australasia,1994,14,0,0.315,0.46,-0.15882882882882882,0.4918468468468469
16,Australasia,1995,15,0,0.445,-0.1975,-0.028828828828828812,-0.16565315315315315
16,Australasia,1996,16,0,0.3325,-0.5183333333333333,-0.1413288288288288,-0.48648648648648646
16,Australasia,1997,17,0,0.4658333333333333,1.1150000000000002,-0.007995495495495497,1.1468468468468471
16,Australasia,1998,18,1,0.6075,-0.11916666666666656,0.13367117117117122,-0.08731981981981972
16,Australasia,1999,19,0,0.3825,-1.2866666666666666,-0.09132882882882881,-1.2548198198198197
16,Australasia,2000,20,0,0.395,-0.9091666666666667,-0.0788288288288288,-0.8773198198198199
16,Australasia,2001,21,0,0.5325,-0.33916666666666667,0.058671171171171155,-0.3073198198198198
16,Australasia,2002,22,0,0.6275000000000001,0.6383333333333333,0.15367117117117124,0.6701801801801801
16,Australasia,2003,23,0,0.6166666666666667,0.20666666666666667,0.14283783783783788,0.23851351351351352
16,Australasia,2004,24,0,0.5333333333333333,0.4225,0.05950450450450451,0.45434684684684684
16,Australasia,2005,25,0,0.6791666666666667,0.015000000000000003,0.20533783783783788,0.04684684684684684
16,Australasia,2006,26,0,0.64,0.0875,0.1661711711711712,0.11934684684684684
16,Australasia,2007,27,0,0.665,-0.6183333333333333,0.19117117117117122,-0.5864864864864865
16,Australasia,2008,28,0,0.5433333333333333,-0.785,0.06950450450450452,-0.7531531531531532
16,Australasia,2009,29,0,0.6566666666666667,0.2883333333333333,0.1828378378378379,0.32018018018018013
16,Australasia,2010,30,1,0.725,-0.48749999999999993,0.25117117117117116,-0.4556531531531531
16,Australasia,2011,31,0,0.61,-0.8691666666666666,0.13617117117117117,-0.8373198198198198
16,Australasia,2012,32,0,0.6458333333333334,-0.13999999999999999,0.17200450450450455,-0.10815315315315314
16,Australasia,2013,33,0,0.6766666666666666,-0.31916666666666665,0.20283783783783782,-0.2873198198198198
16,Australasia,2014,34,0,0.7491666666666666,0.11166666666666666,0.27533783783783783,0.1435135135135135
16,Australasia,2015,35,0,0.8975,1.4616666666666667,0.42367117117117115,1.4935135135135136
16,Australasia,2016,36,1,1.0125,0.3324999999999999,0.5386711711711711,0.36434684684684676
17,Australasia,1980,0,0,0.2558333333333333,-0.0016666666666666843,-0.21799549549549552,0.030180180180180156
17,Australasia,1981,1,0,0.3225,-0.4558333333333333,-0.1513288288288288,-0.42398648648648646
17,Australasia,1982,2,0,0.13916666666666666,0.8316666666666667,-0.33466216216216216,0.8635135135135135
17,Australasia,1983,3,0,0.315,0.30666666666666664,-0.15882882882882882,0.3385135135135135
17,Australasia,1984,4,0,0.15583333333333332,-0.6641666666666667,-0.3179954954954955,-0.6323198198198199
17,Australasia,1985,5,0,0.11750000000000001,-0.755,-0.3563288288288288,-0.7231531531531532
17,Australasia,1986,6,0,0.18,0.06000000000000004,-0.2938288288288288,0.09184684684684688
17,Australasia,1987,7,0,0.32166666666666666,1.0941666666666667,-0.15216216216216216,1.1260135135135136
17,Australasia,1988,8,0,0.38916666666666666,-0.9991666666666666,-0.08466216216216216,-0.9673198198198198
17,Australasia,1989,9,0,0.2733333333333333,-0.7983333333333333,-0.2004954954954955,-0.7664864864864865
17,Australasia,1990,10,0,0.44666666666666666,0.1275,-0.027162162162162162,0.15934684684684686
17,Australasia,1991,11,0,0.4058333333333333,0.6183333333333334,-0.0679954954954955,0.6501801801801802
17,Australasia,1992,12,0,0.22333333333333333,0.6083333333333333,-0.2504954954954955,0.6401801801801801
17,Australasia,1993,13,0,0.2316666666666667,0.29916666666666664,-0.24216216216216213,0.3310135135135135
17,Australasia,1994,14,0,0.315,0.46,-0.15882882882882882,0.4918468468468469
17,Australasia,1995,15,0,0.445,-0.1975,-0.028828828828828812,-0.16565315315315315
17,Australasia,1996,16,0,0.3325,-0.5183333333333333,-0.1413288288288288,-0.48648648648648646
17,Australasia,1997,17,0,0.4658333333333333,1.1150000000000002,-0.007995495495495497,1.1468468468468471
17,Australasia,1998,18,1,0.6075,-0.11916666666666656,0.13367117117117122,-0.08731981981981972
17,Australasia,1999,19,0,0.3825,-1.2866666666666666,-0.09132882882882881,-1.2548198198198197
17,Australasia,2000,20,0,0.395,-0.9091666666666667,-0.0788288288288288,-0.8773198198198199
17,Australasia,2001,21,0,0.5325,-0.33916666666666667,0.058671171171171155,-0.3073198198198198
17,Australasia,2002,22,0,0.6275000000000001,0.6383333333333333,0.15367117117117124,0.6701801801801801
17,Australasia,2003,23,0,0.6166666666666667,0.20666666666666667,0.14283783783783788,0.23851351351351352
17,Australasia,2004,24,0,0.5333333333333333,0.4225,0.05950450450450451,0.45434684684684684
17,Australasia,2005,25,0,0.6791666666666667,0.015000000000000003,0.20533783783783788,0.04684684684684684
17,Australasia,2006,26,0,0.64,0.0875,0.1661711711711712,0.11934684684684684
17,Australasia,2007,27,0,0.665,-0.6183333333333333,0.19117117117117122,-0.5864864864864865
17,Australasia,2008,28,0,0.5433333333333333,-0.785,0.06950450450450452,-0.7531531531531532
17,Australasia,2009,29,0,0.6566666666666667,0.2883333333333333,0.1828378378378379,0.32018018018018013
17,Australasia,2010,30,1,0.725,-0.48749999999999993,0.25117117117117116,-0.4556531531531531
17,Australasia,2011,31,0,0.61,-0.8691666666666666,0.13617117117117117,-0.8373198198198198
17,Australasia,2012,32,0,0.6458333333333334,-0.13999999999999999,0.17200450450450455,-0.10815315315315314
17,Australasia,2013,33,0,0.6766666666666666,-0.31916666666666665,0.20283783783783782,-0.2873198198198198
17,Australasia,2014,34,0,0.7491666666666666,0.11166666666666666,0.27533783783783783,0.1435135135135135
17,Australasia,2015,35,0,0.8975,1.4616666666666667,0.42367117117117115,1.4935135135135136
17,Australasia,2016,36,0,1.0125,0.3324999999999999,0.5386711711711711,0.36434684684684676
18,Australasia,1980,0,0,0.2558333333333333,-0.0016666666666666843,-0.21799549549549552,0.030180180180180156
18,Australasia,1981,1,0,0.3225,-0.4558333333333333,-0.1513288288288288,-0.42398648648648646
18,Australasia,1982,2,0,0.13916666666666666,0.8316666666666667,-0.33466216216216216,0.8635135135135135
18,Australasia,1983,3,1,0.315,0.30666666666666664,-0.15882882882882882,0.3385135135135135
18,Australasia,1984,4,0,0.15583333333333332,-0.6641666666666667,-0.3179954954954955,-0.6323198198198199
18,Australasia,1985,5,0,0.11750000000000001,-0.755,-0.3563288288288288,-0.7231531531531532
18,Australasia,1986,6,0,0.18,0.06000000000000004,-0.2938288288288288,0.09184684684684688
18,Australasia,1987,7,0,0.32166666666666666,1.0941666666666667,-0.15216216216216216,1.1260135135135136
18,Australasia,1988,8,0,0.38916666666666666,-0.9991666666666666,-0.08466216216216216,-0.9673198198198198
18,Australasia,1989,9,0,0.2733333333333333,-0.7983333333333333,-0.2004954954954955,-0.7664864864864865
18,Australasia,1990,10,0,0.44666666666666666,0.1275,-0.027162162162162162,0.15934684684684686
18,Australasia,1991,11,0,0.4058333333333333,0.6183333333333334,-0.0679954954954955,0.6501801801801802
18,Australasia,1992,12,0,0.22333333333333333,0.6083333333333333,-0.2504954954954955,0.6401801801801801
18,Australasia,1993,13,0,0.2316666666666667,0.29916666666666664,-0.24216216216216213,0.3310135135135135
18,Australasia,1994,14,0,0.315,0.46,-0.15882882882882882,0.4918468468468469
18,Australasia,1995,15,0,0.445,-0.1975,-0.028828828828828812,-0.16565315315315315
18,Australasia,1996,16,0,0.3325,-0.5183333333333333,-0.1413288288288288,-0.48648648648648646
18,Australasia,1997,17,0,0.4658333333333333,1.1150000000000002,-0.007995495495495497,1.1468468468468471
18,Australasia,1998,18,1,0.6075,-0.11916666666666656,0.13367117117117122,-0.08731981981981972
18,Australasia,1999,19,0,0.3825,-1.2866666666666666,-0.09132882882882881,-1.2548198198198197
18,Australasia,2000,20,0,0.395,-0.9091666666666667,-0.0788288288288288,-0.8773198198198199
18,Australasia,2001,21,0,0.5325,-0.33916666666666667,0.058671171171171155,-0.3073198198198198
18,Australasia,2002,22,0,0.6275000000000001,0.6383333333333333,0.15367117117117124,0.6701801801801801
18,Australasia,2003,23,0,0.6166666666666667,0.20666666666666667,0.14283783783783788,0.23851351351351352
18,Australasia,2004,24,0,0.5333333333333333,0.4225,0.05950450450450451,0.45434684684684684
18,Australasia,2005,25,0,0.6791666666666667,0.015000000000000003,0.20533783783783788,0.04684684684684684
18,Australasia,2006,26,0,0.64,0.0875,0.1661711711711712,0.11934684684684684
18,Australasia,2007,27,0,0.665,-0.6183333333333333,0.19117117117117122,-0.5864864864864865
18,Australasia,2008,28,0,0.5433333333333333,-0.785,0.06950450450450452,-0.7531531531531532
18,Australasia,2009,29,0,0.6566666666666667,0.2883333333333333,0.1828378378378379,0.32018018018018013
18,Australasia,2010,30,1,0.725,-0.48749999999999993,0.25117117117117116,-0.4556531531531531
18,Australasia,2011,31,0,0.61,-0.8691666666666666,0.13617117117117117,-0.8373198198198198
18,Australasia,2012,32,0,0.6458333333333334,-0.13999999999999999,0.17200450450450455,-0.10815315315315314
18,Australasia,2013,33,0,0.6766666666666666,-0.31916666666666665,0.20283783783783782,-0.2873198198198198
18,Australasia,2014,34,0,0.7491666666666666,0.11166666666666666,0.27533783783783783,0.1435135135135135
18,Australasia,2015,35,0,0.8975,1.4616666666666667,0.42367117117117115,1.4935135135135136
18,Australasia,2016,36,1,1.0125,0.3324999999999999,0.5386711711711711,0.36434684684684676
19,Australasia,1980,0,0,0.2558333333333333,-0.0016666666666666843,-0.21799549549549552,0.030180180180180156
19,Australasia,1981,1,0,0.3225,-0.4558333333333333,-0.1513288288288288,-0.42398648648648646
19,Australasia,1982,2,0,0.13916666666666666,0.8316666666666667,-0.33466216216216216,0.8635135135135135
19,Australasia,1983,3,0,0.315,0.30666666666666664,-0.15882882882882882,0.3385135135135135
19,Australasia,1984,4,0,0.15583333333333332,-0.6641666666666667,-0.3179954954954955,-0.6323198198198199
19,Australasia,1985,5,0,0.11750000000000001,-0.755,-0.3563288288288288,-0.7231531531531532
19,Australasia,1986,6,0,0.18,0.06000000000000004,-0.2938288288288288,0.09184684684684688
19,Australasia,1987,7,0,0.32166666666666666,1.0941666666666667,-0.15216216216216216,1.1260135135135136
19,Australasia,1988,8,0,0.38916666666666666,-0.9991666666666666,-0.08466216216216216,-0.9673198198198198
19,Australasia,1989,9,0,0.2733333333333333,-0.7983333333333333,-0.2004954954954955,-0.7664864864864865
19,Australasia,1990,10,0,0.44666666666666666,0.1275,-0.027162162162162162,0.15934684684684686
19,Australasia,1991,11,0,0.4058333333333333,0.6183333333333334,-0.0679954954954955,0.6501801801801802
19,Australasia,1992,12,0,0.22333333333333333,0.6083333333333333,-0.2504954954954955,0.6401801801801801
19,Australasia,1993,13,0,0.2316666666666667,0.29916666666666664,-0.24216216216216213,0.3310135135135135
19,Australasia,1994,14,0,0.315,0.46,-0.15882882882882882,0.4918468468468469
19,Australasia,1995,15,0,0.445,-0.1975,-0.028828828828828812,-0.16565315315315315
19,Australasia,1996,16,0,0.3325,-0.5183333333333333,-0.1413288288288288,-0.48648648648648646
19,Australasia,1997,17,0,0.4658333333333333,1.1150000000000002,-0.007995495495495497,1.1468468468468471
19,Australasia,1998,18,1,0.6075,-0.11916666666666656,0.13367117117117122,-0.08731981981981972
19,Australasia,1999,19,0,0.3825,-1.2866666666666666,-0.09132882882882881,-1.2548198198198197
19,Australasia,2000,20,0,0.395,-0.9091666666666667,-0.0788288288288288,-0.8773198198198199
19,Australasia,2001,21,0,0.5325,-0.33916666666666667,0.058671171171171155,-0.3073198198198198
19,Australasia,2002,22,0,0.6275000000000001,0.6383333333333333,0.15367117117117124,0.6701801801801801
19,Australasia,2003,23,0,0.6166666666666667,0.20666666666666667,0.14283783783783788,0.23851351351351352
19,Australasia,2004,24,0,0.5333333333333333,0.4225,0.05950450450450451,0.45434684684684684
19,Australasia,2005,25,0,0.6791666666666667,0.015000000000000003,0.20533783783783788,0.04684684684684684
19,Australasia,2006,26,0,0.64,0.0875,0.1661711711711712,0.11934684684684684
19,Australasia,2007,27,0,0.665,-0.6183333333333333,0.19117117117117122,-0.5864864864864865
19,Australasia,2008,28,0,0.5433333333333333,-0.785,0.06950450450450452,-0.7531531531531532
19,Australasia,2009,29,0,0.6566666666666667,0.2883333333333333,0.1828378378378379,0.32018018018018013
19,Australasia,2010,30,0,0.725,-0.48749999999999993,0.25117117117117116,-0.4556531531531531
19,Australasia,2011,31,0,0.61,-0.8691666666666666,0.13617117117117117,-0.8373198198198198
19,Australasia,2012,32,0,0.6458333333333334,-0.13999999999999999,0.17200450450450455,-0.10815315315315314
19,Australasia,2013,33,0,0.6766666666666666,-0.31916666666666665,0.20283783783783782,-0.2873198198198198
19,Australasia,2014,34,0,0.7491666666666666,0.11166666666666666,0.27533783783783783,0.1435135135135135
19,Australasia,2015,35,0,0.8975,1.4616666666666667,0.42367117117117115,1.4935135135135136
19,Australasia,2016,36,1,1.0125,0.3324999999999999,0.5386711711711711,0.36434684684684676
20,Australasia,1980,0,0,0.2558333333333333,-0.0016666666666666843,-0.21799549549549552,0.030180180180180156
20,Australasia,1981,1,0,0.3225,-0.4558333333333333,-0.1513288288288288,-0.42398648648648646
20,Australasia,1982,2,0,0.13916666666666666,0.8316666666666667,-0.33466216216216216,0.8635135135135135
20,Australasia,1983,3,0,0.315,0.30666666666666664,-0.15882882882882882,0.3385135135135135
20,Australasia,1984,4,0,0.15583333333333332,-0.6641666666666667,-0.3179954954954955,-0.6323198198198199
20,Australasia,1985,5,0,0.11750000000000001,-0.755,-0.3563288288288288,-0.7231531531531532
20,Australasia,1986,6,0,0.18,0.06000000000000004,-0.2938288288288288,0.09184684684684688
20,Australasia,1987,7,0,0.32166666666666666,1.0941666666666667,-0.15216216216216216,1.1260135135135136
20,Australasia,1988,8,0,0.38916666666666666,-0.9991666666666666,-0.08466216216216216,-0.9673198198198198
20,Australasia,1989,9,0,0.2733333333333333,-0.7983333333333333,-0.2004954954954955,-0.7664864864864865
20,Australasia,1990,10,0,0.44666666666666666,0.1275,-0.027162162162162162,0.15934684684684686
20,Australasia,1991,11,0,0.4058333333333333,0.6183333333333334,-0.0679954954954955,0.6501801801801802
20,Australasia,1992,12,0,0.22333333333333333,0.6083333333333333,-0.2504954954954955,0.6401801801801801
20,Australasia,1993,13,0,0.2316666666666667,0.29916666666666664,-0.24216216216216213,0.3310135135135135
20,Australasia,1994,14,0,0.315,0.46,-0.15882882882882882,0.4918468468468469
20,Australasia,1995,15,0,0.445,-0.1975,-0.028828828828828812,-0.16565315315315315
20,Australasia,1996,16,0,0.3325,-0.5183333333333333,-0.1413288288288288,-0.48648648648648646
20,Australasia,1997,17,0,0.4658333333333333,1.1150000000000002,-0.007995495495495497,1.1468468468468471
20,Australasia,1998,18,1,0.6075,-0.11916666666666656,0.13367117117117122,-0.08731981981981972
20,Australasia,1999,19,0,0.3825,-1.2866666666666666,-0.09132882882882881,-1.2548198198198197
20,Australasia,2000,20,1,0.395,-0.9091666666666667,-0.0788288288288288,-0.8773198198198199
20,Australasia,2001,21,0,0.5325,-0.33916666666666667,0.058671171171171155,-0.3073198198198198
20,Australasia,2002,22,0,0.6275000000000001,0.6383333333333333,0.15367117117117124,0.6701801801801801
20,Australasia,2003,23,0,0.6166666666666667,0.20666666666666667,0.14283783783783788,0.23851351351351352
20,Australasia,2004,24,0,0.5333333333333333,0.4225,0.05950450450450451,0.45434684684684684
20,Australasia,2005,25,0,0.6791666666666667,0.015000000000000003,0.20533783783783788,0.04684684684684684
20,Australasia,2006,26,0,0.64,0.0875,0.1661711711711712,0.11934684684684684
20,Australasia,2007,27,0,0.665,-0.6183333333333333,0.19117117117117122,-0.5864864864864865
20,Australasia,2008,28,0,0.5433333333333333,-0.785,0.06950450450450452,-0.7531531531531532
20,Australasia,2009,29,0,0.6566666666666667,0.2883333333333333,0.1828378378378379,0.32018018018018013
20,Australasia,2010,30,1,0.725,-0.48749999999999993,0.25117117117117116,-0.4556531531531531
20,Australasia,2011,31,0,0.61,-0.8691666666666666,0.13617117117117117,-0.8373198198198198
20,Australasia,2012,32,0,0.6458333333333334,-0.13999999999999999,0.17200450450450455,-0.10815315315315314
20,Australasia,2013,33,0,0.6766666666666666,-0.31916666666666665,0.20283783783783782,-0.2873198198198198
20,Australasia,2014,34,0,0.7491666666666666,0.11166666666666666,0.27533783783783783,0.1435135135135135
20,Australasia,2015,35,0,0.8975,1.4616666666666667,0.42367117117117115,1.4935135135135136
20,Australasia,2016,36,1,1.0125,0.3324999999999999,0.5386711711711711,0.36434684684684676
21,Australasia,1980,0,0,0.2558333333333333,-0.0016666666666666843,-0.21799549549549552,0.030180180180180156
21,Australasia,1981,1,0,0.3225,-0.4558333333333333,-0.1513288288288288,-0.42398648648648646
21,Australasia,1982,2,0,0.13916666666666666,0.8316666666666667,-0.33466216216216216,0.8635135135135135
21,Australasia,1983,3,0,0.315,0.30666666666666664,-0.15882882882882882,0.3385135135135135
21,Australasia,1984,4,0,0.15583333333333332,-0.6641666666666667,-0.3179954954954955,-0.6323198198198199
21,Australasia,1985,5,0,0.11750000000000001,-0.755,-0.3563288288288288,-0.7231531531531532
21,Australasia,1986,6,0,0.18,0.06000000000000004,-0.2938288288288288,0.09184684684684688
21,Australasia,1987,7,0,0.32166666666666666,1.0941666666666667,-0.15216216216216216,1.1260135135135136
21,Australasia,1988,8,0,0.38916666666666666,-0.9991666666666666,-0.08466216216216216,-0.9673198198198198
21,Australasia,1989,9,0,0.2733333333333333,-0.7983333333333333,-0.2004954954954955,-0.7664864864864865
21,Australasia,1990,10,0,0.44666666666666666,0.1275,-0.027162162162162162,0.15934684684684686
21,Australasia,1991,11,0,0.4058333333333333,0.6183333333333334,-0.0679954954954955,0.6501801801801802
21,Australasia,1992,12,0,0.22333333333333333,0.6083333333333333,-0.2504954954954955,0.6401801801801801
21,Australasia,1993,13,0,0.2316666666666667,0.29916666666666664,-0.24216216216216213,0.3310135135135135
21,Australasia,1994,14,0,0.315,0.46,-0.15882882882882882,0.4918468468468469
21,Australasia,1995,15,0,0.445,-0.1975,-0.028828828828828812,-0.16565315315315315
21,Australasia,1996,16,0,0.3325,-0.5183333333333333,-0.1413288288288288,-0.48648648648648646
21,Australasia,1997,17,0,0.4658333333333333,1.1150000000000002,-0.007995495495495497,1.1468468468468471
21,Australasia,1998,18,0,0.6075,-0.11916666666666656,0.13367117117117122,-0.08731981981981972
21,Australasia,1999,19,0,0.3825,-1.2866666666666666,-0.09132882882882881,-1.2548198198198197
21,Australasia,2000,20,0,0.395,-0.9091666666666667,-0.0788288288288288,-0.8773198198198199
21,Australasia,2001,21,0,0.5325,-0.33916666666666667,0.058671171171171155,-0.3073198198198198
21,Australasia,2002,22,0,0.6275000000000001,0.6383333333333333,0.15367117117117124,0.6701801801801801
21,Australasia,2003,23,0,0.6166666666666667,0.20666666666666667,0.14283783783783788,0.23851351351351352
21,Australasia,2004,24,0,0.5333333333333333,0.4225,0.05950450450450451,0.45434684684684684
21,Australasia,2005,25,0,0.6791666666666667,0.015000000000000003,0.20533783783783788,0.04684684684684684
21,Australasia,2006,26,0,0.64,0.0875,0.1661711711711712,0.11934684684684684
21,Australasia,2007,27,0,0.665,-0.6183333333333333,0.19117117117117122,-0.5864864864864865
21,Australasia,2008,28,0,0.5433333333333333,-0.785,0.06950450450450452,-0.7531531531531532
21,Australasia,2009,29,0,0.6566666666666667,0.2883333333333333,0.1828378378378379,0.32018018018018013
21,Australasia,2010,30,1,0.725,-0.48749999999999993,0.25117117117117116,-0.4556531531531531
21,Australasia,2011,31,0,0.61,-0.8691666666666666,0.13617117117117117,-0.8373198198198198
21,Australasia,2012,32,0,0.6458333333333334,-0.13999999999999999,0.17200450450450455,-0.10815315315315314
21,Australasia,2013,33,0,0.6766666666666666,-0.31916666666666665,0.20283783783783782,-0.2873198198198198
21,Australasia,2014,34,0,0.7491666666666666,0.11166666666666666,0.27533783783783783,0.1435135135135135
21,Australasia,2015,35,0,0.8975,1.4616666666666667,0.42367117117117115,1.4935135135135136
21,Australasia,2016,36,1,1.0125,0.3324999999999999,0.5386711711711711,0.36434684684684676
22,Australasia,1980,0,0,0.2558333333333333,-0.0016666666666666843,-0.21799549549549552,0.030180180180180156
22,Australasia,1981,1,0,0.3225,-0.4558333333333333,-0.1513288288288288,-0.42398648648648646
22,Australasia,1982,2,0,0.13916666666666666,0.8316666666666667,-0.33466216216216216,0.8635135135135135
22,Australasia,1983,3,0,0.315,0.30666666666666664,-0.15882882882882882,0.3385135135135135
22,Australasia,1984,4,0,0.15583333333333332,-0.6641666666666667,-0.3179954954954955,-0.6323198198198199
22,Australasia,1985,5,0,0.11750000000000001,-0.755,-0.3563288288288288,-0.7231531531531532
22,Australasia,1986,6,0,0.18,0.06000000000000004,-0.2938288288288288,0.09184684684684688
22,Australasia,1987,7,0,0.32166666666666666,1.0941666666666667,-0.15216216216216216,1.1260135135135136
22,Australasia,1988,8,0,0.38916666666666666,-0.9991666666666666,-0.08466216216216216,-0.9673198198198198
22,Australasia,1989,9,0,0.2733333333333333,-0.7983333333333333,-0.2004954954954955,-0.7664864864864865
22,Australasia,1990,10,0,0.44666666666666666,0.1275,-0.027162162162162162,0.15934684684684686
22,Australasia,1991,11,0,0.4058333333333333,0.6183333333333334,-0.0679954954954955,0.6501801801801802
22,Australasia,1992,12,0,0.22333333333333333,0.6083333333333333,-0.2504954954954955,0.6401801801801801
22,Australasia,1993,13,0,0.2316666666666667,0.29916666666666664,-0.24216216216216213,0.3310135135135135
22,Australasia,1994,14,0,0.315,0.46,-0.15882882882882882,0.4918468468468469
22,Australasia,1995,15,0,0.445,-0.1975,-0.028828828828828812,-0.16565315315315315
22,Australasia,1996,16,0,0.3325,-0.5183333333333333,-0.1413288288288288,-0.48648648648648646
22,Australasia,1997,17,0,0.4658333333333333,1.1150000000000002,-0.007995495495495497,1.1468468468468471
22,Australasia,1998,18,0,0.6075,-0.11916666666666656,0.13367117117117122,-0.08731981981981972
22,Australasia,1999,19,0,0.3825,-1.2866666666666666,-0.09132882882882881,-1.2548198198198197
22,Australasia,2000,20,0,0.395,-0.9091666666666667,-0.0788288288288288,-0.8773198198198199
22,Australasia,2001,21,0,0.5325,-0.33916666666666667,0.058671171171171155,-0.3073198198198198
22,Australasia,2002,22,0,0.6275000000000001,0.6383333333333333,0.15367117117117124,0.6701801801801801
22,Australasia,2003,23,0,0.6166666666666667,0.20666666666666667,0.14283783783783788,0.23851351351351352
22,Australasia,2004,24,0,0.5333333333333333,0.4225,0.05950450450450451,0.45434684684684684
22,Australasia,2005,25,0,0.6791666666666667,0.015000000000000003,0.20533783783783788,0.04684684684684684
22,Australasia,2006,26,0,0.64,0.0875,0.1661711711711712,0.11934684684684684
22,Australasia,2007,27,0,0.665,-0.6183333333333333,0.19117117117117122,-0.5864864864864865
22,Australasia,2008,28,0,0.5433333333333333,-0.785,0.06950450450450452,-0.7531531531531532
22,Australasia,2009,29,0,0.6566666666666667,0.2883333333333333,0.1828378378378379,0.32018018018018013
22,Australasia,2010,30,1,0.725,-0.48749999999999993,0.25117117117117116,-0.4556531531531531
22,Australasia,2011,31,0,0.61,-0.8691666666666666,0.13617117117117117,-0.8373198198198198
22,Australasia,2012,32,0,0.6458333333333334,-0.13999999999999999,0.17200450450450455,-0.10815315315315314
22,Australasia,2013,33,0,0.6766666666666666,-0.31916666666666665,0.20283783783783782,-0.2873198198198198
22,Australasia,2014,34,0,0.7491666666666666,0.11166666666666666,0.27533783783783783,0.1435135135135135
22,Australasia,2015,35,0,0.8975,1.4616666666666667,0.42367117117117115,1.4935135135135136
22,Australasia,2016,36,1,1.0125,0.3324999999999999,0.5386711711711711,0.36434684684684676
23,Australasia,1980,0,0,0.2558333333333333,-0.0016666666666666843,-0.21799549549549552,0.030180180180180156
23,Australasia,1981,1,0,0.3225,-0.4558333333333333,-0.1513288288288288,-0.42398648648648646
23,Australasia,1982,2,0,0.13916666666666666,0.8316666666666667,-0.33466216216216216,0.8635135135135135
23,Australasia,1983,3,0,0.315,0.30666666666666664,-0.15882882882882882,0.3385135135135135
23,Australasia,1984,4,0,0.15583333333333332,-0.6641666666666667,-0.3179954954954955,-0.6323198198198199
23,Australasia,1985,5,0,0.11750000000000001,-0.755,-0.3563288288288288,-0.7231531531531532
23,Australasia,1986,6,0,0.18,0.06000000000000004,-0.2938288288288288,0.09184684684684688
23,Australasia,1987,7,0,0.32166666666666666,1.0941666666666667,-0.15216216216216216,1.1260135135135136
23,Australasia,1988,8,0,0.38916666666666666,-0.9991666666666666,-0.08466216216216216,-0.9673198198198198
23,Australasia,1989,9,0,0.2733333333333333,-0.7983333333333333,-0.2004954954954955,-0.7664864864864865
23,Australasia,1990,10,0,0.44666666666666666,0.1275,-0.027162162162162162,0.15934684684684686
23,Australasia,1991,11,0,0.4058333333333333,0.6183333333333334,-0.0679954954954955,0.6501801801801802
23,Australasia,1992,12,0,0.22333333333333333,0.6083333333333333,-0.2504954954954955,0.6401801801801801
23,Australasia,1993,13,0,0.2316666666666667,0.29916666666666664,-0.24216216216216213,0.3310135135135135
23,Australasia,1994,14,0,0.315,0.46,-0.15882882882882882,0.4918468468468469
23,Australasia,1995,15,0,0.445,-0.1975,-0.028828828828828812,-0.16565315315315315
23,Australasia,1996,16,0,0.3325,-0.5183333333333333,-0.1413288288288288,-0.48648648648648646
23,Australasia,1997,17,0,0.4658333333333333,1.1150000000000002,-0.007995495495495497,1.1468468468468471
23,Australasia,1998,18,1,0.6075,-0.11916666666666656,0.13367117117117122,-0.08731981981981972
23,Australasia,1999,19,0,0.3825,-1.2866666666666666,-0.09132882882882881,-1.2548198198198197
23,Australasia,2000,20,0,0.395,-0.9091666666666667,-0.0788288288288288,-0.8773198198198199
23,Australasia,2001,21,0,0.5325,-0.33916666666666667,0.058671171171171155,-0.3073198198198198
23,Australasia,2002,22,0,0.6275000000000001,0.6383333333333333,0.15367117117117124,0.6701801801801801
23,Australasia,2003,23,0,0.6166666666666667,0.20666666666666667,0.14283783783783788,0.23851351351351352
23,Australasia,2004,24,0,0.5333333333333333,0.4225,0.05950450450450451,0.45434684684684684
23,Australasia,2005,25,0,0.6791666666666667,0.015000000000000003,0.20533783783783788,0.04684684684684684
23,Australasia,2006,26,0,0.64,0.0875,0.1661711711711712,0.11934684684684684
23,Australasia,2007,27,0,0.665,-0.6183333333333333,0.19117117117117122,-0.5864864864864865
23,Australasia,2008,28,0,0.5433333333333333,-0.785,0.06950450450450452,-0.7531531531531532
23,Australasia,2009,29,0,0.6566666666666667,0.2883333333333333,0.1828378378378379,0.32018018018018013
23,Australasia,2010,30,1,0.725,-0.48749999999999993,0.25117117117117116,-0.4556531531531531
23,Australasia,2011,31,0,0.61,-0.8691666666666666,0.13617117117117117,-0.8373198198198198
23,Australasia,2012,32,0,0.6458333333333334,-0.13999999999999999,0.17200450450450455,-0.10815315315315314
23,Australasia,2013,33,0,0.6766666666666666,-0.31916666666666665,0.20283783783783782,-0.2873198198198198
23,Australasia,2014,34,0,0.7491666666666666,0.11166666666666666,0.27533783783783783,0.1435135135135135
23,Australasia,2015,35,0,0.8975,1.4616666666666667,0.42367117117117115,1.4935135135135136
23,Australasia,2016,36,1,1.0125,0.3324999999999999,0.5386711711711711,0.36434684684684676
24,Australasia,1980,0,0,0.2558333333333333,-0.0016666666666666843,-0.21799549549549552,0.030180180180180156
24,Australasia,1981,1,0,0.3225,-0.4558333333333333,-0.1513288288288288,-0.42398648648648646
24,Australasia,1982,2,0,0.13916666666666666,0.8316666666666667,-0.33466216216216216,0.8635135135135135
24,Australasia,1983,3,0,0.315,0.30666666666666664,-0.15882882882882882,0.3385135135135135
24,Australasia,1984,4,0,0.15583333333333332,-0.6641666666666667,-0.3179954954954955,-0.6323198198198199
24,Australasia,1985,5,0,0.11750000000000001,-0.755,-0.3563288288288288,-0.7231531531531532
24,Australasia,1986,6,0,0.18,0.06000000000000004,-0.2938288288288288,0.09184684684684688
24,Australasia,1987,7,0,0.32166666666666666,1.0941666666666667,-0.15216216216216216,1.1260135135135136
24,Australasia,1988,8,0,0.38916666666666666,-0.9991666666666666,-0.08466216216216216,-0.9673198198198198
24,Australasia,1989,9,0,0.2733333333333333,-0.7983333333333333,-0.2004954954954955,-0.7664864864864865
24,Australasia,1990,10,0,0.44666666666666666,0.1275,-0.027162162162162162,0.15934684684684686
24,Australasia,1991,11,0,0.4058333333333333,0.6183333333333334,-0.0679954954954955,0.6501801801801802
24,Australasia,1992,12,0,0.22333333333333333,0.6083333333333333,-0.2504954954954955,0.6401801801801801
24,Australasia,1993,13,0,0.2316666666666667,0.29916666666666664,-0.24216216216216213,0.3310135135135135
24,Australasia,1994,14,0,0.315,0.46,-0.15882882882882882,0.4918468468468469
24,Australasia,1995,15,0,0.445,-0.1975,-0.028828828828828812,-0.16565315315315315
24,Australasia,1996,16,0,0.3325,-0.5183333333333333,-0.1413288288288288,-0.48648648648648646
24,Australasia,1997,17,0,0.4658333333333333,1.1150000000000002,-0.007995495495495497,1.1468468468468471
24,Australasia,1998,18,1,0.6075,-0.11916666666666656,0.13367117117117122,-0.08731981981981972
24,Australasia,1999,19,0,0.3825,-1.2866666666666666,-0.09132882882882881,-1.2548198198198197
24,Australasia,2000,20,0,0.395,-0.9091666666666667,-0.0788288288288288,-0.8773198198198199
24,Australasia,2001,21,0,0.5325,-0.33916666666666667,0.058671171171171155,-0.3073198198198198
24,Australasia,2002,22,0,0.6275000000000001,0.6383333333333333,0.15367117117117124,0.6701801801801801
24,Australasia,2003,23,0,0.6166666666666667,0.20666666666666667,0.14283783783783788,0.23851351351351352
24,Australasia,2004,24,0,0.5333333333333333,0.4225,0.05950450450450451,0.45434684684684684
24,Australasia,2005,25,0,0.6791666666666667,0.015000000000000003,0.20533783783783788,0.04684684684684684
24,Australasia,2006,26,0,0.64,0.0875,0.1661711711711712,0.11934684684684684
24,Australasia,2007,27,0,0.665,-0.6183333333333333,0.19117117117117122,-0.5864864864864865
24,Australasia,2008,28,0,0.5433333333333333,-0.785,0.06950450450450452,-0.7531531531531532
24,Australasia,2009,29,0,0.6566666666666667,0.2883333333333333,0.1828378378378379,0.32018018018018013
24,Australasia,2010,30,1,0.725,-0.48749999999999993,0.25117117117117116,-0.4556531531531531
24,Australasia,2011,31,0,0.61,-0.8691666666666666,0.13617117117117117,-0.8373198198198198
24,Australasia,2012,32,0,0.6458333333333334,-0.13999999999999999,0.17200450450450455,-0.10815315315315314
24,Australasia,2013,33,0,0.6766666666666666,-0.31916666666666665,0.20283783783783782,-0.2873198198198198
24,Australasia,2014,34,0,0.7491666666666666,0.11166666666666666,0.27533783783783783,0.1435135135135135
24,Australasia,2015,35,0,0.8975,1.4616666666666667,0.42367117117117115,1.4935135135135136
24,Australasia,2016,36,0,1.0125,0.3324999999999999,0.5386711711711711,0.36434684684684676
25,Australasia,1980,0,0,0.2558333333333333,-0.0016666666666666843,-0.21799549549549552,0.030180180180180156
25,Australasia,1981,1,0,0.3225,-0.4558333333333333,-0.1513288288288288,-0.42398648648648646
25,Australasia,1982,2,0,0.13916666666666666,0.8316666666666667,-0.33466216216216216,0.8635135135135135
25,Australasia,1983,3,0,0.315,0.30666666666666664,-0.15882882882882882,0.3385135135135135
25,Australasia,1984,4,0,0.15583333333333332,-0.6641666666666667,-0.3179954954954955,-0.6323198198198199
25,Australasia,1985,5,0,0.11750000000000001,-0.755,-0.3563288288288288,-0.7231531531531532
25,Australasia,1986,6,0,0.18,0.06000000000000004,-0.2938288288288288,0.09184684684684688
25,Australasia,1987,7,0,0.32166666666666666,1.0941666666666667,-0.15216216216216216,1.1260135135135136
25,Australasia,1988,8,0,0.38916666666666666,-0.9991666666666666,-0.08466216216216216,-0.9673198198198198
25,Australasia,1989,9,0,0.2733333333333333,-0.7983333333333333,-0.2004954954954955,-0.7664864864864865
25,Australasia,1990,10,0,0.44666666666666666,0.1275,-0.027162162162162162,0.15934684684684686
25,Australasia,1991,11,0,0.4058333333333333,0.6183333333333334,-0.0679954954954955,0.6501801801801802
25,Australasia,1992,12,0,0.22333333333333333,0.6083333333333333,-0.2504954954954955,0.6401801801801801
25,Australasia,1993,13,0,0.2316666666666667,0.29916666666666664,-0.24216216216216213,0.3310135135135135
25,Australasia,1994,14,0,0.315,0.46,-0.15882882882882882,0.4918468468468469
25,Australasia,1995,15,0,0.445,-0.1975,-0.028828828828828812,-0.16565315315315315
25,Australasia,1996,16,0,0.3325,-0.5183333333333333,-0.1413288288288288,-0.48648648648648646
25,Australasia,1997,17,0,0.4658333333333333,1.1150000000000002,-0.007995495495495497,1.1468468468468471
25,Australasia,1998,18,1,0.6075,-0.11916666666666656,0.13367117117117122,-0.08731981981981972
25,Australasia,1999,19,0,0.3825,-1.2866666666666666,-0.09132882882882881,-1.2548198198198197
25,Australasia,2000,20,0,0.395,-0.9091666666666667,-0.0788288288288288,-0.8773198198198199
25,Australasia,2001,21,0,0.5325,-0.33916666666666667,0.058671171171171155,-0.3073198198198198
25,Australasia,2002,22,0,0.6275000000000001,0.6383333333333333,0.15367117117117124,0.6701801801801801
25,Australasia,2003,23,0,0.6166666666666667,0.20666666666666667,0.14283783783783788,0.23851351351351352
25,Australasia,2004,24,0,0.5333333333333333,0.4225,0.05950450450450451,0.45434684684684684
25,Australasia,2005,25,0,0.6791666666666667,0.015000000000000003,0.20533783783783788,0.04684684684684684
25,Australasia,2006,26,0,0.64,0.0875,0.1661711711711712,0.11934684684684684
25,Australasia,2007,27,1,0.665,-0.6183333333333333,0.19117117117117122,-0.5864864864864865
25,Australasia,2008,28,0,0.5433333333333333,-0.785,0.06950450450450452,-0.7531531531531532
25,Australasia,2009,29,0,0.6566666666666667,0.2883333333333333,0.1828378378378379,0.32018018018018013
25,Australasia,2010,30,0,0.725,-0.48749999999999993,0.25117117117117116,-0.4556531531531531
25,Australasia,2011,31,0,0.61,-0.8691666666666666,0.13617117117117117,-0.8373198198198198
25,Australasia,2012,32,0,0.6458333333333334,-0.13999999999999999,0.17200450450450455,-0.10815315315315314
25,Australasia,2013,33,0,0.6766666666666666,-0.31916666666666665,0.20283783783783782,-0.2873198198198198
25,Australasia,2014,34,0,0.7491666666666666,0.11166666666666666,0.27533783783783783,0.1435135135135135
25,Australasia,2015,35,0,0.8975,1.4616666666666667,0.42367117117117115,1.4935135135135136
25,Australasia,2016,36,1,1.0125,0.3324999999999999,0.5386711711711711,0.36434684684684676
26,Australasia,1980,0,0,0.2558333333333333,-0.0016666666666666843,-0.21799549549549552,0.030180180180180156
26,Australasia,1981,1,0,0.3225,-0.4558333333333333,-0.1513288288288288,-0.42398648648648646
26,Australasia,1982,2,0,0.13916666666666666,0.8316666666666667,-0.33466216216216216,0.8635135135135135
26,Australasia,1983,3,0,0.315,0.30666666666666664,-0.15882882882882882,0.3385135135135135
26,Australasia,1984,4,0,0.15583333333333332,-0.6641666666666667,-0.3179954954954955,-0.6323198198198199
26,Australasia,1985,5,0,0.11750000000000001,-0.755,-0.3563288288288288,-0.7231531531531532
26,Australasia,1986,6,0,0.18,0.06000000000000004,-0.2938288288288288,0.09184684684684688
26,Australasia,1987,7,0,0.32166666666666666,1.0941666666666667,-0.15216216216216216,1.1260135135135136
26,Australasia,1988,8,0,0.38916666666666666,-0.9991666666666666,-0.08466216216216216,-0.9673198198198198
26,Australasia,1989,9,0,0.2733333333333333,-0.7983333333333333,-0.2004954954954955,-0.7664864864864865
26,Australasia,1990,10,0,0.44666666666666666,0.1275,-0.027162162162162162,0.15934684684684686
26,Australasia,1991,11,0,0.4058333333333333,0.6183333333333334,-0.0679954954954955,0.6501801801801802
26,Australasia,1992,12,0,0.22333333333333333,0.6083333333333333,-0.2504954954954955,0.6401801801801801
26,Australasia,1993,13,0,0.2316666666666667,0.29916666666666664,-0.24216216216216213,0.3310135135135135
26,Australasia,1994,14,0,0.315,0.46,-0.15882882882882882,0.4918468468468469
26,Australasia,1995,15,0,0.445,-0.1975,-0.028828828828828812,-0.16565315315315315
26,Australasia,1996,16,0,0.3325,-0.5183333333333333,-0.1413288288288288,-0.48648648648648646
26,Australasia,1997,17,0,0.4658333333333333,1.1150000000000002,-0.007995495495495497,1.1468468468468471
26,Australasia,1998,18,1,0.6075,-0.11916666666666656,0.13367117117117122,-0.08731981981981972
26,Australasia,1999,19,0,0.3825,-1.2866666666666666,-0.09132882882882881,-1.2548198198198197
26,Australasia,2000,20,0,0.395,-0.9091666666666667,-0.0788288288288288,-0.8773198198198199
26,Australasia,2001,21,0,0.5325,-0.33916666666666667,0.058671171171171155,-0.3073198198198198
26,Australasia,2002,22,0,0.6275000000000001,0.6383333333333333,0.15367117117117124,0.6701801801801801
26,Australasia,2003,23,0,0.6166666666666667,0.20666666666666667,0.14283783783783788,0.23851351351351352
26,Australasia,2004,24,0,0.5333333333333333,0.4225,0.05950450450450451,0.45434684684684684
26,Australasia,2005,25,0,0.6791666666666667,0.015000000000000003,0.20533783783783788,0.04684684684684684
26,Australasia,2006,26,0,0.64,0.0875,0.1661711711711712,0.11934684684684684
26,Australasia,2007,27,0,0.665,-0.6183333333333333,0.19117117117117122,-0.5864864864864865
26,Australasia,2008,28,0,0.5433333333333333,-0.785,0.06950450450450452,-0.7531531531531532
26,Australasia,2009,29,0,0.6566666666666667,0.2883333333333333,0.1828378378378379,0.32018018018018013
26,Australasia,2010,30,1,0.725,-0.48749999999999993,0.25117117117117116,-0.4556531531531531
26,Australasia,2011,31,0,0.61,-0.8691666666666666,0.13617117117117117,-0.8373198198198198
26,Australasia,2012,32,0,0.6458333333333334,-0.13999999999999999,0.17200450450450455,-0.10815315315315314
26,Australasia,2013,33,0,0.6766666666666666,-0.31916666666666665,0.20283783783783782,-0.2873198198198198
26,Australasia,2014,34,0,0.7491666666666666,0.11166666666666666,0.27533783783783783,0.1435135135135135
26,Australasia,2015,35,0,0.8975,1.4616666666666667,0.42367117117117115,1.4935135135135136
26,Australasia,2016,36,1,1.0125,0.3324999999999999,0.5386711711711711,0.36434684684684676
27,Australasia,1980,0,0,0.2558333333333333,-0.0016666666666666843,-0.21799549549549552,0.030180180180180156
27,Australasia,1981,1,0,0.3225,-0.4558333333333333,-0.1513288288288288,-0.42398648648648646
27,Australasia,1982,2,0,0.13916666666666666,0.8316666666666667,-0.33466216216216216,0.8635135135135135
27,Australasia,1983,3,0,0.315,0.30666666666666664,-0.15882882882882882,0.3385135135135135
27,Australasia,1984,4,0,0.15583333333333332,-0.6641666666666667,-0.3179954954954955,-0.6323198198198199
27,Australasia,1985,5,0,0.11750000000000001,-0.755,-0.3563288288288288,-0.7231531531531532
27,Australasia,1986,6,0,0.18,0.06000000000000004,-0.2938288288288288,0.09184684684684688
27,Australasia,1987,7,0,0.32166666666666666,1.0941666666666667,-0.15216216216216216,1.1260135135135136
27,Australasia,1988,8,0,0.38916666666666666,-0.9991666666666666,-0.08466216216216216,-0.9673198198198198
27,Australasia,1989,9,0,0.2733333333333333,-0.7983333333333333,-0.2004954954954955,-0.7664864864864865
27,Australasia,1990,10,0,0.44666666666666666,0.1275,-0.027162162162162162,0.15934684684684686
27,Australasia,1991,11,0,0.4058333333333333,0.6183333333333334,-0.0679954954954955,0.6501801801801802
27,Australasia,1992,12,0,0.22333333333333333,0.6083333333333333,-0.2504954954954955,0.6401801801801801
27,Australasia,1993,13,0,0.2316666666666667,0.29916666666666664,-0.24216216216216213,0.3310135135135135
27,Australasia,1994,14,0,0.315,0.46,-0.15882882882882882,0.4918468468468469
27,Australasia,1995,15,0,0.445,-0.1975,-0.028828828828828812,-0.16565315315315315
27,Australasia,1996,16,0,0.3325,-0.5183333333333333,-0.1413288288288288,-0.48648648648648646
27,Australasia,1997,17,0,0.4658333333333333,1.1150000000000002,-0.007995495495495497,1.1468468468468471
27,Australasia,1998,18,1,0.6075,-0.11916666666666656,0.13367117117117122,-0.08731981981981972
27,Australasia,1999,19,0,0.3825,-1.2866666666666666,-0.09132882882882881,-1.2548198198198197
27,Australasia,2000,20,0,0.395,-0.9091666666666667,-0.0788288288288288,-0.8773198198198199
27,Australasia,2001,21,0,0.5325,-0.33916666666666667,0.058671171171171155,-0.3073198198198198
27,Australasia,2002,22,0,0.6275000000000001,0.6383333333333333,0.15367117117117124,0.6701801801801801
27,Australasia,2003,23,0,0.6166666666666667,0.20666666666666667,0.14283783783783788,0.23851351351351352
27,Australasia,2004,24,0,0.5333333333333333,0.4225,0.05950450450450451,0.45434684684684684
27,Australasia,2005,25,0,0.6791666666666667,0.015000000000000003,0.20533783783783788,0.04684684684684684
27,Australasia,2006,26,0,0.64,0.0875,0.1661711711711712,0.11934684684684684
27,Australasia,2007,27,0,0.665,-0.6183333333333333,0.19117117117117122,-0.5864864864864865
27,Australasia,2008,28,1,0.5433333333333333,-0.785,0.06950450450450452,-0.7531531531531532
27,Australasia,2009,29,0,0.6566666666666667,0.2883333333333333,0.1828378378378379,0.32018018018018013
27,Australasia,2010,30,0,0.725,-0.48749999999999993,0.25117117117117116,-0.4556531531531531
27,Australasia,2011,31,0,0.61,-0.8691666666666666,0.13617117117117117,-0.8373198198198198
27,Australasia,2012,32,0,0.6458333333333334,-0.13999999999999999,0.17200450450450455,-0.10815315315315314
27,Australasia,2013,33,0,0.6766666666666666,-0.31916666666666665,0.20283783783783782,-0.2873198198198198
27,Australasia,2014,34,0,0.7491666666666666,0.11166666666666666,0.27533783783783783,0.1435135135135135
27,Australasia,2015,35,0,0.8975,1.4616666666666667,0.42367117117117115,1.4935135135135136
27,Australasia,2016,36,0,1.0125,0.3324999999999999,0.5386711711711711,0.36434684684684676
28,Australasia,1980,0,0,0.2558333333333333,-0.0016666666666666843,-0.21799549549549552,0.030180180180180156
28,Australasia,1981,1,0,0.3225,-0.4558333333333333,-0.1513288288288288,-0.42398648648648646
28,Australasia,1982,2,0,0.13916666666666666,0.8316666666666667,-0.33466216216216216,0.8635135135135135
28,Australasia,1983,3,0,0.315,0.30666666666666664,-0.15882882882882882,0.3385135135135135
28,Australasia,1984,4,0,0.15583333333333332,-0.6641666666666667,-0.3179954954954955,-0.6323198198198199
28,Australasia,1985,5,0,0.11750000000000001,-0.755,-0.3563288288288288,-0.7231531531531532
28,Australasia,1986,6,0,0.18,0.06000000000000004,-0.2938288288288288,0.09184684684684688
28,Australasia,1987,7,0,0.32166666666666666,1.0941666666666667,-0.15216216216216216,1.1260135135135136
28,Australasia,1988,8,0,0.38916666666666666,-0.9991666666666666,-0.08466216216216216,-0.9673198198198198
28,Australasia,1989,9,0,0.2733333333333333,-0.7983333333333333,-0.2004954954954955,-0.7664864864864865
28,Australasia,1990,10,0,0.44666666666666666,0.1275,-0.027162162162162162,0.15934684684684686
28,Australasia,1991,11,0,0.4058333333333333,0.6183333333333334,-0.0679954954954955,0.6501801801801802
28,Australasia,1992,12,0,0.22333333333333333,0.6083333333333333,-0.2504954954954955,0.6401801801801801
28,Australasia,1993,13,0,0.2316666666666667,0.29916666666666664,-0.24216216216216213,0.3310135135135135
28,Australasia,1994,14,0,0.315,0.46,-0.15882882882882882,0.4918468468468469
28,Australasia,1995,15,0,0.445,-0.1975,-0.028828828828828812,-0.16565315315315315
28,Australasia,1996,16,0,0.3325,-0.5183333333333333,-0.1413288288288288,-0.48648648648648646
28,Australasia,1997,17,0,0.4658333333333333,1.1150000000000002,-0.007995495495495497,1.1468468468468471
28,Australasia,1998,18,1,0.6075,-0.11916666666666656,0.13367117117117122,-0.08731981981981972
28,Australasia,1999,19,0,0.3825,-1.2866666666666666,-0.09132882882882881,-1.2548198198198197
28,Australasia,2000,20,0,0.395,-0.9091666666666667,-0.0788288288288288,-0.8773198198198199
28,Australasia,2001,21,0,0.5325,-0.33916666666666667,0.058671171171171155,-0.3073198198198198
28,Australasia,2002,22,0,0.6275000000000001,0.6383333333333333,0.15367117117117124,0.6701801801801801
28,Australasia,2003,23,0,0.6166666666666667,0.20666666666666667,0.14283783783783788,0.23851351351351352
28,Australasia,2004,24,0,0.5333333333333333,0.4225,0.05950450450450451,0.45434684684684684
28,Australasia,2005,25,0,0.6791666666666667,0.015000000000000003,0.20533783783783788,0.04684684684684684
28,Australasia,2006,26,0,0.64,0.0875,0.1661711711711712,0.11934684684684684
28,Australasia,2007,27,0,0.665,-0.6183333333333333,0.19117117117117122,-0.5864864864864865
28,Australasia,2008,28,0,0.5433333333333333,-0.785,0.06950450450450452,-0.7531531531531532
28,Australasia,2009,29,0,0.6566666666666667,0.2883333333333333,0.1828378378378379,0.32018018018018013
28,Australasia,2010,30,1,0.725,-0.48749999999999993,0.25117117117117116,-0.4556531531531531
28,Australasia,2011,31,0,0.61,-0.8691666666666666,0.13617117117117117,-0.8373198198198198
28,Australasia,2012,32,0,0.6458333333333334,-0.13999999999999999,0.17200450450450455,-0.10815315315315314
28,Australasia,2013,33,0,0.6766666666666666,-0.31916666666666665,0.20283783783783782,-0.2873198198198198
28,Australasia,2014,34,0,0.7491666666666666,0.11166666666666666,0.27533783783783783,0.1435135135135135
28,Australasia,2015,35,0,0.8975,1.4616666666666667,0.42367117117117115,1.4935135135135136
28,Australasia,2016,36,1,1.0125,0.3324999999999999,0.5386711711711711,0.36434684684684676
29,Australasia,1980,0,0,0.2558333333333333,-0.0016666666666666843,-0.21799549549549552,0.030180180180180156
29,Australasia,1981,1,0,0.3225,-0.4558333333333333,-0.1513288288288288,-0.42398648648648646
29,Australasia,1982,2,0,0.13916666666666666,0.8316666666666667,-0.33466216216216216,0.8635135135135135
29,Australasia,1983,3,0,0.315,0.30666666666666664,-0.15882882882882882,0.3385135135135135
29,Australasia,1984,4,0,0.15583333333333332,-0.6641666666666667,-0.3179954954954955,-0.6323198198198199
29,Australasia,1985,5,0,0.11750000000000001,-0.755,-0.3563288288288288,-0.7231531531531532
29,Australasia,1986,6,0,0.18,0.06000000000000004,-0.2938288288288288,0.09184684684684688
29,Australasia,1987,7,0,0.32166666666666666,1.0941666666666667,-0.15216216216216216,1.1260135135135136
29,Australasia,1988,8,0,0.38916666666666666,-0.9991666666666666,-0.08466216216216216,-0.9673198198198198
29,Australasia,1989,9,0,0.2733333333333333,-0.7983333333333333,-0.2004954954954955,-0.7664864864864865
29,Australasia,1990,10,0,0.44666666666666666,0.1275,-0.027162162162162162,0.15934684684684686
29,Australasia,1991,11,0,0.4058333333333333,0.6183333333333334,-0.0679954954954955,0.6501801801801802
29,Australasia,1992,12,0,0.22333333333333333,0.6083333333333333,-0.2504954954954955,0.6401801801801801
29,Australasia,1993,13,0,0.2316666666666667,0.29916666666666664,-0.24216216216216213,0.3310135135135135
29,Australasia,1994,14,0,0.315,0.46,-0.15882882882882882,0.4918468468468469
29,Australasia,1995,15,0,0.445,-0.1975,-0.028828828828828812,-0.16565315315315315
29,Australasia,1996,16,0,0.3325,-0.5183333333333333,-0.1413288288288288,-0.48648648648648646
29,Australasia,1997,17,0,0.4658333333333333,1.1150000000000002,-0.007995495495495497,1.1468468468468471
29,Australasia,1998,18,0,0.6075,-0.11916666666666656,0.13367117117117122,-0.08731981981981972
29,Australasia,1999,19,0,0.3825,-1.2866666666666666,-0.09132882882882881,-1.2548198198198197
29,Australasia,2000,20,1,0.395,-0.9091666666666667,-0.0788288288288288,-0.8773198198198199
29,Australasia,2001,21,0,0.5325,-0.33916666666666667,0.058671171171171155,-0.3073198198198198
29,Australasia,2002,22,0,0.6275000000000001,0.6383333333333333,0.15367117117117124,0.6701801801801801
29,Australasia,2003,23,0,0.6166666666666667,0.20666666666666667,0.14283783783783788,0.23851351351351352
29,Australasia,2004,24,0,0.5333333333333333,0.4225,0.05950450450450451,0.45434684684684684
29,Australasia,2005,25,0,0.6791666666666667,0.015000000000000003,0.20533783783783788,0.04684684684684684
29,Australasia,2006,26,0,0.64,0.0875,0.1661711711711712,0.11934684684684684
29,Australasia,2007,27,0,0.665,-0.6183333333333333,0.19117117117117122,-0.5864864864864865
29,Australasia,2008,28,0,0.5433333333333333,-0.785,0.06950450450450452,-0.7531531531531532
29,Australasia,2009,29,0,0.6566666666666667,0.2883333333333333,0.1828378378378379,0.32018018018018013
29,Australasia,2010,30,0,0.725,-0.48749999999999993,0.25117117117117116,-0.4556531531531531
29,Australasia,2011,31,0,0.61,-0.8691666666666666,0.13617117117117117,-0.8373198198198198
29,Australasia,2012,32,1,0.6458333333333334,-0.13999999999999999,0.17200450450450455,-0.10815315315315314
29,Australasia,2013,33,0,0.6766666666666666,-0.31916666666666665,0.20283783783783782,-0.2873198198198198
29,Australasia,2014,34,0,0.7491666666666666,0.11166666666666666,0.27533783783783783,0.1435135135135135
29,Australasia,2015,35,1,0.8975,1.4616666666666667,0.42367117117117115,1.4935135135135136
29,Australasia,2016,36,0,1.0125,0.3324999999999999,0.5386711711711711,0.36434684684684676
30,Australasia,1980,0,0,0.2558333333333333,-0.0016666666666666843,-0.21799549549549552,0.030180180180180156
30,Australasia,1981,1,0,0.3225,-0.4558333333333333,-0.1513288288288288,-0.42398648648648646
30,Australasia,1982,2,0,0.13916666666666666,0.8316666666666667,-0.33466216216216216,0.8635135135135135
30,Australasia,1983,3,0,0.315,0.30666666666666664,-0.15882882882882882,0.3385135135135135
30,Australasia,1984,4,0,0.15583333333333332,-0.6641666666666667,-0.3179954954954955,-0.6323198198198199
30,Australasia,1985,5,0,0.11750000000000001,-0.755,-0.3563288288288288,-0.7231531531531532
30,Australasia,1986,6,0,0.18,0.06000000000000004,-0.2938288288288288,0.09184684684684688
30,Australasia,1987,7,1,0.32166666666666666,1.0941666666666667,-0.15216216216216216,1.1260135135135136
30,Australasia,1988,8,1,0.38916666666666666,-0.9991666666666666,-0.08466216216216216,-0.9673198198198198
30,Australasia,1989,9,0,0.2733333333333333,-0.7983333333333333,-0.2004954954954955,-0.7664864864864865
30,Australasia,1990,10,0,0.44666666666666666,0.1275,-0.027162162162162162,0.15934684684684686
30,Australasia,1991,11,0,0.4058333333333333,0.6183333333333334,-0.0679954954954955,0.6501801801801802
30,Australasia,1992,12,0,0.22333333333333333,0.6083333333333333,-0.2504954954954955,0.6401801801801801
30,Australasia,1993,13,0,0.2316666666666667,0.29916666666666664,-0.24216216216216213,0.3310135135135135
30,Australasia,1994,14,0,0.315,0.46,-0.15882882882882882,0.4918468468468469
30,Australasia,1995,15,0,0.445,-0.1975,-0.028828828828828812,-0.16565315315315315
30,Australasia,1996,16,0,0.3325,-0.5183333333333333,-0.1413288288288288,-0.48648648648648646
30,Australasia,1997,17,0,0.4658333333333333,1.1150000000000002,-0.007995495495495497,1.1468468468468471
30,Australasia,1998,18,1,0.6075,-0.11916666666666656,0.13367117117117122,-0.08731981981981972
30,Australasia,1999,19,0,0.3825,-1.2866666666666666,-0.09132882882882881,-1.2548198198198197
30,Australasia,2000,20,0,0.395,-0.9091666666666667,-0.0788288288288288,-0.8773198198198199
30,Australasia,2001,21,0,0.5325,-0.33916666666666667,0.058671171171171155,-0.3073198198198198
30,Australasia,2002,22,0,0.6275000000000001,0.6383333333333333,0.15367117117117124,0.6701801801801801
30,Australasia,2003,23,0,0.6166666666666667,0.20666666666666667,0.14283783783783788,0.23851351351351352
30,Australasia,2004,24,0,0.5333333333333333,0.4225,0.05950450450450451,0.45434684684684684
30,Australasia,2005,25,0,0.6791666666666667,0.015000000000000003,0.20533783783783788,0.04684684684684684
30,Australasia,2006,26,0,0.64,0.0875,0.1661711711711712,0.11934684684684684
30,Australasia,2007,27,1,0.665,-0.6183333333333333,0.19117117117117122,-0.5864864864864865
30,Australasia,2008,28,1,0.5433333333333333,-0.785,0.06950450450450452,-0.7531531531531532
30,Australasia,2009,29,0,0.6566666666666667,0.2883333333333333,0.1828378378378379,0.32018018018018013
30,Australasia,2010,30,0,0.725,-0.48749999999999993,0.25117117117117116,-0.4556531531531531
30,Australasia,2011,31,0,0.61,-0.8691666666666666,0.13617117117117117,-0.8373198198198198
30,Australasia,2012,32,0,0.6458333333333334,-0.13999999999999999,0.17200450450450455,-0.10815315315315314
30,Australasia,2013,33,0,0.6766666666666666,-0.31916666666666665,0.20283783783783782,-0.2873198198198198
30,Australasia,2014,34,0,0.7491666666666666,0.11166666666666666,0.27533783783783783,0.1435135135135135
30,Australasia,2015,35,0,0.8975,1.4616666666666667,0.42367117117117115,1.4935135135135136
30,Australasia,2016,36,1,1.0125,0.3324999999999999,0.5386711711711711,0.36434684684684676
31,Australasia,1980,0,0,0.2558333333333333,-0.0016666666666666843,-0.21799549549549552,0.030180180180180156
31,Australasia,1981,1,0,0.3225,-0.4558333333333333,-0.1513288288288288,-0.42398648648648646
31,Australasia,1982,2,0,0.13916666666666666,0.8316666666666667,-0.33466216216216216,0.8635135135135135
31,Australasia,1983,3,0,0.315,0.30666666666666664,-0.15882882882882882,0.3385135135135135
31,Australasia,1984,4,0,0.15583333333333332,-0.6641666666666667,-0.3179954954954955,-0.6323198198198199
31,Australasia,1985,5,0,0.11750000000000001,-0.755,-0.3563288288288288,-0.7231531531531532
31,Australasia,1986,6,0,0.18,0.06000000000000004,-0.2938288288288288,0.09184684684684688
31,Australasia,1987,7,0,0.32166666666666666,1.0941666666666667,-0.15216216216216216,1.1260135135135136
31,Australasia,1988,8,0,0.38916666666666666,-0.9991666666666666,-0.08466216216216216,-0.9673198198198198
31,Australasia,1989,9,0,0.2733333333333333,-0.7983333333333333,-0.2004954954954955,-0.7664864864864865
31,Australasia,1990,10,0,0.44666666666666666,0.1275,-0.027162162162162162,0.15934684684684686
31,Australasia,1991,11,1,0.4058333333333333,0.6183333333333334,-0.0679954954954955,0.6501801801801802
31,Australasia,1992,12,0,0.22333333333333333,0.6083333333333333,-0.2504954954954955,0.6401801801801801
31,Australasia,1993,13,0,0.2316666666666667,0.29916666666666664,-0.24216216216216213,0.3310135135135135
31,Australasia,1994,14,0,0.315,0.46,-0.15882882882882882,0.4918468468468469
31,Australasia,1995,15,1,0.445,-0.1975,-0.028828828828828812,-0.16565315315315315
31,Australasia,1996,16,0,0.3325,-0.5183333333333333,-0.1413288288288288,-0.48648648648648646
31,Australasia,1997,17,0,0.4658333333333333,1.1150000000000002,-0.007995495495495497,1.1468468468468471
31,Australasia,1998,18,1,0.6075,-0.11916666666666656,0.13367117117117122,-0.08731981981981972
31,Australasia,1999,19,0,0.3825,-1.2866666666666666,-0.09132882882882881,-1.2548198198198197
31,Australasia,2000,20,0,0.395,-0.9091666666666667,-0.0788288288288288,-0.8773198198198199
31,Australasia,2001,21,0,0.5325,-0.33916666666666667,0.058671171171171155,-0.3073198198198198
31,Australasia,2002,22,0,0.6275000000000001,0.6383333333333333,0.15367117117117124,0.6701801801801801
31,Australasia,2003,23,1,0.6166666666666667,0.20666666666666667,0.14283783783783788,0.23851351351351352
31,Australasia,2004,24,0,0.5333333333333333,0.4225,0.05950450450450451,0.45434684684684684
31,Australasia,2005,25,0,0.6791666666666667,0.015000000000000003,0.20533783783783788,0.04684684684684684
31,Australasia,2006,26,0,0.64,0.0875,0.1661711711711712,0.11934684684684684
31,Australasia,2007,27,0,0.665,-0.6183333333333333,0.19117117117117122,-0.5864864864864865
31,Australasia,2008,28,0,0.5433333333333333,-0.785,0.06950450450450452,-0.7531531531531532
31,Australasia,2009,29,0,0.6566666666666667,0.2883333333333333,0.1828378378378379,0.32018018018018013
31,Australasia,2010,30,1,0.725,-0.48749999999999993,0.25117117117117116,-0.4556531531531531
31,Australasia,2011,31,0,0.61,-0.8691666666666666,0.13617117117117117,-0.8373198198198198
31,Australasia,2012,32,0,0.6458333333333334,-0.13999999999999999,0.17200450450450455,-0.10815315315315314
31,Australasia,2013,33,0,0.6766666666666666,-0.31916666666666665,0.20283783783783782,-0.2873198198198198
31,Australasia,2014,34,0,0.7491666666666666,0.11166666666666666,0.27533783783783783,0.1435135135135135
31,Australasia,2015,35,0,0.8975,1.4616666666666667,0.42367117117117115,1.4935135135135136
31,Australasia,2016,36,1,1.0125,0.3324999999999999,0.5386711711711711,0.36434684684684676
32,Australasia,1980,0,0,0.2558333333333333,-0.0016666666666666843,-0.21799549549549552,0.030180180180180156
32,Australasia,1981,1,0,0.3225,-0.4558333333333333,-0.1513288288288288,-0.42398648648648646
32,Australasia,1982,2,0,0.13916666666666666,0.8316666666666667,-0.33466216216216216,0.8635135135135135
32,Australasia,1983,3,0,0.315,0.30666666666666664,-0.15882882882882882,0.3385135135135135
32,Australasia,1984,4,0,0.15583333333333332,-0.6641666666666667,-0.3179954954954955,-0.6323198198198199
32,Australasia,1985,5,0,0.11750000000000001,-0.755,-0.3563288288288288,-0.7231531531531532
32,Australasia,1986,6,0,0.18,0.06000000000000004,-0.2938288288288288,0.09184684684684688
32,Australasia,1987,7,0,0.32166666666666666,1.0941666666666667,-0.15216216216216216,1.1260135135135136
32,Australasia,1988,8,0,0.38916666666666666,-0.9991666666666666,-0.08466216216216216,-0.9673198198198198
32,Australasia,1989,9,0,0.2733333333333333,-0.7983333333333333,-0.2004954954954955,-0.7664864864864865
32,Australasia,1990,10,0,0.44666666666666666,0.1275,-0.027162162162162162,0.15934684684684686
32,Australasia,1991,11,0,0.4058333333333333,0.6183333333333334,-0.0679954954954955,0.6501801801801802
32,Australasia,1992,12,0,0.22333333333333333,0.6083333333333333,-0.2504954954954955,0.6401801801801801
32,Australasia,1993,13,0,0.2316666666666667,0.29916666666666664,-0.24216216216216213,0.3310135135135135
32,Australasia,1994,14,0,0.315,0.46,-0.15882882882882882,0.4918468468468469
32,Australasia,1995,15,0,0.445,-0.1975,-0.028828828828828812,-0.16565315315315315
32,Australasia,1996,16,0,0.3325,-0.5183333333333333,-0.1413288288288288,-0.48648648648648646
32,Australasia,1997,17,0,0.4658333333333333,1.1150000000000002,-0.007995495495495497,1.1468468468468471
32,Australasia,1998,18,1,0.6075,-0.11916666666666656,0.13367117117117122,-0.08731981981981972
32,Australasia,1999,19,0,0.3825,-1.2866666666666666,-0.09132882882882881,-1.2548198198198197
32,Australasia,2000,20,0,0.395,-0.9091666666666667,-0.0788288288288288,-0.8773198198198199
32,Australasia,2001,21,0,0.5325,-0.33916666666666667,0.058671171171171155,-0.3073198198198198
32,Australasia,2002,22,0,0.6275000000000001,0.6383333333333333,0.15367117117117124,0.6701801801801801
32,Australasia,2003,23,0,0.6166666666666667,0.20666666666666667,0.14283783783783788,0.23851351351351352
32,Australasia,2004,24,0,0.5333333333333333,0.4225,0.05950450450450451,0.45434684684684684
32,Australasia,2005,25,1,0.6791666666666667,0.015000000000000003,0.20533783783783788,0.04684684684684684
32,Australasia,2006,26,0,0.64,0.0875,0.1661711711711712,0.11934684684684684
32,Australasia,2007,27,0,0.665,-0.6183333333333333,0.19117117117117122,-0.5864864864864865
32,Australasia,2008,28,0,0.5433333333333333,-0.785,0.06950450450450452,-0.7531531531531532
32,Australasia,2009,29,0,0.6566666666666667,0.2883333333333333,0.1828378378378379,0.32018018018018013
32,Australasia,2010,30,1,0.725,-0.48749999999999993,0.25117117117117116,-0.4556531531531531
32,Australasia,2011,31,0,0.61,-0.8691666666666666,0.13617117117117117,-0.8373198198198198
32,Australasia,2012,32,0,0.6458333333333334,-0.13999999999999999,0.17200450450450455,-0.10815315315315314
32,Australasia,2013,33,0,0.6766666666666666,-0.31916666666666665,0.20283783783783782,-0.2873198198198198
32,Australasia,2014,34,0,0.7491666666666666,0.11166666666666666,0.27533783783783783,0.1435135135135135
32,Australasia,2015,35,0,0.8975,1.4616666666666667,0.42367117117117115,1.4935135135135136
32,Australasia,2016,36,1,1.0125,0.3324999999999999,0.5386711711711711,0.36434684684684676
33,Indian Ocean / Middle East,1980,0,0,0.2558333333333333,-0.0016666666666666843,-0.21799549549549552,0.030180180180180156
33,Indian Ocean / Middle East,1981,1,0,0.3225,-0.4558333333333333,-0.1513288288288288,-0.42398648648648646
33,Indian Ocean / Middle East,1982,2,0,0.13916666666666666,0.8316666666666667,-0.33466216216216216,0.8635135135135135
33,Indian Ocean / Middle East,1983,3,0,0.315,0.30666666666666664,-0.15882882882882882,0.3385135135135135
33,Indian Ocean / Middle East,1984,4,0,0.15583333333333332,-0.6641666666666667,-0.3179954954954955,-0.6323198198198199
33,Indian Ocean / Middle East,1985,5,0,0.11750000000000001,-0.755,-0.3563288288288288,-0.7231531531531532
33,Indian Ocean / Middle East,1986,6,0,0.18,0.06000000000000004,-0.2938288288288288,0.09184684684684688
33,Indian Ocean / Middle East,1987,7,0,0.32166666666666666,1.0941666666666667,-0.15216216216216216,1.1260135135135136
33,Indian Ocean / Middle East,1988,8,0,0.38916666666666666,-0.9991666666666666,-0.08466216216216216,-0.9673198198198198
33,Indian Ocean / Middle East,1989,9,0,0.2733333333333333,-0.7983333333333333,-0.2004954954954955,-0.7664864864864865
33,Indian Ocean / Middle East,1990,10,0,0.44666666666666666,0.1275,-0.027162162162162162,0.15934684684684686
33,Indian Ocean / Middle East,1991,11,0,0.4058333333333333,0.6183333333333334,-0.0679954954954955,0.6501801801801802
33,Indian Ocean / Middle East,1992,12,0,0.22333333333333333,0.6083333333333333,-0.2504954954954955,0.6401801801801801
33,Indian Ocean / Middle East,1993,13,0,0.2316666666666667,0.29916666666666664,-0.24216216216216213,0.3310135135135135
33,Indian Ocean / Middle East,1994,14,0,0.315,0.46,-0.15882882882882882,0.4918468468468469
33,Indian Ocean / Middle East,1995,15,0,0.445,-0.1975,-0.028828828828828812,-0.16565315315315315
33,Indian Ocean / Middle East,1996,16,0,0.3325,-0.5183333333333333,-0.1413288288288288,-0.48648648648648646
33,Indian Ocean / Middle East,1997,17,0,0.4658333333333333,1.1150000000000002,-0.007995495495495497,1.1468468468468471
33,Indian Ocean / Middle East,1998,18,0,0.6075,-0.11916666666666656,0.13367117117117122,-0.08731981981981972
33,Indian Ocean / Middle East,1999,19,0,0.3825,-1.2866666666666666,-0.09132882882882881,-1.2548198198198197
33,Indian Ocean / Middle East,2000,20,0,0.395,-0.9091666666666667,-0.0788288288288288,-0.8773198198198199
33,Indian Ocean / Middle East,2001,21,0,0.5325,-0.33916666666666667,0.058671171171171155,-0.3073198198198198
33,Indian Ocean / Middle East,2002,22,0,0.6275000000000001,0.6383333333333333,0.15367117117117124,0.6701801801801801
33,Indian Ocean / Middle East,2003,23,0,0.6166666666666667,0.20666666666666667,0.14283783783783788,0.23851351351351352
33,Indian Ocean / Middle East,2004,24,0,0.5333333333333333,0.4225,0.05950450450450451,0.45434684684684684
33,Indian Ocean / Middle East,2005,25,0,0.6791666666666667,0.015000000000000003,0.20533783783783788,0.04684684684684684
33,Indian Ocean / Middle East,2006,26,0,0.64,0.0875,0.1661711711711712,0.11934684684684684
33,Indian Ocean / Middle East,2007,27,0,0.665,-0.6183333333333333,0.19117117117117122,-0.5864864864864865
33,Indian Ocean / Middle East,2008,28,0,0.5433333333333333,-0.785,0.06950450450450452,-0.7531531531531532
33,Indian Ocean / Middle East,2009,29,0,0.6566666666666667,0.2883333333333333,0.1828378378378379,0.32018018018018013
33,Indian Ocean / Middle East,2010,30,0,0.725,-0.48749999999999993,0.25117117117117116,-0.4556531531531531
33,Indian Ocean / Middle East,2011,31,0,0.61,-0.8691666666666666,0.13617117117117117,-0.8373198198198198
33,Indian Ocean / Middle East,2012,32,0,0.6458333333333334,-0.13999999999999999,0.17200450450450455,-0.10815315315315314
33,Indian Ocean / Middle East,2013,33,0,0.6766666666666666,-0.31916666666666665,0.20283783783783782,-0.2873198198198198
33,Indian Ocean / Middle East,2014,34,0,0.7491666666666666,0.11166666666666666,0.27533783783783783,0.1435135135135135
33,Indian Ocean / Middle East,2015,35,0,0.8975,1.4616666666666667,0.42367117117117115,1.4935135135135136
33,Indian Ocean / Middle East,2016,36,0,1.0125,0.3324999999999999,0.5386711711711711,0.36434684684684676
34,Indian Ocean / Middle East,1980,0,0,0.2558333333333333,-0.0016666666666666843,-0.21799549549549552,0.030180180180180156
34,Indian Ocean / Middle East,1981,1,0,0.3225,-0.4558333333333333,-0.1513288288288288,-0.42398648648648646
34,Indian Ocean / Middle East,1982,2,0,0.13916666666666666,0.8316666666666667,-0.33466216216216216,0.8635135135135135
34,Indian Ocean / Middle East,1983,3,1,0.315,0.30666666666666664,-0.15882882882882882,0.3385135135135135
34,Indian Ocean / Middle East,1984,4,0,0.15583333333333332,-0.6641666666666667,-0.3179954954954955,-0.6323198198198199
34,Indian Ocean / Middle East,1985,5,0,0.11750000000000001,-0.755,-0.3563288288288288,-0.7231531531531532
34,Indian Ocean / Middle East,1986,6,0,0.18,0.06000000000000004,-0.2938288288288288,0.09184684684684688
34,Indian Ocean / Middle East,1987,7,0,0.32166666666666666,1.0941666666666667,-0.15216216216216216,1.1260135135135136
34,Indian Ocean / Middle East,1988,8,0,0.38916666666666666,-0.9991666666666666,-0.08466216216216216,-0.9673198198198198
34,Indian Ocean / Middle East,1989,9,0,0.2733333333333333,-0.7983333333333333,-0.2004954954954955,-0.7664864864864865
34,Indian Ocean / Middle East,1990,10,0,0.44666666666666666,0.1275,-0.027162162162162162,0.15934684684684686
34,Indian Ocean / Middle East,1991,11,0,0.4058333333333333,0.6183333333333334,-0.0679954954954955,0.6501801801801802
34,Indian Ocean / Middle East,1992,12,0,0.22333333333333333,0.6083333333333333,-0.2504954954954955,0.6401801801801801
34,Indian Ocean / Middle East,1993,13,0,0.2316666666666667,0.29916666666666664,-0.24216216216216213,0.3310135135135135
34,Indian Ocean / Middle East,1994,14,0,0.315,0.46,-0.15882882882882882,0.4918468468468469
34,Indian Ocean / Middle East,1995,15,0,0.445,-0.1975,-0.028828828828828812,-0.16565315315315315
34,Indian Ocean / Middle East,1996,16,0,0.3325,-0.5183333333333333,-0.1413288288288288,-0.48648648648648646
34,Indian Ocean / Middle East,1997,17,0,0.4658333333333333,1.1150000000000002,-0.007995495495495497,1.1468468468468471
34,Indian Ocean / Middle East,1998,18,1,0.6075,-0.11916666666666656,0.13367117117117122,-0.08731981981981972
34,Indian Ocean / Middle East,1999,19,0,0.3825,-1.2866666666666666,-0.09132882882882881,-1.2548198198198197
34,Indian Ocean / Middle East,2000,20,0,0.395,-0.9091666666666667,-0.0788288288288288,-0.8773198198198199
34,Indian Ocean / Middle East,2001,21,0,0.5325,-0.33916666666666667,0.058671171171171155,-0.3073198198198198
34,Indian Ocean / Middle East,2002,22,0,0.6275000000000001,0.6383333333333333,0.15367117117117124,0.6701801801801801
34,Indian Ocean / Middle East,2003,23,0,0.6166666666666667,0.20666666666666667,0.14283783783783788,0.23851351351351352
34,Indian Ocean / Middle East,2004,24,0,0.5333333333333333,0.4225,0.05950450450450451,0.45434684684684684
34,Indian Ocean / Middle East,2005,25,0,0.6791666666666667,0.015000000000000003,0.20533783783783788,0.04684684684684684
34,Indian Ocean / Middle East,2006,26,0,0.64,0.0875,0.1661711711711712,0.11934684684684684
34,Indian Ocean / Middle East,2007,27,0,0.665,-0.6183333333333333,0.19117117117117122,-0.5864864864864865
34,Indian Ocean / Middle East,2008,28,0,0.5433333333333333,-0.785,0.06950450450450452,-0.7531531531531532
34,Indian Ocean / Middle East,2009,29,0,0.6566666666666667,0.2883333333333333,0.1828378378378379,0.32018018018018013
34,Indian Ocean / Middle East,2010,30,0,0.725,-0.48749999999999993,0.25117117117117116,-0.4556531531531531
34,Indian Ocean / Middle East,2011,31,0,0.61,-0.8691666666666666,0.13617117117117117,-0.8373198198198198
34,Indian Ocean / Middle East,2012,32,0,0.6458333333333334,-0.13999999999999999,0.17200450450450455,-0.10815315315315314
34,Indian Ocean / Middle East,2013,33,0,0.6766666666666666,-0.31916666666666665,0.20283783783783782,-0.2873198198198198
34,Indian Ocean / Middle East,2014,34,0,0.7491666666666666,0.11166666666666666,0.27533783783783783,0.1435135135135135
34,Indian Ocean / Middle East,2015,35,0,0.8975,1.4616666666666667,0.42367117117117115,1.4935135135135136
34,Indian Ocean / Middle East,2016,36,1,1.0125,0.3324999999999999,0.5386711711711711,0.36434684684684676
35,Indian Ocean / Middle East,1980,0,0,0.2558333333333333,-0.0016666666666666843,-0.21799549549549552,0.030180180180180156
35,Indian Ocean / Middle East,1981,1,0,0.3225,-0.4558333333333333,-0.1513288288288288,-0.42398648648648646
35,Indian Ocean / Middle East,1982,2,0,0.13916666666666666,0.8316666666666667,-0.33466216216216216,0.8635135135135135
35,Indian Ocean / Middle East,1983,3,0,0.315,0.30666666666666664,-0.15882882882882882,0.3385135135135135
35,Indian Ocean / Middle East,1984,4,0,0.15583333333333332,-0.6641666666666667,-0.3179954954954955,-0.6323198198198199
35,Indian Ocean / Middle East,1985,5,0,0.11750000000000001,-0.755,-0.3563288288288288,-0.7231531531531532
35,Indian Ocean / Middle East,1986,6,0,0.18,0.06000000000000004,-0.2938288288288288,0.09184684684684688
35,Indian Ocean / Middle East,1987,7,0,0.32166666666666666,1.0941666666666667,-0.15216216216216216,1.1260135135135136
35,Indian Ocean / Middle East,1988,8,0,0.38916666666666666,-0.9991666666666666,-0.08466216216216216,-0.9673198198198198
35,Indian Ocean / Middle East,1989,9,0,0.2733333333333333,-0.7983333333333333,-0.2004954954954955,-0.7664864864864865
35,Indian Ocean / Middle East,1990,10,0,0.44666666666666666,0.1275,-0.027162162162162162,0.15934684684684686
35,Indian Ocean / Middle East,1991,11,0,0.4058333333333333,0.6183333333333334,-0.0679954954954955,0.6501801801801802
35,Indian Ocean / Middle East,1992,12,0,0.22333333333333333,0.6083333333333333,-0.2504954954954955,0.6401801801801801
35,Indian Ocean / Middle East,1993,13,0,0.2316666666666667,0.29916666666666664,-0.24216216216216213,0.3310135135135135
35,Indian Ocean / Middle East,1994,14,0,0.315,0.46,-0.15882882882882882,0.4918468468468469
35,Indian Ocean / Middle East,1995,15,0,0.445,-0.1975,-0.028828828828828812,-0.16565315315315315
35,Indian Ocean / Middle East,1996,16,0,0.3325,-0.5183333333333333,-0.1413288288288288,-0.48648648648648646
35,Indian Ocean / Middle East,1997,17,0,0.4658333333333333,1.1150000000000002,-0.007995495495495497,1.1468468468468471
35,Indian Ocean / Middle East,1998,18,0,0.6075,-0.11916666666666656,0.13367117117117122,-0.08731981981981972
35,Indian Ocean / Middle East,1999,19,0,0.3825,-1.2866666666666666,-0.09132882882882881,-1.2548198198198197
35,Indian Ocean / Middle East,2000,20,0,0.395,-0.9091666666666667,-0.0788288288288288,-0.8773198198198199
35,Indian Ocean / Middle East,2001,21,0,0.5325,-0.33916666666666667,0.058671171171171155,-0.3073198198198198
35,Indian Ocean / Middle East,2002,22,0,0.6275000000000001,0.6383333333333333,0.15367117117117124,0.6701801801801801
35,Indian Ocean / Middle East,2003,23,0,0.6166666666666667,0.20666666666666667,0.14283783783783788,0.23851351351351352
35,Indian Ocean / Middle East,2004,24,0,0.5333333333333333,0.4225,0.05950450450450451,0.45434684684684684
35,Indian Ocean / Middle East,2005,25,0,0.6791666666666667,0.015000000000000003,0.20533783783783788,0.04684684684684684
35,Indian Ocean / Middle East,2006,26,0,0.64,0.0875,0.1661711711711712,0.11934684684684684
35,Indian Ocean / Middle East,2007,27,0,0.665,-0.6183333333333333,0.19117117117117122,-0.5864864864864865
35,Indian Ocean / Middle East,2008,28,0,0.5433333333333333,-0.785,0.06950450450450452,-0.7531531531531532
35,Indian Ocean / Middle East,2009,29,0,0.6566666666666667,0.2883333333333333,0.1828378378378379,0.32018018018018013
35,Indian Ocean / Middle East,2010,30,0,0.725,-0.48749999999999993,0.25117117117117116,-0.4556531531531531
35,Indian Ocean / Middle East,2011,31,0,0.61,-0.8691666666666666,0.13617117117117117,-0.8373198198198198
35,Indian Ocean / Middle East,2012,32,0,0.6458333333333334,-0.13999999999999999,0.17200450450450455,-0.10815315315315314
35,Indian Ocean / Middle East,2013,33,0,0.6766666666666666,-0.31916666666666665,0.20283783783783782,-0.2873198198198198
35,Indian Ocean / Middle East,2014,34,0,0.7491666666666666,0.11166666666666666,0.27533783783783783,0.1435135135135135
35,Indian Ocean / Middle East,2015,35,0,0.8975,1.4616666666666667,0.42367117117117115,1.4935135135135136
35,Indian Ocean / Middle East,2016,36,0,1.0125,0.3324999999999999,0.5386711711711711,0.36434684684684676
36,Indian Ocean / Middle East,1980,0,0,0.2558333333333333,-0.0016666666666666843,-0.21799549549549552,0.030180180180180156
36,Indian Ocean / Middle East,1981,1,0,0.3225,-0.4558333333333333,-0.1513288288288288,-0.42398648648648646
36,Indian Ocean / Middle East,1982,2,0,0.13916666666666666,0.8316666666666667,-0.33466216216216216,0.8635135135135135
36,Indian Ocean / Middle East,1983,3,0,0.315,0.30666666666666664,-0.15882882882882882,0.3385135135135135
36,Indian Ocean / Middle East,1984,4,0,0.15583333333333332,-0.6641666666666667,-0.3179954954954955,-0.6323198198198199
36,Indian Ocean / Middle East,1985,5,0,0.11750000000000001,-0.755,-0.3563288288288288,-0.7231531531531532
36,Indian Ocean / Middle East,1986,6,0,0.18,0.06000000000000004,-0.2938288288288288,0.09184684684684688
36,Indian Ocean / Middle East,1987,7,0,0.32166666666666666,1.0941666666666667,-0.15216216216216216,1.1260135135135136
36,Indian Ocean / Middle East,1988,8,0,0.38916666666666666,-0.9991666666666666,-0.08466216216216216,-0.9673198198198198
36,Indian Ocean / Middle East,1989,9,0,0.2733333333333333,-0.7983333333333333,-0.2004954954954955,-0.7664864864864865
36,Indian Ocean / Middle East,1990,10,0,0.44666666666666666,0.1275,-0.027162162162162162,0.15934684684684686
36,Indian Ocean / Middle East,1991,11,0,0.4058333333333333,0.6183333333333334,-0.0679954954954955,0.6501801801801802
36,Indian Ocean / Middle East,1992,12,0,0.22333333333333333,0.6083333333333333,-0.2504954954954955,0.6401801801801801
36,Indian Ocean / Middle East,1993,13,0,0.2316666666666667,0.29916666666666664,-0.24216216216216213,0.3310135135135135
36,Indian Ocean / Middle East,1994,14,0,0.315,0.46,-0.15882882882882882,0.4918468468468469
36,Indian Ocean / Middle East,1995,15,0,0.445,-0.1975,-0.028828828828828812,-0.16565315315315315
36,Indian Ocean / Middle East,1996,16,0,0.3325,-0.5183333333333333,-0.1413288288288288,-0.48648648648648646
36,Indian Ocean / Middle East,1997,17,0,0.4658333333333333,1.1150000000000002,-0.007995495495495497,1.1468468468468471
36,Indian Ocean / Middle East,1998,18,0,0.6075,-0.11916666666666656,0.13367117117117122,-0.08731981981981972
36,Indian Ocean / Middle East,1999,19,0,0.3825,-1.2866666666666666,-0.09132882882882881,-1.2548198198198197
36,Indian Ocean / Middle East,2000,20,0,0.395,-0.9091666666666667,-0.0788288288288288,-0.8773198198198199
36,Indian Ocean / Middle East,2001,21,0,0.5325,-0.33916666666666667,0.058671171171171155,-0.3073198198198198
36,Indian Ocean / Middle East,2002,22,0,0.6275000000000001,0.6383333333333333,0.15367117117117124,0.6701801801801801
36,Indian Ocean / Middle East,2003,23,0,0.6166666666666667,0.20666666666666667,0.14283783783783788,0.23851351351351352
36,Indian Ocean / Middle East,2004,24,0,0.5333333333333333,0.4225,0.05950450450450451,0.45434684684684684
36,Indian Ocean / Middle East,2005,25,0,0.6791666666666667,0.015000000000000003,0.20533783783783788,0.04684684684684684
36,Indian Ocean / Middle East,2006,26,0,0.64,0.0875,0.1661711711711712,0.11934684684684684
36,Indian Ocean / Middle East,2007,27,0,0.665,-0.6183333333333333,0.19117117117117122,-0.5864864864864865
36,Indian Ocean / Middle East,2008,28,0,0.5433333333333333,-0.785,0.06950450450450452,-0.7531531531531532
36,Indian Ocean / Middle East,2009,29,0,0.6566666666666667,0.2883333333333333,0.1828378378378379,0.32018018018018013
36,Indian Ocean / Middle East,2010,30,0,0.725,-0.48749999999999993,0.25117117117117116,-0.4556531531531531
36,Indian Ocean / Middle East,2011,31,0,0.61,-0.8691666666666666,0.13617117117117117,-0.8373198198198198
36,Indian Ocean / Middle East,2012,32,0,0.6458333333333334,-0.13999999999999999,0.17200450450450455,-0.10815315315315314
36,Indian Ocean / Middle East,2013,33,0,0.6766666666666666,-0.31916666666666665,0.20283783783783782,-0.2873198198198198
36,Indian Ocean / Middle East,2014,34,0,0.7491666666666666,0.11166666666666666,0.27533783783783783,0.1435135135135135
36,Indian Ocean / Middle East,2015,35,0,0.8975,1.4616666666666667,0.42367117117117115,1.4935135135135136
36,Indian Ocean / Middle East,2016,36,0,1.0125,0.3324999999999999,0.5386711711711711,0.36434684684684676
37,Indian Ocean / Middle East,1980,0,0,0.2558333333333333,-0.0016666666666666843,-0.21799549549549552,0.030180180180180156
37,Indian Ocean / Middle East,1981,1,0,0.3225,-0.4558333333333333,-0.1513288288288288,-0.42398648648648646
37,Indian Ocean / Middle East,1982,2,0,0.13916666666666666,0.8316666666666667,-0.33466216216216216,0.8635135135135135
37,Indian Ocean / Middle East,1983,3,0,0.315,0.30666666666666664,-0.15882882882882882,0.3385135135135135
37,Indian Ocean / Middle East,1984,4,0,0.15583333333333332,-0.6641666666666667,-0.3179954954954955,-0.6323198198198199
37,Indian Ocean / Middle East,1985,5,0,0.11750000000000001,-0.755,-0.3563288288288288,-0.7231531531531532
37,Indian Ocean / Middle East,1986,6,0,0.18,0.06000000000000004,-0.2938288288288288,0.09184684684684688
37,Indian Ocean / Middle East,1987,7,0,0.32166666666666666,1.0941666666666667,-0.15216216216216216,1.1260135135135136
37,Indian Ocean / Middle East,1988,8,0,0.38916666666666666,-0.9991666666666666,-0.08466216216216216,-0.9673198198198198
37,Indian Ocean / Middle East,1989,9,0,0.2733333333333333,-0.7983333333333333,-0.2004954954954955,-0.7664864864864865
37,Indian Ocean / Middle East,1990,10,0,0.44666666666666666,0.1275,-0.027162162162162162,0.15934684684684686
37,Indian Ocean / Middle East,1991,11,0,0.4058333333333333,0.6183333333333334,-0.0679954954954955,0.6501801801801802
37,Indian Ocean / Middle East,1992,12,0,0.22333333333333333,0.6083333333333333,-0.2504954954954955,0.6401801801801801
37,Indian Ocean / Middle East,1993,13,0,0.2316666666666667,0.29916666666666664,-0.24216216216216213,0.3310135135135135
37,Indian Ocean / Middle East,1994,14,0,0.315,0.46,-0.15882882882882882,0.4918468468468469
37,Indian Ocean / Middle East,1995,15,0,0.445,-0.1975,-0.028828828828828812,-0.16565315315315315
37,Indian Ocean / Middle East,1996,16,0,0.3325,-0.5183333333333333,-0.1413288288288288,-0.48648648648648646
37,Indian Ocean / Middle East,1997,17,0,0.4658333333333333,1.1150000000000002,-0.007995495495495497,1.1468468468468471
37,Indian Ocean / Middle East,1998,18,1,0.6075,-0.11916666666666656,0.13367117117117122,-0.08731981981981972
37,Indian Ocean / Middle East,1999,19,0,0.3825,-1.2866666666666666,-0.09132882882882881,-1.2548198198198197
37,Indian Ocean / Middle East,2000,20,0,0.395,-0.9091666666666667,-0.0788288288288288,-0.8773198198198199
37,Indian Ocean / Middle East,2001,21,0,0.5325,-0.33916666666666667,0.058671171171171155,-0.3073198198198198
37,Indian Ocean / Middle East,2002,22,0,0.6275000000000001,0.6383333333333333,0.15367117117117124,0.6701801801801801
37,Indian Ocean / Middle East,2003,23,0,0.6166666666666667,0.20666666666666667,0.14283783783783788,0.23851351351351352
37,Indian Ocean / Middle East,2004,24,0,0.5333333333333333,0.4225,0.05950450450450451,0.45434684684684684
37,Indian Ocean / Middle East,2005,25,0,0.6791666666666667,0.015000000000000003,0.20533783783783788,0.04684684684684684
37,Indian Ocean / Middle East,2006,26,0,0.64,0.0875,0.1661711711711712,0.11934684684684684
37,Indian Ocean / Middle East,2007,27,0,0.665,-0.6183333333333333,0.19117117117117122,-0.5864864864864865
37,Indian Ocean / Middle East,2008,28,0,0.5433333333333333,-0.785,0.06950450450450452,-0.7531531531531532
37,Indian Ocean / Middle East,2009,29,0,0.6566666666666667,0.2883333333333333,0.1828378378378379,0.32018018018018013
37,Indian Ocean / Middle East,2010,30,0,0.725,-0.48749999999999993,0.25117117117117116,-0.4556531531531531
37,Indian Ocean / Middle East,2011,31,0,0.61,-0.8691666666666666,0.13617117117117117,-0.8373198198198198
37,Indian Ocean / Middle East,2012,32,0,0.6458333333333334,-0.13999999999999999,0.17200450450450455,-0.10815315315315314
37,Indian Ocean / Middle East,2013,33,0,0.6766666666666666,-0.31916666666666665,0.20283783783783782,-0.2873198198198198
37,Indian Ocean / Middle East,2014,34,0,0.7491666666666666,0.11166666666666666,0.27533783783783783,0.1435135135135135
37,Indian Ocean / Middle East,2015,35,0,0.8975,1.4616666666666667,0.42367117117117115,1.4935135135135136
37,Indian Ocean / Middle East,2016,36,1,1.0125,0.3324999999999999,0.5386711711711711,0.36434684684684676
38,Indian Ocean / Middle East,1980,0,0,0.2558333333333333,-0.0016666666666666843,-0.21799549549549552,0.030180180180180156
38,Indian Ocean / Middle East,1981,1,0,0.3225,-0.4558333333333333,-0.1513288288288288,-0.42398648648648646
38,Indian Ocean / Middle East,1982,2,0,0.13916666666666666,0.8316666666666667,-0.33466216216216216,0.8635135135135135
38,Indian Ocean / Middle East,1983,3,0,0.315,0.30666666666666664,-0.15882882882882882,0.3385135135135135
38,Indian Ocean / Middle East,1984,4,0,0.15583333333333332,-0.6641666666666667,-0.3179954954954955,-0.6323198198198199
38,Indian Ocean / Middle East,1985,5,0,0.11750000000000001,-0.755,-0.3563288288288288,-0.7231531531531532
38,Indian Ocean / Middle East,1986,6,0,0.18,0.06000000000000004,-0.2938288288288288,0.09184684684684688
38,Indian Ocean / Middle East,1987,7,0,0.32166666666666666,1.0941666666666667,-0.15216216216216216,1.1260135135135136
38,Indian Ocean / Middle East,1988,8,0,0.38916666666666666,-0.9991666666666666,-0.08466216216216216,-0.9673198198198198
38,Indian Ocean / Middle East,1989,9,0,0.2733333333333333,-0.7983333333333333,-0.2004954954954955,-0.7664864864864865
38,Indian Ocean / Middle East,1990,10,0,0.44666666666666666,0.1275,-0.027162162162162162,0.15934684684684686
38,Indian Ocean / Middle East,1991,11,0,0.4058333333333333,0.6183333333333334,-0.0679954954954955,0.6501801801801802
38,Indian Ocean / Middle East,1992,12,0,0.22333333333333333,0.6083333333333333,-0.2504954954954955,0.6401801801801801
38,Indian Ocean / Middle East,1993,13,0,0.2316666666666667,0.29916666666666664,-0.24216216216216213,0.3310135135135135
38,Indian Ocean / Middle East,1994,14,0,0.315,0.46,-0.15882882882882882,0.4918468468468469
38,Indian Ocean / Middle East,1995,15,0,0.445,-0.1975,-0.028828828828828812,-0.16565315315315315
38,Indian Ocean / Middle East,1996,16,0,0.3325,-0.5183333333333333,-0.1413288288288288,-0.48648648648648646
38,Indian Ocean / Middle East,1997,17,0,0.4658333333333333,1.1150000000000002,-0.007995495495495497,1.1468468468468471
38,Indian Ocean / Middle East,1998,18,1,0.6075,-0.11916666666666656,0.13367117117117122,-0.08731981981981972
38,Indian Ocean / Middle East,1999,19,0,0.3825,-1.2866666666666666,-0.09132882882882881,-1.2548198198198197
38,Indian Ocean / Middle East,2000,20,0,0.395,-0.9091666666666667,-0.0788288288288288,-0.8773198198198199
38,Indian Ocean / Middle East,2001,21,0,0.5325,-0.33916666666666667,0.058671171171171155,-0.3073198198198198
38,Indian Ocean / Middle East,2002,22,0,0.6275000000000001,0.6383333333333333,0.15367117117117124,0.6701801801801801
38,Indian Ocean / Middle East,2003,23,1,0.6166666666666667,0.20666666666666667,0.14283783783783788,0.23851351351351352
38,Indian Ocean / Middle East,2004,24,1,0.5333333333333333,0.4225,0.05950450450450451,0.45434684684684684
38,Indian Ocean / Middle East,2005,25,0,0.6791666666666667,0.015000000000000003,0.20533783783783788,0.04684684684684684
38,Indian Ocean / Middle East,2006,26,0,0.64,0.0875,0.1661711711711712,0.11934684684684684
38,Indian Ocean / Middle East,2007,27,0,0.665,-0.6183333333333333,0.19117117117117122,-0.5864864864864865
38,Indian Ocean / Middle East,2008,28,0,0.5433333333333333,-0.785,0.06950450450450452,-0.7531531531531532
38,Indian Ocean / Middle East,2009,29,0,0.6566666666666667,0.2883333333333333,0.1828378378378379,0.32018018018018013
38,Indian Ocean / Middle East,2010,30,0,0.725,-0.48749999999999993,0.25117117117117116,-0.4556531531531531
38,Indian Ocean / Middle East,2011,31,0,0.61,-0.8691666666666666,0.13617117117117117,-0.8373198198198198
38,Indian Ocean / Middle East,2012,32,0,0.6458333333333334,-0.13999999999999999,0.17200450450450455,-0.10815315315315314
38,Indian Ocean / Middle East,2013,33,0,0.6766666666666666,-0.31916666666666665,0.20283783783783782,-0.2873198198198198
38,Indian Ocean / Middle East,2014,34,0,0.7491666666666666,0.11166666666666666,0.27533783783783783,0.1435135135135135
38,Indian Ocean / Middle East,2015,35,1,0.8975,1.4616666666666667,0.42367117117117115,1.4935135135135136
38,Indian Ocean / Middle East,2016,36,1,1.0125,0.3324999999999999,0.5386711711711711,0.36434684684684676
39,Indian Ocean / Middle East,1980,0,0,0.2558333333333333,-0.0016666666666666843,-0.21799549549549552,0.030180180180180156
39,Indian Ocean / Middle East,1981,1,0,0.3225,-0.4558333333333333,-0.1513288288288288,-0.42398648648648646
39,Indian Ocean / Middle East,1982,2,0,0.13916666666666666,0.8316666666666667,-0.33466216216216216,0.8635135135135135
39,Indian Ocean / Middle East,1983,3,1,0.315,0.30666666666666664,-0.15882882882882882,0.3385135135135135
39,Indian Ocean / Middle East,1984,4,0,0.15583333333333332,-0.6641666666666667,-0.3179954954954955,-0.6323198198198199
39,Indian Ocean / Middle East,1985,5,0,0.11750000000000001,-0.755,-0.3563288288288288,-0.7231531531531532
39,Indian Ocean / Middle East,1986,6,0,0.18,0.06000000000000004,-0.2938288288288288,0.09184684684684688
39,Indian Ocean / Middle East,1987,7,0,0.32166666666666666,1.0941666666666667,-0.15216216216216216,1.1260135135135136
39,Indian Ocean / Middle East,1988,8,0,0.38916666666666666,-0.9991666666666666,-0.08466216216216216,-0.9673198198198198
39,Indian Ocean / Middle East,1989,9,0,0.2733333333333333,-0.7983333333333333,-0.2004954954954955,-0.7664864864864865
39,Indian Ocean / Middle East,1990,10,0,0.44666666666666666,0.1275,-0.027162162162162162,0.15934684684684686
39,Indian Ocean / Middle East,1991,11,0,0.4058333333333333,0.6183333333333334,-0.0679954954954955,0.6501801801801802
39,Indian Ocean / Middle East,1992,12,0,0.22333333333333333,0.6083333333333333,-0.2504954954954955,0.6401801801801801
39,Indian Ocean / Middle East,1993,13,0,0.2316666666666667,0.29916666666666664,-0.24216216216216213,0.3310135135135135
39,Indian Ocean / Middle East,1994,14,0,0.315,0.46,-0.15882882882882882,0.4918468468468469
39,Indian Ocean / Middle East,1995,15,0,0.445,-0.1975,-0.028828828828828812,-0.16565315315315315
39,Indian Ocean / Middle East,1996,16,0,0.3325,-0.5183333333333333,-0.1413288288288288,-0.48648648648648646
39,Indian Ocean / Middle East,1997,17,0,0.4658333333333333,1.1150000000000002,-0.007995495495495497,1.1468468468468471
39,Indian Ocean / Middle East,1998,18,1,0.6075,-0.11916666666666656,0.13367117117117122,-0.08731981981981972
39,Indian Ocean / Middle East,1999,19,0,0.3825,-1.2866666666666666,-0.09132882882882881,-1.2548198198198197
39,Indian Ocean / Middle East,2000,20,0,0.395,-0.9091666666666667,-0.0788288288288288,-0.8773198198198199
39,Indian Ocean / Middle East,2001,21,0,0.5325,-0.33916666666666667,0.058671171171171155,-0.3073198198198198
39,Indian Ocean / Middle East,2002,22,0,0.6275000000000001,0.6383333333333333,0.15367117117117124,0.6701801801801801
39,Indian Ocean / Middle East,2003,23,0,0.6166666666666667,0.20666666666666667,0.14283783783783788,0.23851351351351352
39,Indian Ocean / Middle East,2004,24,0,0.5333333333333333,0.4225,0.05950450450450451,0.45434684684684684
39,Indian Ocean / Middle East,2005,25,0,0.6791666666666667,0.015000000000000003,0.20533783783783788,0.04684684684684684
39,Indian Ocean / Middle East,2006,26,0,0.64,0.0875,0.1661711711711712,0.11934684684684684
39,Indian Ocean / Middle East,2007,27,0,0.665,-0.6183333333333333,0.19117117117117122,-0.5864864864864865
39,Indian Ocean / Middle East,2008,28,0,0.5433333333333333,-0.785,0.06950450450450452,-0.7531531531531532
39,Indian Ocean / Middle East,2009,29,0,0.6566666666666667,0.2883333333333333,0.1828378378378379,0.32018018018018013
39,Indian Ocean / Middle East,2010,30,1,0.725,-0.48749999999999993,0.25117117117117116,-0.4556531531531531
39,Indian Ocean / Middle East,2011,31,0,0.61,-0.8691666666666666,0.13617117117117117,-0.8373198198198198
39,Indian Ocean / Middle East,2012,32,0,0.6458333333333334,-0.13999999999999999,0.17200450450450455,-0.10815315315315314
39,Indian Ocean / Middle East,2013,33,0,0.6766666666666666,-0.31916666666666665,0.20283783783783782,-0.2873198198198198
39,Indian Ocean / Middle East,2014,34,0,0.7491666666666666,0.11166666666666666,0.27533783783783783,0.1435135135135135
39,Indian Ocean / Middle East,2015,35,0,0.8975,1.4616666666666667,0.42367117117117115,1.4935135135135136
39,Indian Ocean / Middle East,2016,36,1,1.0125,0.3324999999999999,0.5386711711711711,0.36434684684684676
40,Indian Ocean / Middle East,1980,0,0,0.2558333333333333,-0.0016666666666666843,-0.21799549549549552,0.030180180180180156
40,Indian Ocean / Middle East,1981,1,0,0.3225,-0.4558333333333333,-0.1513288288288288,-0.42398648648648646
40,Indian Ocean / Middle East,1982,2,0,0.13916666666666666,0.8316666666666667,-0.33466216216216216,0.8635135135135135
40,Indian Ocean / Middle East,1983,3,0,0.315,0.30666666666666664,-0.15882882882882882,0.3385135135135135
40,Indian Ocean / Middle East,1984,4,0,0.15583333333333332,-0.6641666666666667,-0.3179954954954955,-0.6323198198198199
40,Indian Ocean / Middle East,1985,5,0,0.11750000000000001,-0.755,-0.3563288288288288,-0.7231531531531532
40,Indian Ocean / Middle East,1986,6,0,0.18,0.06000000000000004,-0.2938288288288288,0.09184684684684688
40,Indian Ocean / Middle East,1987,7,0,0.32166666666666666,1.0941666666666667,-0.15216216216216216,1.1260135135135136
40,Indian Ocean / Middle East,1988,8,0,0.38916666666666666,-0.9991666666666666,-0.08466216216216216,-0.9673198198198198
40,Indian Ocean / Middle East,1989,9,0,0.2733333333333333,-0.7983333333333333,-0.2004954954954955,-0.7664864864864865
40,Indian Ocean / Middle East,1990,10,0,0.44666666666666666,0.1275,-0.027162162162162162,0.15934684684684686
40,Indian Ocean / Middle East,1991,11,0,0.4058333333333333,0.6183333333333334,-0.0679954954954955,0.6501801801801802
40,Indian Ocean / Middle East,1992,12,0,0.22333333333333333,0.6083333333333333,-0.2504954954954955,0.6401801801801801
40,Indian Ocean / Middle East,1993,13,0,0.2316666666666667,0.29916666666666664,-0.24216216216216213,0.3310135135135135
40,Indian Ocean / Middle East,1994,14,0,0.315,0.46,-0.15882882882882882,0.4918468468468469
40,Indian Ocean / Middle East,1995,15,0,0.445,-0.1975,-0.028828828828828812,-0.16565315315315315
40,Indian Ocean / Middle East,1996,16,0,0.3325,-0.5183333333333333,-0.1413288288288288,-0.48648648648648646
40,Indian Ocean / Middle East,1997,17,0,0.4658333333333333,1.1150000000000002,-0.007995495495495497,1.1468468468468471
40,Indian Ocean / Middle East,1998,18,0,0.6075,-0.11916666666666656,0.13367117117117122,-0.08731981981981972
40,Indian Ocean / Middle East,1999,19,0,0.3825,-1.2866666666666666,-0.09132882882882881,-1.2548198198198197
40,Indian Ocean / Middle East,2000,20,0,0.395,-0.9091666666666667,-0.0788288288288288,-0.8773198198198199
40,Indian Ocean / Middle East,2001,21,0,0.5325,-0.33916666666666667,0.058671171171171155,-0.3073198198198198
40,Indian Ocean / Middle East,2002,22,0,0.6275000000000001,0.6383333333333333,0.15367117117117124,0.6701801801801801
40,Indian Ocean / Middle East,2003,23,0,0.6166666666666667,0.20666666666666667,0.14283783783783788,0.23851351351351352
40,Indian Ocean / Middle East,2004,24,1,0.5333333333333333,0.4225,0.05950450450450451,0.45434684684684684
40,Indian Ocean / Middle East,2005,25,1,0.6791666666666667,0.015000000000000003,0.20533783783783788,0.04684684684684684
40,Indian Ocean / Middle East,2006,26,0,0.64,0.0875,0.1661711711711712,0.11934684684684684
40,Indian Ocean / Middle East,2007,27,0,0.665,-0.6183333333333333,0.19117117117117122,-0.5864864864864865
40,Indian Ocean / Middle East,2008,28,0,0.5433333333333333,-0.785,0.06950450450450452,-0.7531531531531532
40,Indian Ocean / Middle East,2009,29,0,0.6566666666666667,0.2883333333333333,0.1828378378378379,0.32018018018018013
40,Indian Ocean / Middle East,2010,30,0,0.725,-0.48749999999999993,0.25117117117117116,-0.4556531531531531
40,Indian Ocean / Middle East,2011,31,0,0.61,-0.8691666666666666,0.13617117117117117,-0.8373198198198198
40,Indian Ocean / Middle East,2012,32,0,0.6458333333333334,-0.13999999999999999,0.17200450450450455,-0.10815315315315314
40,Indian Ocean / Middle East,2013,33,0,0.6766666666666666,-0.31916666666666665,0.20283783783783782,-0.2873198198198198
40,Indian Ocean / Middle East,2014,34,0,0.7491666666666666,0.11166666666666666,0.27533783783783783,0.1435135135135135
40,Indian Ocean / Middle East,2015,35,0,0.8975,1.4616666666666667,0.42367117117117115,1.4935135135135136
40,Indian Ocean / Middle East,2016,36,0,1.0125,0.3324999999999999,0.5386711711711711,0.36434684684684676
41,Indian Ocean / Middle East,1980,0,0,0.2558333333333333,-0.0016666666666666843,-0.21799549549549552,0.030180180180180156
41,Indian Ocean / Middle East,1981,1,0,0.3225,-0.4558333333333333,-0.1513288288288288,-0.42398648648648646
41,Indian Ocean / Middle East,1982,2,0,0.13916666666666666,0.8316666666666667,-0.33466216216216216,0.8635135135135135
41,Indian Ocean / Middle East,1983,3,0,0.315,0.30666666666666664,-0.15882882882882882,0.3385135135135135
41,Indian Ocean / Middle East,1984,4,0,0.15583333333333332,-0.6641666666666667,-0.3179954954954955,-0.6323198198198199
41,Indian Ocean / Middle East,1985,5,0,0.11750000000000001,-0.755,-0.3563288288288288,-0.7231531531531532
41,Indian Ocean / Middle East,1986,6,0,0.18,0.06000000000000004,-0.2938288288288288,0.09184684684684688
41,Indian Ocean / Middle East,1987,7,0,0.32166666666666666,1.0941666666666667,-0.15216216216216216,1.1260135135135136
41,Indian Ocean / Middle East,1988,8,0,0.38916666666666666,-0.9991666666666666,-0.08466216216216216,-0.9673198198198198
41,Indian Ocean / Middle East,1989,9,0,0.2733333333333333,-0.7983333333333333,-0.2004954954954955,-0.7664864864864865
41,Indian Ocean / Middle East,1990,10,0,0.44666666666666666,0.1275,-0.027162162162162162,0.15934684684684686
41,Indian Ocean / Middle East,1991,11,0,0.4058333333333333,0.6183333333333334,-0.0679954954954955,0.6501801801801802
41,Indian Ocean / Middle East,1992,12,0,0.22333333333333333,0.6083333333333333,-0.2504954954954955,0.6401801801801801
41,Indian Ocean / Middle East,1993,13,0,0.2316666666666667,0.29916666666666664,-0.24216216216216213,0.3310135135135135
41,Indian Ocean / Middle East,1994,14,0,0.315,0.46,-0.15882882882882882,0.4918468468468469
41,Indian Ocean / Middle East,1995,15,0,0.445,-0.1975,-0.028828828828828812,-0.16565315315315315
41,Indian Ocean / Middle East,1996,16,0,0.3325,-0.5183333333333333,-0.1413288288288288,-0.48648648648648646
41,Indian Ocean / Middle East,1997,17,0,0.4658333333333333,1.1150000000000002,-0.007995495495495497,1.1468468468468471
41,Indian Ocean / Middle East,1998,18,1,0.6075,-0.11916666666666656,0.13367117117117122,-0.08731981981981972
41,Indian Ocean / Middle East,1999,19,0,0.3825,-1.2866666666666666,-0.09132882882882881,-1.2548198198198197
41,Indian Ocean / Middle East,2000,20,0,0.395,-0.9091666666666667,-0.0788288288288288,-0.8773198198198199
41,Indian Ocean / Middle East,2001,21,0,0.5325,-0.33916666666666667,0.058671171171171155,-0.3073198198198198
41,Indian Ocean / Middle East,2002,22,1,0.6275000000000001,0.6383333333333333,0.15367117117117124,0.6701801801801801
41,Indian Ocean / Middle East,2003,23,0,0.6166666666666667,0.20666666666666667,0.14283783783783788,0.23851351351351352
41,Indian Ocean / Middle East,2004,24,0,0.5333333333333333,0.4225,0.05950450450450451,0.45434684684684684
41,Indian Ocean / Middle East,2005,25,0,0.6791666666666667,0.015000000000000003,0.20533783783783788,0.04684684684684684
41,Indian Ocean / Middle East,2006,26,0,0.64,0.0875,0.1661711711711712,0.11934684684684684
41,Indian Ocean / Middle East,2007,27,1,0.665,-0.6183333333333333,0.19117117117117122,-0.5864864864864865
41,Indian Ocean / Middle East,2008,28,0,0.5433333333333333,-0.785,0.06950450450450452,-0.7531531531531532
41,Indian Ocean / Middle East,2009,29,0,0.6566666666666667,0.2883333333333333,0.1828378378378379,0.32018018018018013
41,Indian Ocean / Middle East,2010,30,1,0.725,-0.48749999999999993,0.25117117117117116,-0.4556531531531531
41,Indian Ocean / Middle East,2011,31,0,0.61,-0.8691666666666666,0.13617117117117117,-0.8373198198198198
41,Indian Ocean / Middle East,2012,32,0,0.6458333333333334,-0.13999999999999999,0.17200450450450455,-0.10815315315315314
41,Indian Ocean / Middle East,2013,33,0,0.6766666666666666,-0.31916666666666665,0.20283783783783782,-0.2873198198198198
41,Indian Ocean / Middle East,2014,34,0,0.7491666666666666,0.11166666666666666,0.27533783783783783,0.1435135135135135
41,Indian Ocean / Middle East,2015,35,0,0.8975,1.4616666666666667,0.42367117117117115,1.4935135135135136
41,Indian Ocean / Middle East,2016,36,1,1.0125,0.3324999999999999,0.5386711711711711,0.36434684684684676
42,Indian Ocean / Middle East,1980,0,0,0.2558333333333333,-0.0016666666666666843,-0.21799549549549552,0.030180180180180156
42,Indian Ocean / Middle East,1981,1,0,0.3225,-0.4558333333333333,-0.1513288288288288,-0.42398648648648646
42,Indian Ocean / Middle East,1982,2,0,0.13916666666666666,0.8316666666666667,-0.33466216216216216,0.8635135135135135
42,Indian Ocean / Middle East,1983,3,0,0.315,0.30666666666666664,-0.15882882882882882,0.3385135135135135
42,Indian Ocean / Middle East,1984,4,0,0.15583333333333332,-0.6641666666666667,-0.3179954954954955,-0.6323198198198199
42,Indian Ocean / Middle East,1985,5,0,0.11750000000000001,-0.755,-0.3563288288288288,-0.7231531531531532
42,Indian Ocean / Middle East,1986,6,0,0.18,0.06000000000000004,-0.2938288288288288,0.09184684684684688
42,Indian Ocean / Middle East,1987,7,1,0.32166666666666666,1.0941666666666667,-0.15216216216216216,1.1260135135135136
42,Indian Ocean / Middle East,1988,8,0,0.38916666666666666,-0.9991666666666666,-0.08466216216216216,-0.9673198198198198
42,Indian Ocean / Middle East,1989,9,0,0.2733333333333333,-0.7983333333333333,-0.2004954954954955,-0.7664864864864865
42,Indian Ocean / Middle East,1990,10,0,0.44666666666666666,0.1275,-0.027162162162162162,0.15934684684684686
42,Indian Ocean / Middle East,1991,11,0,0.4058333333333333,0.6183333333333334,-0.0679954954954955,0.6501801801801802
42,Indian Ocean / Middle East,1992,12,0,0.22333333333333333,0.6083333333333333,-0.2504954954954955,0.6401801801801801
42,Indian Ocean / Middle East,1993,13,0,0.2316666666666667,0.29916666666666664,-0.24216216216216213,0.3310135135135135
42,Indian Ocean / Middle East,1994,14,0,0.315,0.46,-0.15882882882882882,0.4918468468468469
42,Indian Ocean / Middle East,1995,15,0,0.445,-0.1975,-0.028828828828828812,-0.16565315315315315
42,Indian Ocean / Middle East,1996,16,0,0.3325,-0.5183333333333333,-0.1413288288288288,-0.48648648648648646
42,Indian Ocean / Middle East,1997,17,0,0.4658333333333333,1.1150000000000002,-0.007995495495495497,1.1468468468468471
42,Indian Ocean / Middle East,1998,18,1,0.6075,-0.11916666666666656,0.13367117117117122,-0.08731981981981972
42,Indian Ocean / Middle East,1999,19,0,0.3825,-1.2866666666666666,-0.09132882882882881,-1.2548198198198197
42,Indian Ocean / Middle East,2000,20,0,0.395,-0.9091666666666667,-0.0788288288288288,-0.8773198198198199
42,Indian Ocean / Middle East,2001,21,0,0.5325,-0.33916666666666667,0.058671171171171155,-0.3073198198198198
42,Indian Ocean / Middle East,2002,22,0,0.6275000000000001,0.6383333333333333,0.15367117117117124,0.6701801801801801
42,Indian Ocean / Middle East,2003,23,0,0.6166666666666667,0.20666666666666667,0.14283783783783788,0.23851351351351352
42,Indian Ocean / Middle East,2004,24,0,0.5333333333333333,0.4225,0.05950450450450451,0.45434684684684684
42,Indian Ocean / Middle East,2005,25,1,0.6791666666666667,0.015000000000000003,0.20533783783783788,0.04684684684684684
42,Indian Ocean / Middle East,2006,26,0,0.64,0.0875,0.1661711711711712,0.11934684684684684
42,Indian Ocean / Middle East,2007,27,0,0.665,-0.6183333333333333,0.19117117117117122,-0.5864864864864865
42,Indian Ocean / Middle East,2008,28,0,0.5433333333333333,-0.785,0.06950450450450452,-0.7531531531531532
42,Indian Ocean / Middle East,2009,29,0,0.6566666666666667,0.2883333333333333,0.1828378378378379,0.32018018018018013
42,Indian Ocean / Middle East,2010,30,1,0.725,-0.48749999999999993,0.25117117117117116,-0.4556531531531531
42,Indian Ocean / Middle East,2011,31,0,0.61,-0.8691666666666666,0.13617117117117117,-0.8373198198198198
42,Indian Ocean / Middle East,2012,32,0,0.6458333333333334,-0.13999999999999999,0.17200450450450455,-0.10815315315315314
42,Indian Ocean / Middle East,2013,33,0,0.6766666666666666,-0.31916666666666665,0.20283783783783782,-0.2873198198198198
42,Indian Ocean / Middle East,2014,34,0,0.7491666666666666,0.11166666666666666,0.27533783783783783,0.1435135135135135
42,Indian Ocean / Middle East,2015,35,0,0.8975,1.4616666666666667,0.42367117117117115,1.4935135135135136
42,Indian Ocean / Middle East,2016,36,0,1.0125,0.3324999999999999,0.5386711711711711,0.36434684684684676
43,Indian Ocean / Middle East,1980,0,0,0.2558333333333333,-0.0016666666666666843,-0.21799549549549552,0.030180180180180156
43,Indian Ocean / Middle East,1981,1,0,0.3225,-0.4558333333333333,-0.1513288288288288,-0.42398648648648646
43,Indian Ocean / Middle East,1982,2,0,0.13916666666666666,0.8316666666666667,-0.33466216216216216,0.8635135135135135
43,Indian Ocean / Middle East,1983,3,0,0.315,0.30666666666666664,-0.15882882882882882,0.3385135135135135
43,Indian Ocean / Middle East,1984,4,0,0.15583333333333332,-0.6641666666666667,-0.3179954954954955,-0.6323198198198199
43,Indian Ocean / Middle East,1985,5,0,0.11750000000000001,-0.755,-0.3563288288288288,-0.7231531531531532
43,Indian Ocean / Middle East,1986,6,0,0.18,0.06000000000000004,-0.2938288288288288,0.09184684684684688
43,Indian Ocean / Middle East,1987,7,1,0.32166666666666666,1.0941666666666667,-0.15216216216216216,1.1260135135135136
43,Indian Ocean / Middle East,1988,8,0,0.38916666666666666,-0.9991666666666666,-0.08466216216216216,-0.9673198198198198
43,Indian Ocean / Middle East,1989,9,0,0.2733333333333333,-0.7983333333333333,-0.2004954954954955,-0.7664864864864865
43,Indian Ocean / Middle East,1990,10,0,0.44666666666666666,0.1275,-0.027162162162162162,0.15934684684684686
43,Indian Ocean / Middle East,1991,11,0,0.4058333333333333,0.6183333333333334,-0.0679954954954955,0.6501801801801802
43,Indian Ocean / Middle East,1992,12,0,0.22333333333333333,0.6083333333333333,-0.2504954954954955,0.6401801801801801
43,Indian Ocean / Middle East,1993,13,0,0.2316666666666667,0.29916666666666664,-0.24216216216216213,0.3310135135135135
43,Indian Ocean / Middle East,1994,14,0,0.315,0.46,-0.15882882882882882,0.4918468468468469
43,Indian Ocean / Middle East,1995,15,0,0.445,-0.1975,-0.028828828828828812,-0.16565315315315315
43,Indian Ocean / Middle East,1996,16,0,0.3325,-0.5183333333333333,-0.1413288288288288,-0.48648648648648646
43,Indian Ocean / Middle East,1997,17,0,0.4658333333333333,1.1150000000000002,-0.007995495495495497,1.1468468468468471
43,Indian Ocean / Middle East,1998,18,1,0.6075,-0.11916666666666656,0.13367117117117122,-0.08731981981981972
43,Indian Ocean / Middle East,1999,19,0,0.3825,-1.2866666666666666,-0.09132882882882881,-1.2548198198198197
43,Indian Ocean / Middle East,2000,20,0,0.395,-0.9091666666666667,-0.0788288288288288,-0.8773198198198199
43,Indian Ocean / Middle East,2001,21,0,0.5325,-0.33916666666666667,0.058671171171171155,-0.3073198198198198
43,Indian Ocean / Middle East,2002,22,0,0.6275000000000001,0.6383333333333333,0.15367117117117124,0.6701801801801801
43,Indian Ocean / Middle East,2003,23,0,0.6166666666666667,0.20666666666666667,0.14283783783783788,0.23851351351351352
43,Indian Ocean / Middle East,2004,24,0,0.5333333333333333,0.4225,0.05950450450450451,0.45434684684684684
43,Indian Ocean / Middle East,2005,25,0,0.6791666666666667,0.015000000000000003,0.20533783783783788,0.04684684684684684
43,Indian Ocean / Middle East,2006,26,0,0.64,0.0875,0.1661711711711712,0.11934684684684684
43,Indian Ocean / Middle East,2007,27,0,0.665,-0.6183333333333333,0.19117117117117122,-0.5864864864864865
43,Indian Ocean / Middle East,2008,28,0,0.5433333333333333,-0.785,0.06950450450450452,-0.7531531531531532
43,Indian Ocean / Middle East,2009,29,0,0.6566666666666667,0.2883333333333333,0.1828378378378379,0.32018018018018013
43,Indian Ocean / Middle East,2010,30,0,0.725,-0.48749999999999993,0.25117117117117116,-0.4556531531531531
43,Indian Ocean / Middle East,2011,31,0,0.61,-0.8691666666666666,0.13617117117117117,-0.8373198198198198
43,Indian Ocean / Middle East,2012,32,0,0.6458333333333334,-0.13999999999999999,0.17200450450450455,-0.10815315315315314
43,Indian Ocean / Middle East,2013,33,0,0.6766666666666666,-0.31916666666666665,0.20283783783783782,-0.2873198198198198
43,Indian Ocean / Middle East,2014,34,0,0.7491666666666666,0.11166666666666666,0.27533783783783783,0.1435135135135135
43,Indian Ocean / Middle East,2015,35,0,0.8975,1.4616666666666667,0.42367117117117115,1.4935135135135136
43,Indian Ocean / Middle East,2016,36,1,1.0125,0.3324999999999999,0.5386711711711711,0.36434684684684676
44,Indian Ocean / Middle East,1980,0,0,0.2558333333333333,-0.0016666666666666843,-0.21799549549549552,0.030180180180180156
44,Indian Ocean / Middle East,1981,1,0,0.3225,-0.4558333333333333,-0.1513288288288288,-0.42398648648648646
44,Indian Ocean / Middle East,1982,2,0,0.13916666666666666,0.8316666666666667,-0.33466216216216216,0.8635135135135135
44,Indian Ocean / Middle East,1983,3,0,0.315,0.30666666666666664,-0.15882882882882882,0.3385135135135135
44,Indian Ocean / Middle East,1984,4,0,0.15583333333333332,-0.6641666666666667,-0.3179954954954955,-0.6323198198198199
44,Indian Ocean / Middle East,1985,5,0,0.11750000000000001,-0.755,-0.3563288288288288,-0.7231531531531532
44,Indian Ocean / Middle East,1986,6,0,0.18,0.06000000000000004,-0.2938288288288288,0.09184684684684688
44,Indian Ocean / Middle East,1987,7,0,0.32166666666666666,1.0941666666666667,-0.15216216216216216,1.1260135135135136
44,Indian Ocean / Middle East,1988,8,0,0.38916666666666666,-0.9991666666666666,-0.08466216216216216,-0.9673198198198198
44,Indian Ocean / Middle East,1989,9,0,0.2733333333333333,-0.7983333333333333,-0.2004954954954955,-0.7664864864864865
44,Indian Ocean / Middle East,1990,10,0,0.44666666666666666,0.1275,-0.027162162162162162,0.15934684684684686
44,Indian Ocean / Middle East,1991,11,0,0.4058333333333333,0.6183333333333334,-0.0679954954954955,0.6501801801801802
44,Indian Ocean / Middle East,1992,12,0,0.22333333333333333,0.6083333333333333,-0.2504954954954955,0.6401801801801801
44,Indian Ocean / Middle East,1993,13,0,0.2316666666666667,0.29916666666666664,-0.24216216216216213,0.3310135135135135
44,Indian Ocean / Middle East,1994,14,0,0.315,0.46,-0.15882882882882882,0.4918468468468469
44,Indian Ocean / Middle East,1995,15,0,0.445,-0.1975,-0.028828828828828812,-0.16565315315315315
44,Indian Ocean / Middle East,1996,16,0,0.3325,-0.5183333333333333,-0.1413288288288288,-0.48648648648648646
44,Indian Ocean / Middle East,1997,17,0,0.4658333333333333,1.1150000000000002,-0.007995495495495497,1.1468468468468471
44,Indian Ocean / Middle East,1998,18,1,0.6075,-0.11916666666666656,0.13367117117117122,-0.08731981981981972
44,Indian Ocean / Middle East,1999,19,0,0.3825,-1.2866666666666666,-0.09132882882882881,-1.2548198198198197
44,Indian Ocean / Middle East,2000,20,0,0.395,-0.9091666666666667,-0.0788288288288288,-0.8773198198198199
44,Indian Ocean / Middle East,2001,21,0,0.5325,-0.33916666666666667,0.058671171171171155,-0.3073198198198198
44,Indian Ocean / Middle East,2002,22,0,0.6275000000000001,0.6383333333333333,0.15367117117117124,0.6701801801801801
44,Indian Ocean / Middle East,2003,23,0,0.6166666666666667,0.20666666666666667,0.14283783783783788,0.23851351351351352
44,Indian Ocean / Middle East,2004,24,0,0.5333333333333333,0.4225,0.05950450450450451,0.45434684684684684
44,Indian Ocean / Middle East,2005,25,1,0.6791666666666667,0.015000000000000003,0.20533783783783788,0.04684684684684684
44,Indian Ocean / Middle East,2006,26,0,0.64,0.0875,0.1661711711711712,0.11934684684684684
44,Indian Ocean / Middle East,2007,27,0,0.665,-0.6183333333333333,0.19117117117117122,-0.5864864864864865
44,Indian Ocean / Middle East,2008,28,0,0.5433333333333333,-0.785,0.06950450450450452,-0.7531531531531532
44,Indian Ocean / Middle East,2009,29,0,0.6566666666666667,0.2883333333333333,0.1828378378378379,0.32018018018018013
44,Indian Ocean / Middle East,2010,30,1,0.725,-0.48749999999999993,0.25117117117117116,-0.4556531531531531
44,Indian Ocean / Middle East,2011,31,0,0.61,-0.8691666666666666,0.13617117117117117,-0.8373198198198198
44,Indian Ocean / Middle East,2012,32,0,0.6458333333333334,-0.13999999999999999,0.17200450450450455,-0.10815315315315314
44,Indian Ocean / Middle East,2013,33,0,0.6766666666666666,-0.31916666666666665,0.20283783783783782,-0.2873198198198198
44,Indian Ocean / Middle East,2014,34,0,0.7491666666666666,0.11166666666666666,0.27533783783783783,0.1435135135135135
44,Indian Ocean / Middle East,2015,35,0,0.8975,1.4616666666666667,0.42367117117117115,1.4935135135135136
44,Indian Ocean / Middle East,2016,36,1,1.0125,0.3324999999999999,0.5386711711711711,0.36434684684684676
45,Indian Ocean / Middle East,1980,0,0,0.2558333333333333,-0.0016666666666666843,-0.21799549549549552,0.030180180180180156
45,Indian Ocean / Middle East,1981,1,0,0.3225,-0.4558333333333333,-0.1513288288288288,-0.42398648648648646
45,Indian Ocean / Middle East,1982,2,0,0.13916666666666666,0.8316666666666667,-0.33466216216216216,0.8635135135135135
45,Indian Ocean / Middle East,1983,3,0,0.315,0.30666666666666664,-0.15882882882882882,0.3385135135135135
45,Indian Ocean / Middle East,1984,4,0,0.15583333333333332,-0.6641666666666667,-0.3179954954954955,-0.6323198198198199
45,Indian Ocean / Middle East,1985,5,0,0.11750000000000001,-0.755,-0.3563288288288288,-0.7231531531531532
45,Indian Ocean / Middle East,1986,6,0,0.18,0.06000000000000004,-0.2938288288288288,0.09184684684684688
45,Indian Ocean / Middle East,1987,7,1,0.32166666666666666,1.0941666666666667,-0.15216216216216216,1.1260135135135136
45,Indian Ocean / Middle East,1988,8,0,0.38916666666666666,-0.9991666666666666,-0.08466216216216216,-0.9673198198198198
45,Indian Ocean / Middle East,1989,9,0,0.2733333333333333,-0.7983333333333333,-0.2004954954954955,-0.7664864864864865
45,Indian Ocean / Middle East,1990,10,0,0.44666666666666666,0.1275,-0.027162162162162162,0.15934684684684686
45,Indian Ocean / Middle East,1991,11,0,0.4058333333333333,0.6183333333333334,-0.0679954954954955,0.6501801801801802
45,Indian Ocean / Middle East,1992,12,0,0.22333333333333333,0.6083333333333333,-0.2504954954954955,0.6401801801801801
45,Indian Ocean / Middle East,1993,13,0,0.2316666666666667,0.29916666666666664,-0.24216216216216213,0.3310135135135135
45,Indian Ocean / Middle East,1994,14,0,0.315,0.46,-0.15882882882882882,0.4918468468468469
45,Indian Ocean / Middle East,1995,15,0,0.445,-0.1975,-0.028828828828828812,-0.16565315315315315
45,Indian Ocean / Middle East,1996,16,0,0.3325,-0.5183333333333333,-0.1413288288288288,-0.48648648648648646
45,Indian Ocean / Middle East,1997,17,0,0.4658333333333333,1.1150000000000002,-0.007995495495495497,1.1468468468468471
45,Indian Ocean / Middle East,1998,18,1,0.6075,-0.11916666666666656,0.13367117117117122,-0.08731981981981972
45,Indian Ocean / Middle East,1999,19,0,0.3825,-1.2866666666666666,-0.09132882882882881,-1.2548198198198197
45,Indian Ocean / Middle East,2000,20,0,0.395,-0.9091666666666667,-0.0788288288288288,-0.8773198198198199
45,Indian Ocean / Middle East,2001,21,0,0.5325,-0.33916666666666667,0.058671171171171155,-0.3073198198198198
45,Indian Ocean / Middle East,2002,22,0,0.6275000000000001,0.6383333333333333,0.15367117117117124,0.6701801801801801
45,Indian Ocean / Middle East,2003,23,0,0.6166666666666667,0.20666666666666667,0.14283783783783788,0.23851351351351352
45,Indian Ocean / Middle East,2004,24,0,0.5333333333333333,0.4225,0.05950450450450451,0.45434684684684684
45,Indian Ocean / Middle East,2005,25,0,0.6791666666666667,0.015000000000000003,0.20533783783783788,0.04684684684684684
45,Indian Ocean / Middle East,2006,26,0,0.64,0.0875,0.1661711711711712,0.11934684684684684
45,Indian Ocean / Middle East,2007,27,0,0.665,-0.6183333333333333,0.19117117117117122,-0.5864864864864865
45,Indian Ocean / Middle East,2008,28,0,0.5433333333333333,-0.785,0.06950450450450452,-0.7531531531531532
45,Indian Ocean / Middle East,2009,29,0,0.6566666666666667,0.2883333333333333,0.1828378378378379,0.32018018018018013
45,Indian Ocean / Middle East,2010,30,1,0.725,-0.48749999999999993,0.25117117117117116,-0.4556531531531531
45,Indian Ocean / Middle East,2011,31,0,0.61,-0.8691666666666666,0.13617117117117117,-0.8373198198198198
45,Indian Ocean / Middle East,2012,32,0,0.6458333333333334,-0.13999999999999999,0.17200450450450455,-0.10815315315315314
45,Indian Ocean / Middle East,2013,33,0,0.6766666666666666,-0.31916666666666665,0.20283783783783782,-0.2873198198198198
45,Indian Ocean / Middle East,2014,34,0,0.7491666666666666,0.11166666666666666,0.27533783783783783,0.1435135135135135
45,Indian Ocean / Middle East,2015,35,0,0.8975,1.4616666666666667,0.42367117117117115,1.4935135135135136
45,Indian Ocean / Middle East,2016,36,1,1.0125,0.3324999999999999,0.5386711711711711,0.36434684684684676
46,Indian Ocean / Middle East,1980,0,0,0.2558333333333333,-0.0016666666666666843,-0.21799549549549552,0.030180180180180156
46,Indian Ocean / Middle East,1981,1,0,0.3225,-0.4558333333333333,-0.1513288288288288,-0.42398648648648646
46,Indian Ocean / Middle East,1982,2,0,0.13916666666666666,0.8316666666666667,-0.33466216216216216,0.8635135135135135
46,Indian Ocean / Middle East,1983,3,0,0.315,0.30666666666666664,-0.15882882882882882,0.3385135135135135
46,Indian Ocean / Middle East,1984,4,0,0.15583333333333332,-0.6641666666666667,-0.3179954954954955,-0.6323198198198199
46,Indian Ocean / Middle East,1985,5,0,0.11750000000000001,-0.755,-0.3563288288288288,-0.7231531531531532
46,Indian Ocean / Middle East,1986,6,0,0.18,0.06000000000000004,-0.2938288288288288,0.09184684684684688
46,Indian Ocean / Middle East,1987,7,0,0.32166666666666666,1.0941666666666667,-0.15216216216216216,1.1260135135135136
46,Indian Ocean / Middle East,1988,8,0,0.38916666666666666,-0.9991666666666666,-0.08466216216216216,-0.9673198198198198
46,Indian Ocean / Middle East,1989,9,0,0.2733333333333333,-0.7983333333333333,-0.2004954954954955,-0.7664864864864865
46,Indian Ocean / Middle East,1990,10,0,0.44666666666666666,0.1275,-0.027162162162162162,0.15934684684684686
46,Indian Ocean / Middle East,1991,11,0,0.4058333333333333,0.6183333333333334,-0.0679954954954955,0.6501801801801802
46,Indian Ocean / Middle East,1992,12,0,0.22333333333333333,0.6083333333333333,-0.2504954954954955,0.6401801801801801
46,Indian Ocean / Middle East,1993,13,0,0.2316666666666667,0.29916666666666664,-0.24216216216216213,0.3310135135135135
46,Indian Ocean / Middle East,1994,14,0,0.315,0.46,-0.15882882882882882,0.4918468468468469
46,Indian Ocean / Middle East,1995,15,0,0.445,-0.1975,-0.028828828828828812,-0.16565315315315315
46,Indian Ocean / Middle East,1996,16,0,0.3325,-0.5183333333333333,-0.1413288288288288,-0.48648648648648646
46,Indian Ocean / Middle East,1997,17,0,0.4658333333333333,1.1150000000000002,-0.007995495495495497,1.1468468468468471
46,Indian Ocean / Middle East,1998,18,0,0.6075,-0.11916666666666656,0.13367117117117122,-0.08731981981981972
46,Indian Ocean / Middle East,1999,19,0,0.3825,-1.2866666666666666,-0.09132882882882881,-1.2548198198198197
46,Indian Ocean / Middle East,2000,20,0,0.395,-0.9091666666666667,-0.0788288288288288,-0.8773198198198199
46,Indian Ocean / Middle East,2001,21,0,0.5325,-0.33916666666666667,0.058671171171171155,-0.3073198198198198
46,Indian Ocean / Middle East,2002,22,0,0.6275000000000001,0.6383333333333333,0.15367117117117124,0.6701801801801801
46,Indian Ocean / Middle East,2003,23,0,0.6166666666666667,0.20666666666666667,0.14283783783783788,0.23851351351351352
46,Indian Ocean / Middle East,2004,24,0,0.5333333333333333,0.4225,0.05950450450450451,0.45434684684684684
46,Indian Ocean / Middle East,2005,25,1,0.6791666666666667,0.015000000000000003,0.20533783783783788,0.04684684684684684
46,Indian Ocean / Middle East,2006,26,0,0.64,0.0875,0.1661711711711712,0.11934684684684684
46,Indian Ocean / Middle East,2007,27,0,0.665,-0.6183333333333333,0.19117117117117122,-0.5864864864864865
46,Indian Ocean / Middle East,2008,28,0,0.5433333333333333,-0.785,0.06950450450450452,-0.7531531531531532
46,Indian Ocean / Middle East,2009,29,0,0.6566666666666667,0.2883333333333333,0.1828378378378379,0.32018018018018013
46,Indian Ocean / Middle East,2010,30,1,0.725,-0.48749999999999993,0.25117117117117116,-0.4556531531531531
46,Indian Ocean / Middle East,2011,31,0,0.61,-0.8691666666666666,0.13617117117117117,-0.8373198198198198
46,Indian Ocean / Middle East,2012,32,0,0.6458333333333334,-0.13999999999999999,0.17200450450450455,-0.10815315315315314
46,Indian Ocean / Middle East,2013,33,0,0.6766666666666666,-0.31916666666666665,0.20283783783783782,-0.2873198198198198
46,Indian Ocean / Middle East,2014,34,0,0.7491666666666666,0.11166666666666666,0.27533783783783783,0.1435135135135135
46,Indian Ocean / Middle East,2015,35,0,0.8975,1.4616666666666667,0.42367117117117115,1.4935135135135136
46,Indian Ocean / Middle East,2016,36,1,1.0125,0.3324999999999999,0.5386711711711711,0.36434684684684676
47,Indian Ocean / Middle East,1980,0,0,0.2558333333333333,-0.0016666666666666843,-0.21799549549549552,0.030180180180180156
47,Indian Ocean / Middle East,1981,1,0,0.3225,-0.4558333333333333,-0.1513288288288288,-0.42398648648648646
47,Indian Ocean / Middle East,1982,2,0,0.13916666666666666,0.8316666666666667,-0.33466216216216216,0.8635135135135135
47,Indian Ocean / Middle East,1983,3,1,0.315,0.30666666666666664,-0.15882882882882882,0.3385135135135135
47,Indian Ocean / Middle East,1984,4,0,0.15583333333333332,-0.6641666666666667,-0.3179954954954955,-0.6323198198198199
47,Indian Ocean / Middle East,1985,5,0,0.11750000000000001,-0.755,-0.3563288288288288,-0.7231531531531532
47,Indian Ocean / Middle East,1986,6,0,0.18,0.06000000000000004,-0.2938288288288288,0.09184684684684688
47,Indian Ocean / Middle East,1987,7,1,0.32166666666666666,1.0941666666666667,-0.15216216216216216,1.1260135135135136
47,Indian Ocean / Middle East,1988,8,0,0.38916666666666666,-0.9991666666666666,-0.08466216216216216,-0.9673198198198198
47,Indian Ocean / Middle East,1989,9,0,0.2733333333333333,-0.7983333333333333,-0.2004954954954955,-0.7664864864864865
47,Indian Ocean / Middle East,1990,10,0,0.44666666666666666,0.1275,-0.027162162162162162,0.15934684684684686
47,Indian Ocean / Middle East,1991,11,0,0.4058333333333333,0.6183333333333334,-0.0679954954954955,0.6501801801801802
47,Indian Ocean / Middle East,1992,12,0,0.22333333333333333,0.6083333333333333,-0.2504954954954955,0.6401801801801801
47,Indian Ocean / Middle East,1993,13,0,0.2316666666666667,0.29916666666666664,-0.24216216216216213,0.3310135135135135
47,Indian Ocean / Middle East,1994,14,0,0.315,0.46,-0.15882882882882882,0.4918468468468469
47,Indian Ocean / Middle East,1995,15,0,0.445,-0.1975,-0.028828828828828812,-0.16565315315315315
47,Indian Ocean / Middle East,1996,16,0,0.3325,-0.5183333333333333,-0.1413288288288288,-0.48648648648648646
47,Indian Ocean / Middle East,1997,17,0,0.4658333333333333,1.1150000000000002,-0.007995495495495497,1.1468468468468471
47,Indian Ocean / Middle East,1998,18,1,0.6075,-0.11916666666666656,0.13367117117117122,-0.08731981981981972
47,Indian Ocean / Middle East,1999,19,0,0.3825,-1.2866666666666666,-0.09132882882882881,-1.2548198198198197
47,Indian Ocean / Middle East,2000,20,0,0.395,-0.9091666666666667,-0.0788288288288288,-0.8773198198198199
47,Indian Ocean / Middle East,2001,21,0,0.5325,-0.33916666666666667,0.058671171171171155,-0.3073198198198198
47,Indian Ocean / Middle East,2002,22,0,0.6275000000000001,0.6383333333333333,0.15367117117117124,0.6701801801801801
47,Indian Ocean / Middle East,2003,23,0,0.6166666666666667,0.20666666666666667,0.14283783783783788,0.23851351351351352
47,Indian Ocean / Middle East,2004,24,0,0.5333333333333333,0.4225,0.05950450450450451,0.45434684684684684
47,Indian Ocean / Middle East,2005,25,0,0.6791666666666667,0.015000000000000003,0.20533783783783788,0.04684684684684684
47,Indian Ocean / Middle East,2006,26,0,0.64,0.0875,0.1661711711711712,0.11934684684684684
47,Indian Ocean / Middle East,2007,27,0,0.665,-0.6183333333333333,0.19117117117117122,-0.5864864864864865
47,Indian Ocean / Middle East,2008,28,0,0.5433333333333333,-0.785,0.06950450450450452,-0.7531531531531532
47,Indian Ocean / Middle East,2009,29,0,0.6566666666666667,0.2883333333333333,0.1828378378378379,0.32018018018018013
47,Indian Ocean / Middle East,2010,30,1,0.725,-0.48749999999999993,0.25117117117117116,-0.4556531531531531
47,Indian Ocean / Middle East,2011,31,0,0.61,-0.8691666666666666,0.13617117117117117,-0.8373198198198198
47,Indian Ocean / Middle East,2012,32,0,0.6458333333333334,-0.13999999999999999,0.17200450450450455,-0.10815315315315314
47,Indian Ocean / Middle East,2013,33,0,0.6766666666666666,-0.31916666666666665,0.20283783783783782,-0.2873198198198198
47,Indian Ocean / Middle East,2014,34,0,0.7491666666666666,0.11166666666666666,0.27533783783783783,0.1435135135135135
47,Indian Ocean / Middle East,2015,35,0,0.8975,1.4616666666666667,0.42367117117117115,1.4935135135135136
47,Indian Ocean / Middle East,2016,36,1,1.0125,0.3324999999999999,0.5386711711711711,0.36434684684684676
48,Indian Ocean / Middle East,1980,0,0,0.2558333333333333,-0.0016666666666666843,-0.21799549549549552,0.030180180180180156
48,Indian Ocean / Middle East,1981,1,0,0.3225,-0.4558333333333333,-0.1513288288288288,-0.42398648648648646
48,Indian Ocean / Middle East,1982,2,0,0.13916666666666666,0.8316666666666667,-0.33466216216216216,0.8635135135135135
48,Indian Ocean / Middle East,1983,3,0,0.315,0.30666666666666664,-0.15882882882882882,0.3385135135135135
48,Indian Ocean / Middle East,1984,4,0,0.15583333333333332,-0.6641666666666667,-0.3179954954954955,-0.6323198198198199
48,Indian Ocean / Middle East,1985,5,0,0.11750000000000001,-0.755,-0.3563288288288288,-0.7231531531531532
48,Indian Ocean / Middle East,1986,6,0,0.18,0.06000000000000004,-0.2938288288288288,0.09184684684684688
48,Indian Ocean / Middle East,1987,7,0,0.32166666666666666,1.0941666666666667,-0.15216216216216216,1.1260135135135136
48,Indian Ocean / Middle East,1988,8,0,0.38916666666666666,-0.9991666666666666,-0.08466216216216216,-0.9673198198198198
48,Indian Ocean / Middle East,1989,9,0,0.2733333333333333,-0.7983333333333333,-0.2004954954954955,-0.7664864864864865
48,Indian Ocean / Middle East,1990,10,0,0.44666666666666666,0.1275,-0.027162162162162162,0.15934684684684686
48,Indian Ocean / Middle East,1991,11,0,0.4058333333333333,0.6183333333333334,-0.0679954954954955,0.6501801801801802
48,Indian Ocean / Middle East,1992,12,0,0.22333333333333333,0.6083333333333333,-0.2504954954954955,0.6401801801801801
48,Indian Ocean / Middle East,1993,13,0,0.2316666666666667,0.29916666666666664,-0.24216216216216213,0.3310135135135135
48,Indian Ocean / Middle East,1994,14,0,0.315,0.46,-0.15882882882882882,0.4918468468468469
48,Indian Ocean / Middle East,1995,15,0,0.445,-0.1975,-0.028828828828828812,-0.16565315315315315
48,Indian Ocean / Middle East,1996,16,0,0.3325,-0.5183333333333333,-0.1413288288288288,-0.48648648648648646
48,Indian Ocean / Middle East,1997,17,0,0.4658333333333333,1.1150000000000002,-0.007995495495495497,1.1468468468468471
48,Indian Ocean / Middle East,1998,18,1,0.6075,-0.11916666666666656,0.13367117117117122,-0.08731981981981972
48,Indian Ocean / Middle East,1999,19,0,0.3825,-1.2866666666666666,-0.09132882882882881,-1.2548198198198197
48,Indian Ocean / Middle East,2000,20,0,0.395,-0.9091666666666667,-0.0788288288288288,-0.8773198198198199
48,Indian Ocean / Middle East,2001,21,0,0.5325,-0.33916666666666667,0.058671171171171155,-0.3073198198198198
48,Indian Ocean / Middle East,2002,22,0,0.6275000000000001,0.6383333333333333,0.15367117117117124,0.6701801801801801
48,Indian Ocean / Middle East,2003,23,0,0.6166666666666667,0.20666666666666667,0.14283783783783788,0.23851351351351352
48,Indian Ocean / Middle East,2004,24,0,0.5333333333333333,0.4225,0.05950450450450451,0.45434684684684684
48,Indian Ocean / Middle East,2005,25,1,0.6791666666666667,0.015000000000000003,0.20533783783783788,0.04684684684684684
48,Indian Ocean / Middle East,2006,26,0,0.64,0.0875,0.1661711711711712,0.11934684684684684
48,Indian Ocean / Middle East,2007,27,0,0.665,-0.6183333333333333,0.19117117117117122,-0.5864864864864865
48,Indian Ocean / Middle East,2008,28,0,0.5433333333333333,-0.785,0.06950450450450452,-0.7531531531531532
48,Indian Ocean / Middle East,2009,29,0,0.6566666666666667,0.2883333333333333,0.1828378378378379,0.32018018018018013
48,Indian Ocean / Middle East,2010,30,0,0.725,-0.48749999999999993,0.25117117117117116,-0.4556531531531531
48,Indian Ocean / Middle East,2011,31,0,0.61,-0.8691666666666666,0.13617117117117117,-0.8373198198198198
48,Indian Ocean / Middle East,2012,32,0,0.6458333333333334,-0.13999999999999999,0.17200450450450455,-0.10815315315315314
48,Indian Ocean / Middle East,2013,33,0,0.6766666666666666,-0.31916666666666665,0.20283783783783782,-0.2873198198198198
48,Indian Ocean / Middle East,2014,34,0,0.7491666666666666,0.11166666666666666,0.27533783783783783,0.1435135135135135
48,Indian Ocean / Middle East,2015,35,0,0.8975,1.4616666666666667,0.42367117117117115,1.4935135135135136
48,Indian Ocean / Middle East,2016,36,1,1.0125,0.3324999999999999,0.5386711711711711,0.36434684684684676
49,Indian Ocean / Middle East,1980,0,0,0.2558333333333333,-0.0016666666666666843,-0.21799549549549552,0.030180180180180156
49,Indian Ocean / Middle East,1981,1,0,0.3225,-0.4558333333333333,-0.1513288288288288,-0.42398648648648646
49,Indian Ocean / Middle East,1982,2,0,0.13916666666666666,0.8316666666666667,-0.33466216216216216,0.8635135135135135
49,Indian Ocean / Middle East,1983,3,0,0.315,0.30666666666666664,-0.15882882882882882,0.3385135135135135
49,Indian Ocean / Middle East,1984,4,0,0.15583333333333332,-0.6641666666666667,-0.3179954954954955,-0.6323198198198199
49,Indian Ocean / Middle East,1985,5,0,0.11750000000000001,-0.755,-0.3563288288288288,-0.7231531531531532
49,Indian Ocean / Middle East,1986,6,0,0.18,0.06000000000000004,-0.2938288288288288,0.09184684684684688
49,Indian Ocean / Middle East,1987,7,0,0.32166666666666666,1.0941666666666667,-0.15216216216216216,1.1260135135135136
49,Indian Ocean / Middle East,1988,8,0,0.38916666666666666,-0.9991666666666666,-0.08466216216216216,-0.9673198198198198
49,Indian Ocean / Middle East,1989,9,0,0.2733333333333333,-0.7983333333333333,-0.2004954954954955,-0.7664864864864865
49,Indian Ocean / Middle East,1990,10,0,0.44666666666666666,0.1275,-0.027162162162162162,0.15934684684684686
49,Indian Ocean / Middle East,1991,11,0,0.4058333333333333,0.6183333333333334,-0.0679954954954955,0.6501801801801802
49,Indian Ocean / Middle East,1992,12,0,0.22333333333333333,0.6083333333333333,-0.2504954954954955,0.6401801801801801
49,Indian Ocean / Middle East,1993,13,0,0.2316666666666667,0.29916666666666664,-0.24216216216216213,0.3310135135135135
49,Indian Ocean / Middle East,1994,14,0,0.315,0.46,-0.15882882882882882,0.4918468468468469
49,Indian Ocean / Middle East,1995,15,0,0.445,-0.1975,-0.028828828828828812,-0.16565315315315315
49,Indian Ocean / Middle East,1996,16,0,0.3325,-0.5183333333333333,-0.1413288288288288,-0.48648648648648646
49,Indian Ocean / Middle East,1997,17,0,0.4658333333333333,1.1150000000000002,-0.007995495495495497,1.1468468468468471
49,Indian Ocean / Middle East,1998,18,0,0.6075,-0.11916666666666656,0.13367117117117122,-0.08731981981981972
49,Indian Ocean / Middle East,1999,19,0,0.3825,-1.2866666666666666,-0.09132882882882881,-1.2548198198198197
49,Indian Ocean / Middle East,2000,20,0,0.395,-0.9091666666666667,-0.0788288288288288,-0.8773198198198199
49,Indian Ocean / Middle East,2001,21,0,0.5325,-0.33916666666666667,0.058671171171171155,-0.3073198198198198
49,Indian Ocean / Middle East,2002,22,0,0.6275000000000001,0.6383333333333333,0.15367117117117124,0.6701801801801801
49,Indian Ocean / Middle East,2003,23,0,0.6166666666666667,0.20666666666666667,0.14283783783783788,0.23851351351351352
49,Indian Ocean / Middle East,2004,24,0,0.5333333333333333,0.4225,0.05950450450450451,0.45434684684684684
49,Indian Ocean / Middle East,2005,25,0,0.6791666666666667,0.015000000000000003,0.20533783783783788,0.04684684684684684
49,Indian Ocean / Middle East,2006,26,0,0.64,0.0875,0.1661711711711712,0.11934684684684684
49,Indian Ocean / Middle East,2007,27,0,0.665,-0.6183333333333333,0.19117117117117122,-0.5864864864864865
49,Indian Ocean / Middle East,2008,28,0,0.5433333333333333,-0.785,0.06950450450450452,-0.7531531531531532
49,Indian Ocean / Middle East,2009,29,0,0.6566666666666667,0.2883333333333333,0.1828378378378379,0.32018018018018013
49,Indian Ocean / Middle East,2010,30,1,0.725,-0.48749999999999993,0.25117117117117116,-0.4556531531531531
49,Indian Ocean / Middle East,2011,31,0,0.61,-0.8691666666666666,0.13617117117117117,-0.8373198198198198
49,Indian Ocean / Middle East,2012,32,0,0.6458333333333334,-0.13999999999999999,0.17200450450450455,-0.10815315315315314
49,Indian Ocean / Middle East,2013,33,0,0.6766666666666666,-0.31916666666666665,0.20283783783783782,-0.2873198198198198
49,Indian Ocean / Middle East,2014,34,0,0.7491666666666666,0.11166666666666666,0.27533783783783783,0.1435135135135135
49,Indian Ocean / Middle East,2015,35,1,0.8975,1.4616666666666667,0.42367117117117115,1.4935135135135136
49,Indian Ocean / Middle East,2016,36,0,1.0125,0.3324999999999999,0.5386711711711711,0.36434684684684676
50,Indian Ocean / Middle East,1980,0,0,0.2558333333333333,-0.0016666666666666843,-0.21799549549549552,0.030180180180180156
50,Indian Ocean / Middle East,1981,1,0,0.3225,-0.4558333333333333,-0.1513288288288288,-0.42398648648648646
50,Indian Ocean / Middle East,1982,2,0,0.13916666666666666,0.8316666666666667,-0.33466216216216216,0.8635135135135135
50,Indian Ocean / Middle East,1983,3,0,0.315,0.30666666666666664,-0.15882882882882882,0.3385135135135135
50,Indian Ocean / Middle East,1984,4,0,0.15583333333333332,-0.6641666666666667,-0.3179954954954955,-0.6323198198198199
50,Indian Ocean / Middle East,1985,5,0,0.11750000000000001,-0.755,-0.3563288288288288,-0.7231531531531532
50,Indian Ocean / Middle East,1986,6,0,0.18,0.06000000000000004,-0.2938288288288288,0.09184684684684688
50,Indian Ocean / Middle East,1987,7,0,0.32166666666666666,1.0941666666666667,-0.15216216216216216,1.1260135135135136
50,Indian Ocean / Middle East,1988,8,0,0.38916666666666666,-0.9991666666666666,-0.08466216216216216,-0.9673198198198198
50,Indian Ocean / Middle East,1989,9,0,0.2733333333333333,-0.7983333333333333,-0.2004954954954955,-0.7664864864864865
50,Indian Ocean / Middle East,1990,10,0,0.44666666666666666,0.1275,-0.027162162162162162,0.15934684684684686
50,Indian Ocean / Middle East,1991,11,0,0.4058333333333333,0.6183333333333334,-0.0679954954954955,0.6501801801801802
50,Indian Ocean / Middle East,1992,12,0,0.22333333333333333,0.6083333333333333,-0.2504954954954955,0.6401801801801801
50,Indian Ocean / Middle East,1993,13,0,0.2316666666666667,0.29916666666666664,-0.24216216216216213,0.3310135135135135
50,Indian Ocean / Middle East,1994,14,0,0.315,0.46,-0.15882882882882882,0.4918468468468469
50,Indian Ocean / Middle East,1995,15,0,0.445,-0.1975,-0.028828828828828812,-0.16565315315315315
50,Indian Ocean / Middle East,1996,16,0,0.3325,-0.5183333333333333,-0.1413288288288288,-0.48648648648648646
50,Indian Ocean / Middle East,1997,17,0,0.4658333333333333,1.1150000000000002,-0.007995495495495497,1.1468468468468471
50,Indian Ocean / Middle East,1998,18,1,0.6075,-0.11916666666666656,0.13367117117117122,-0.08731981981981972
50,Indian Ocean / Middle East,1999,19,0,0.3825,-1.2866666666666666,-0.09132882882882881,-1.2548198198198197
50,Indian Ocean / Middle East,2000,20,0,0.395,-0.9091666666666667,-0.0788288288288288,-0.8773198198198199
50,Indian Ocean / Middle East,2001,21,0,0.5325,-0.33916666666666667,0.058671171171171155,-0.3073198198198198
50,Indian Ocean / Middle East,2002,22,0,0.6275000000000001,0.6383333333333333,0.15367117117117124,0.6701801801801801
50,Indian Ocean / Middle East,2003,23,0,0.6166666666666667,0.20666666666666667,0.14283783783783788,0.23851351351351352
50,Indian Ocean / Middle East,2004,24,0,0.5333333333333333,0.4225,0.05950450450450451,0.45434684684684684
50,Indian Ocean / Middle East,2005,25,0,0.6791666666666667,0.015000000000000003,0.20533783783783788,0.04684684684684684
50,Indian Ocean / Middle East,2006,26,0,0.64,0.0875,0.1661711711711712,0.11934684684684684
50,Indian Ocean / Middle East,2007,27,0,0.665,-0.6183333333333333,0.19117117117117122,-0.5864864864864865
50,Indian Ocean / Middle East,2008,28,0,0.5433333333333333,-0.785,0.06950450450450452,-0.7531531531531532
50,Indian Ocean / Middle East,2009,29,0,0.6566666666666667,0.2883333333333333,0.1828378378378379,0.32018018018018013
50,Indian Ocean / Middle East,2010,30,1,0.725,-0.48749999999999993,0.25117117117117116,-0.4556531531531531
50,Indian Ocean / Middle East,2011,31,0,0.61,-0.8691666666666666,0.13617117117117117,-0.8373198198198198
50,Indian Ocean / Middle East,2012,32,0,0.6458333333333334,-0.13999999999999999,0.17200450450450455,-0.10815315315315314
50,Indian Ocean / Middle East,2013,33,0,0.6766666666666666,-0.31916666666666665,0.20283783783783782,-0.2873198198198198
50,Indian Ocean / Middle East,2014,34,0,0.7491666666666666,0.11166666666666666,0.27533783783783783,0.1435135135135135
50,Indian Ocean / Middle East,2015,35,1,0.8975,1.4616666666666667,0.42367117117117115,1.4935135135135136
50,Indian Ocean / Middle East,2016,36,0,1.0125,0.3324999999999999,0.5386711711711711,0.36434684684684676
51,Indian Ocean / Middle East,1980,0,0,0.2558333333333333,-0.0016666666666666843,-0.21799549549549552,0.030180180180180156
51,Indian Ocean / Middle East,1981,1,0,0.3225,-0.4558333333333333,-0.1513288288288288,-0.42398648648648646
51,Indian Ocean / Middle East,1982,2,0,0.13916666666666666,0.8316666666666667,-0.33466216216216216,0.8635135135135135
51,Indian Ocean / Middle East,1983,3,0,0.315,0.30666666666666664,-0.15882882882882882,0.3385135135135135
51,Indian Ocean / Middle East,1984,4,0,0.15583333333333332,-0.6641666666666667,-0.3179954954954955,-0.6323198198198199
51,Indian Ocean / Middle East,1985,5,0,0.11750000000000001,-0.755,-0.3563288288288288,-0.7231531531531532
51,Indian Ocean / Middle East,1986,6,0,0.18,0.06000000000000004,-0.2938288288288288,0.09184684684684688
51,Indian Ocean / Middle East,1987,7,0,0.32166666666666666,1.0941666666666667,-0.15216216216216216,1.1260135135135136
51,Indian Ocean / Middle East,1988,8,0,0.38916666666666666,-0.9991666666666666,-0.08466216216216216,-0.9673198198198198
51,Indian Ocean / Middle East,1989,9,0,0.2733333333333333,-0.7983333333333333,-0.2004954954954955,-0.7664864864864865
51,Indian Ocean / Middle East,1990,10,0,0.44666666666666666,0.1275,-0.027162162162162162,0.15934684684684686
51,Indian Ocean / Middle East,1991,11,0,0.4058333333333333,0.6183333333333334,-0.0679954954954955,0.6501801801801802
51,Indian Ocean / Middle East,1992,12,0,0.22333333333333333,0.6083333333333333,-0.2504954954954955,0.6401801801801801
51,Indian Ocean / Middle East,1993,13,0,0.2316666666666667,0.29916666666666664,-0.24216216216216213,0.3310135135135135
51,Indian Ocean / Middle East,1994,14,0,0.315,0.46,-0.15882882882882882,0.4918468468468469
51,Indian Ocean / Middle East,1995,15,0,0.445,-0.1975,-0.028828828828828812,-0.16565315315315315
51,Indian Ocean / Middle East,1996,16,0,0.3325,-0.5183333333333333,-0.1413288288288288,-0.48648648648648646
51,Indian Ocean / Middle East,1997,17,0,0.4658333333333333,1.1150000000000002,-0.007995495495495497,1.1468468468468471
51,Indian Ocean / Middle East,1998,18,1,0.6075,-0.11916666666666656,0.13367117117117122,-0.08731981981981972
51,Indian Ocean / Middle East,1999,19,0,0.3825,-1.2866666666666666,-0.09132882882882881,-1.2548198198198197
51,Indian Ocean / Middle East,2000,20,0,0.395,-0.9091666666666667,-0.0788288288288288,-0.8773198198198199
51,Indian Ocean / Middle East,2001,21,0,0.5325,-0.33916666666666667,0.058671171171171155,-0.3073198198198198
51,Indian Ocean / Middle East,2002,22,0,0.6275000000000001,0.6383333333333333,0.15367117117117124,0.6701801801801801
51,Indian Ocean / Middle East,2003,23,0,0.6166666666666667,0.20666666666666667,0.14283783783783788,0.23851351351351352
51,Indian Ocean / Middle East,2004,24,0,0.5333333333333333,0.4225,0.05950450450450451,0.45434684684684684
51,Indian Ocean / Middle East,2005,25,0,0.6791666666666667,0.015000000000000003,0.20533783783783788,0.04684684684684684
51,Indian Ocean / Middle East,2006,26,0,0.64,0.0875,0.1661711711711712,0.11934684684684684
51,Indian Ocean / Middle East,2007,27,0,0.665,-0.6183333333333333,0.19117117117117122,-0.5864864864864865
51,Indian Ocean / Middle East,2008,28,0,0.5433333333333333,-0.785,0.06950450450450452,-0.7531531531531532
51,Indian Ocean / Middle East,2009,29,0,0.6566666666666667,0.2883333333333333,0.1828378378378379,0.32018018018018013
51,Indian Ocean / Middle East,2010,30,1,0.725,-0.48749999999999993,0.25117117117117116,-0.4556531531531531
51,Indian Ocean / Middle East,2011,31,0,0.61,-0.8691666666666666,0.13617117117117117,-0.8373198198198198
51,Indian Ocean / Middle East,2012,32,0,0.6458333333333334,-0.13999999999999999,0.17200450450450455,-0.10815315315315314
51,Indian Ocean / Middle East,2013,33,0,0.6766666666666666,-0.31916666666666665,0.20283783783783782,-0.2873198198198198
51,Indian Ocean / Middle East,2014,34,0,0.7491666666666666,0.11166666666666666,0.27533783783783783,0.1435135135135135
51,Indian Ocean / Middle East,2015,35,0,0.8975,1.4616666666666667,0.42367117117117115,1.4935135135135136
51,Indian Ocean / Middle East,2016,36,1,1.0125,0.3324999999999999,0.5386711711711711,0.36434684684684676
52,Indian Ocean / Middle East,1980,0,0,0.2558333333333333,-0.0016666666666666843,-0.21799549549549552,0.030180180180180156
52,Indian Ocean / Middle East,1981,1,0,0.3225,-0.4558333333333333,-0.1513288288288288,-0.42398648648648646
52,Indian Ocean / Middle East,1982,2,0,0.13916666666666666,0.8316666666666667,-0.33466216216216216,0.8635135135135135
52,Indian Ocean / Middle East,1983,3,0,0.315,0.30666666666666664,-0.15882882882882882,0.3385135135135135
52,Indian Ocean / Middle East,1984,4,0,0.15583333333333332,-0.6641666666666667,-0.3179954954954955,-0.6323198198198199
52,Indian Ocean / Middle East,1985,5,0,0.11750000000000001,-0.755,-0.3563288288288288,-0.7231531531531532
52,Indian Ocean / Middle East,1986,6,0,0.18,0.06000000000000004,-0.2938288288288288,0.09184684684684688
52,Indian Ocean / Middle East,1987,7,0,0.32166666666666666,1.0941666666666667,-0.15216216216216216,1.1260135135135136
52,Indian Ocean / Middle East,1988,8,0,0.38916666666666666,-0.9991666666666666,-0.08466216216216216,-0.9673198198198198
52,Indian Ocean / Middle East,1989,9,0,0.2733333333333333,-0.7983333333333333,-0.2004954954954955,-0.7664864864864865
52,Indian Ocean / Middle East,1990,10,0,0.44666666666666666,0.1275,-0.027162162162162162,0.15934684684684686
52,Indian Ocean / Middle East,1991,11,0,0.4058333333333333,0.6183333333333334,-0.0679954954954955,0.6501801801801802
52,Indian Ocean / Middle East,1992,12,0,0.22333333333333333,0.6083333333333333,-0.2504954954954955,0.6401801801801801
52,Indian Ocean / Middle East,1993,13,0,0.2316666666666667,0.29916666666666664,-0.24216216216216213,0.3310135135135135
52,Indian Ocean / Middle East,1994,14,0,0.315,0.46,-0.15882882882882882,0.4918468468468469
52,Indian Ocean / Middle East,1995,15,0,0.445,-0.1975,-0.028828828828828812,-0.16565315315315315
52,Indian Ocean / Middle East,1996,16,0,0.3325,-0.5183333333333333,-0.1413288288288288,-0.48648648648648646
52,Indian Ocean / Middle East,1997,17,0,0.4658333333333333,1.1150000000000002,-0.007995495495495497,1.1468468468468471
52,Indian Ocean / Middle East,1998,18,1,0.6075,-0.11916666666666656,0.13367117117117122,-0.08731981981981972
52,Indian Ocean / Middle East,1999,19,0,0.3825,-1.2866666666666666,-0.09132882882882881,-1.2548198198198197
52,Indian Ocean / Middle East,2000,20,0,0.395,-0.9091666666666667,-0.0788288288288288,-0.8773198198198199
52,Indian Ocean / Middle East,2001,21,0,0.5325,-0.33916666666666667,0.058671171171171155,-0.3073198198198198
52,Indian Ocean / Middle East,2002,22,0,0.6275000000000001,0.6383333333333333,0.15367117117117124,0.6701801801801801
52,Indian Ocean / Middle East,2003,23,0,0.6166666666666667,0.20666666666666667,0.14283783783783788,0.23851351351351352
52,Indian Ocean / Middle East,2004,24,0,0.5333333333333333,0.4225,0.05950450450450451,0.45434684684684684
52,Indian Ocean / Middle East,2005,25,0,0.6791666666666667,0.015000000000000003,0.20533783783783788,0.04684684684684684
52,Indian Ocean / Middle East,2006,26,0,0.64,0.0875,0.1661711711711712,0.11934684684684684
52,Indian Ocean / Middle East,2007,27,0,0.665,-0.6183333333333333,0.19117117117117122,-0.5864864864864865
52,Indian Ocean / Middle East,2008,28,0,0.5433333333333333,-0.785,0.06950450450450452,-0.7531531531531532
52,Indian Ocean / Middle East,2009,29,0,0.6566666666666667,0.2883333333333333,0.1828378378378379,0.32018018018018013
52,Indian Ocean / Middle East,2010,30,1,0.725,-0.48749999999999993,0.25117117117117116,-0.4556531531531531
52,Indian Ocean / Middle East,2011,31,0,0.61,-0.8691666666666666,0.13617117117117117,-0.8373198198198198
52,Indian Ocean / Middle East,2012,32,0,0.6458333333333334,-0.13999999999999999,0.17200450450450455,-0.10815315315315314
52,Indian Ocean / Middle East,2013,33,0,0.6766666666666666,-0.31916666666666665,0.20283783783783782,-0.2873198198198198
52,Indian Ocean / Middle East,2014,34,0,0.7491666666666666,0.11166666666666666,0.27533783783783783,0.1435135135135135
52,Indian Ocean / Middle East,2015,35,0,0.8975,1.4616666666666667,0.42367117117117115,1.4935135135135136
52,Indian Ocean / Middle East,2016,36,1,1.0125,0.3324999999999999,0.5386711711711711,0.36434684684684676
53,Indian Ocean / Middle East,1980,0,0,0.2558333333333333,-0.0016666666666666843,-0.21799549549549552,0.030180180180180156
53,Indian Ocean / Middle East,1981,1,0,0.3225,-0.4558333333333333,-0.1513288288288288,-0.42398648648648646
53,Indian Ocean / Middle East,1982,2,0,0.13916666666666666,0.8316666666666667,-0.33466216216216216,0.8635135135135135
53,Indian Ocean / Middle East,1983,3,0,0.315,0.30666666666666664,-0.15882882882882882,0.3385135135135135
53,Indian Ocean / Middle East,1984,4,0,0.15583333333333332,-0.6641666666666667,-0.3179954954954955,-0.6323198198198199
53,Indian Ocean / Middle East,1985,5,0,0.11750000000000001,-0.755,-0.3563288288288288,-0.7231531531531532
53,Indian Ocean / Middle East,1986,6,0,0.18,0.06000000000000004,-0.2938288288288288,0.09184684684684688
53,Indian Ocean / Middle East,1987,7,0,0.32166666666666666,1.0941666666666667,-0.15216216216216216,1.1260135135135136
53,Indian Ocean / Middle East,1988,8,0,0.38916666666666666,-0.9991666666666666,-0.08466216216216216,-0.9673198198198198
53,Indian Ocean / Middle East,1989,9,0,0.2733333333333333,-0.7983333333333333,-0.2004954954954955,-0.7664864864864865
53,Indian Ocean / Middle East,1990,10,0,0.44666666666666666,0.1275,-0.027162162162162162,0.15934684684684686
53,Indian Ocean / Middle East,1991,11,0,0.4058333333333333,0.6183333333333334,-0.0679954954954955,0.6501801801801802
53,Indian Ocean / Middle East,1992,12,0,0.22333333333333333,0.6083333333333333,-0.2504954954954955,0.6401801801801801
53,Indian Ocean / Middle East,1993,13,0,0.2316666666666667,0.29916666666666664,-0.24216216216216213,0.3310135135135135
53,Indian Ocean / Middle East,1994,14,0,0.315,0.46,-0.15882882882882882,0.4918468468468469
53,Indian Ocean / Middle East,1995,15,0,0.445,-0.1975,-0.028828828828828812,-0.16565315315315315
53,Indian Ocean / Middle East,1996,16,0,0.3325,-0.5183333333333333,-0.1413288288288288,-0.48648648648648646
53,Indian Ocean / Middle East,1997,17,0,0.4658333333333333,1.1150000000000002,-0.007995495495495497,1.1468468468468471
53,Indian Ocean / Middle East,1998,18,0,0.6075,-0.11916666666666656,0.13367117117117122,-0.08731981981981972
53,Indian Ocean / Middle East,1999,19,0,0.3825,-1.2866666666666666,-0.09132882882882881,-1.2548198198198197
53,Indian Ocean / Middle East,2000,20,0,0.395,-0.9091666666666667,-0.0788288288288288,-0.8773198198198199
53,Indian Ocean / Middle East,2001,21,0,0.5325,-0.33916666666666667,0.058671171171171155,-0.3073198198198198
53,Indian Ocean / Middle East,2002,22,0,0.6275000000000001,0.6383333333333333,0.15367117117117124,0.6701801801801801
53,Indian Ocean / Middle East,2003,23,0,0.6166666666666667,0.20666666666666667,0.14283783783783788,0.23851351351351352
53,Indian Ocean / Middle East,2004,24,0,0.5333333333333333,0.4225,0.05950450450450451,0.45434684684684684
53,Indian Ocean / Middle East,2005,25,0,0.6791666666666667,0.015000000000000003,0.20533783783783788,0.04684684684684684
53,Indian Ocean / Middle East,2006,26,0,0.64,0.0875,0.1661711711711712,0.11934684684684684
53,Indian Ocean / Middle East,2007,27,0,0.665,-0.6183333333333333,0.19117117117117122,-0.5864864864864865
53,Indian Ocean / Middle East,2008,28,0,0.5433333333333333,-0.785,0.06950450450450452,-0.7531531531531532
53,Indian Ocean / Middle East,2009,29,0,0.6566666666666667,0.2883333333333333,0.1828378378378379,0.32018018018018013
53,Indian Ocean / Middle East,2010,30,0,0.725,-0.48749999999999993,0.25117117117117116,-0.4556531531531531
53,Indian Ocean / Middle East,2011,31,0,0.61,-0.8691666666666666,0.13617117117117117,-0.8373198198198198
53,Indian Ocean / Middle East,2012,32,0,0.6458333333333334,-0.13999999999999999,0.17200450450450455,-0.10815315315315314
53,Indian Ocean / Middle East,2013,33,0,0.6766666666666666,-0.31916666666666665,0.20283783783783782,-0.2873198198198198
53,Indian Ocean / Middle East,2014,34,0,0.7491666666666666,0.11166666666666666,0.27533783783783783,0.1435135135135135
53,Indian Ocean / Middle East,2015,35,0,0.8975,1.4616666666666667,0.42367117117117115,1.4935135135135136
53,Indian Ocean / Middle East,2016,36,0,1.0125,0.3324999999999999,0.5386711711711711,0.36434684684684676
54,Indian Ocean / Middle East,1980,0,0,0.2558333333333333,-0.0016666666666666843,-0.21799549549549552,0.030180180180180156
54,Indian Ocean / Middle East,1981,1,0,0.3225,-0.4558333333333333,-0.1513288288288288,-0.42398648648648646
54,Indian Ocean / Middle East,1982,2,0,0.13916666666666666,0.8316666666666667,-0.33466216216216216,0.8635135135135135
54,Indian Ocean / Middle East,1983,3,0,0.315,0.30666666666666664,-0.15882882882882882,0.3385135135135135
54,Indian Ocean / Middle East,1984,4,0,0.15583333333333332,-0.6641666666666667,-0.3179954954954955,-0.6323198198198199
54,Indian Ocean / Middle East,1985,5,0,0.11750000000000001,-0.755,-0.3563288288288288,-0.7231531531531532
54,Indian Ocean / Middle East,1986,6,0,0.18,0.06000000000000004,-0.2938288288288288,0.09184684684684688
54,Indian Ocean / Middle East,1987,7,0,0.32166666666666666,1.0941666666666667,-0.15216216216216216,1.1260135135135136
54,Indian Ocean / Middle East,1988,8,0,0.38916666666666666,-0.9991666666666666,-0.08466216216216216,-0.9673198198198198
54,Indian Ocean / Middle East,1989,9,0,0.2733333333333333,-0.7983333333333333,-0.2004954954954955,-0.7664864864864865
54,Indian Ocean / Middle East,1990,10,0,0.44666666666666666,0.1275,-0.027162162162162162,0.15934684684684686
54,Indian Ocean / Middle East,1991,11,0,0.4058333333333333,0.6183333333333334,-0.0679954954954955,0.6501801801801802
54,Indian Ocean / Middle East,1992,12,0,0.22333333333333333,0.6083333333333333,-0.2504954954954955,0.6401801801801801
54,Indian Ocean / Middle East,1993,13,0,0.2316666666666667,0.29916666666666664,-0.24216216216216213,0.3310135135135135
54,Indian Ocean / Middle East,1994,14,0,0.315,0.46,-0.15882882882882882,0.4918468468468469
54,Indian Ocean / Middle East,1995,15,0,0.445,-0.1975,-0.028828828828828812,-0.16565315315315315
54,Indian Ocean / Middle East,1996,16,0,0.3325,-0.5183333333333333,-0.1413288288288288,-0.48648648648648646
54,Indian Ocean / Middle East,1997,17,0,0.4658333333333333,1.1150000000000002,-0.007995495495495497,1.1468468468468471
54,Indian Ocean / Middle East,1998,18,1,0.6075,-0.11916666666666656,0.13367117117117122,-0.08731981981981972
54,Indian Ocean / Middle East,1999,19,0,0.3825,-1.2866666666666666,-0.09132882882882881,-1.2548198198198197
54,Indian Ocean / Middle East,2000,20,0,0.395,-0.9091666666666667,-0.0788288288288288,-0.8773198198198199
54,Indian Ocean / Middle East,2001,21,0,0.5325,-0.33916666666666667,0.058671171171171155,-0.3073198198198198
54,Indian Ocean / Middle East,2002,22,1,0.6275000000000001,0.6383333333333333,0.15367117117117124,0.6701801801801801
54,Indian Ocean / Middle East,2003,23,0,0.6166666666666667,0.20666666666666667,0.14283783783783788,0.23851351351351352
54,Indian Ocean / Middle East,2004,24,0,0.5333333333333333,0.4225,0.05950450450450451,0.45434684684684684
54,Indian Ocean / Middle East,2005,25,0,0.6791666666666667,0.015000000000000003,0.20533783783783788,0.04684684684684684
54,Indian Ocean / Middle East,2006,26,0,0.64,0.0875,0.1661711711711712,0.11934684684684684
54,Indian Ocean / Middle East,2007,27,0,0.665,-0.6183333333333333,0.19117117117117122,-0.5864864864864865
54,Indian Ocean / Middle East,2008,28,0,0.5433333333333333,-0.785,0.06950450450450452,-0.7531531531531532
54,Indian Ocean / Middle East,2009,29,0,0.6566666666666667,0.2883333333333333,0.1828378378378379,0.32018018018018013
54,Indian Ocean / Middle East,2010,30,1,0.725,-0.48749999999999993,0.25117117117117116,-0.4556531531531531
54,Indian Ocean / Middle East,2011,31,0,0.61,-0.8691666666666666,0.13617117117117117,-0.8373198198198198
54,Indian Ocean / Middle East,2012,32,0,0.6458333333333334,-0.13999999999999999,0.17200450450450455,-0.10815315315315314
54,Indian Ocean / Middle East,2013,33,0,0.6766666666666666,-0.31916666666666665,0.20283783783783782,-0.2873198198198198
54,Indian Ocean / Middle East,2014,34,0,0.7491666666666666,0.11166666666666666,0.27533783783783783,0.1435135135135135
54,Indian Ocean / Middle East,2015,35,0,0.8975,1.4616666666666667,0.42367117117117115,1.4935135135135136
54,Indian Ocean / Middle East,2016,36,1,1.0125,0.3324999999999999,0.5386711711711711,0.36434684684684676
55,Indian Ocean / Middle East,1980,0,0,0.2558333333333333,-0.0016666666666666843,-0.21799549549549552,0.030180180180180156
55,Indian Ocean / Middle East,1981,1,0,0.3225,-0.4558333333333333,-0.1513288288288288,-0.42398648648648646
55,Indian Ocean / Middle East,1982,2,0,0.13916666666666666,0.8316666666666667,-0.33466216216216216,0.8635135135135135
55,Indian Ocean / Middle East,1983,3,0,0.315,0.30666666666666664,-0.15882882882882882,0.3385135135135135
55,Indian Ocean / Middle East,1984,4,0,0.15583333333333332,-0.6641666666666667,-0.3179954954954955,-0.6323198198198199
55,Indian Ocean / Middle East,1985,5,0,0.11750000000000001,-0.755,-0.3563288288288288,-0.7231531531531532
55,Indian Ocean / Middle East,1986,6,0,0.18,0.06000000000000004,-0.2938288288288288,0.09184684684684688
55,Indian Ocean / Middle East,1987,7,0,0.32166666666666666,1.0941666666666667,-0.15216216216216216,1.1260135135135136
55,Indian Ocean / Middle East,1988,8,0,0.38916666666666666,-0.9991666666666666,-0.08466216216216216,-0.9673198198198198
55,Indian Ocean / Middle East,1989,9,0,0.2733333333333333,-0.7983333333333333,-0.2004954954954955,-0.7664864864864865
55,Indian Ocean / Middle East,1990,10,0,0.44666666666666666,0.1275,-0.027162162162162162,0.15934684684684686
55,Indian Ocean / Middle East,1991,11,0,0.4058333333333333,0.6183333333333334,-0.0679954954954955,0.6501801801801802
55,Indian Ocean / Middle East,1992,12,0,0.22333333333333333,0.6083333333333333,-0.2504954954954955,0.6401801801801801
55,Indian Ocean / Middle East,1993,13,0,0.2316666666666667,0.29916666666666664,-0.24216216216216213,0.3310135135135135
55,Indian Ocean / Middle East,1994,14,0,0.315,0.46,-0.15882882882882882,0.4918468468468469
55,Indian Ocean / Middle East,1995,15,0,0.445,-0.1975,-0.028828828828828812,-0.16565315315315315
55,Indian Ocean / Middle East,1996,16,0,0.3325,-0.5183333333333333,-0.1413288288288288,-0.48648648648648646
55,Indian Ocean / Middle East,1997,17,0,0.4658333333333333,1.1150000000000002,-0.007995495495495497,1.1468468468468471
55,Indian Ocean / Middle East,1998,18,1,0.6075,-0.11916666666666656,0.13367117117117122,-0.08731981981981972
55,Indian Ocean / Middle East,1999,19,0,0.3825,-1.2866666666666666,-0.09132882882882881,-1.2548198198198197
55,Indian Ocean / Middle East,2000,20,0,0.395,-0.9091666666666667,-0.0788288288288288,-0.8773198198198199
55,Indian Ocean / Middle East,2001,21,0,0.5325,-0.33916666666666667,0.058671171171171155,-0.3073198198198198
55,Indian Ocean / Middle East,2002,22,0,0.6275000000000001,0.6383333333333333,0.15367117117117124,0.6701801801801801
55,Indian Ocean / Middle East,2003,23,0,0.6166666666666667,0.20666666666666667,0.14283783783783788,0.23851351351351352
55,Indian Ocean / Middle East,2004,24,0,0.5333333333333333,0.4225,0.05950450450450451,0.45434684684684684
55,Indian Ocean / Middle East,2005,25,0,0.6791666666666667,0.015000000000000003,0.20533783783783788,0.04684684684684684
55,Indian Ocean / Middle East,2006,26,0,0.64,0.0875,0.1661711711711712,0.11934684684684684
55,Indian Ocean / Middle East,2007,27,0,0.665,-0.6183333333333333,0.19117117117117122,-0.5864864864864865
55,Indian Ocean / Middle East,2008,28,0,0.5433333333333333,-0.785,0.06950450450450452,-0.7531531531531532
55,Indian Ocean / Middle East,2009,29,0,0.6566666666666667,0.2883333333333333,0.1828378378378379,0.32018018018018013
55,Indian Ocean / Middle East,2010,30,0,0.725,-0.48749999999999993,0.25117117117117116,-0.4556531531531531
55,Indian Ocean / Middle East,2011,31,0,0.61,-0.8691666666666666,0.13617117117117117,-0.8373198198198198
55,Indian Ocean / Middle East,2012,32,0,0.6458333333333334,-0.13999999999999999,0.17200450450450455,-0.10815315315315314
55,Indian Ocean / Middle East,2013,33,0,0.6766666666666666,-0.31916666666666665,0.20283783783783782,-0.2873198198198198
55,Indian Ocean / Middle East,2014,34,0,0.7491666666666666,0.11166666666666666,0.27533783783783783,0.1435135135135135
55,Indian Ocean / Middle East,2015,35,0,0.8975,1.4616666666666667,0.42367117117117115,1.4935135135135136
55,Indian Ocean / Middle East,2016,36,1,1.0125,0.3324999999999999,0.5386711711711711,0.36434684684684676
56,Indian Ocean / Middle East,1980,0,0,0.2558333333333333,-0.0016666666666666843,-0.21799549549549552,0.030180180180180156
56,Indian Ocean / Middle East,1981,1,0,0.3225,-0.4558333333333333,-0.1513288288288288,-0.42398648648648646
56,Indian Ocean / Middle East,1982,2,0,0.13916666666666666,0.8316666666666667,-0.33466216216216216,0.8635135135135135
56,Indian Ocean / Middle East,1983,3,0,0.315,0.30666666666666664,-0.15882882882882882,0.3385135135135135
56,Indian Ocean / Middle East,1984,4,0,0.15583333333333332,-0.6641666666666667,-0.3179954954954955,-0.6323198198198199
56,Indian Ocean / Middle East,1985,5,0,0.11750000000000001,-0.755,-0.3563288288288288,-0.7231531531531532
56,Indian Ocean / Middle East,1986,6,0,0.18,0.06000000000000004,-0.2938288288288288,0.09184684684684688
56,Indian Ocean / Middle East,1987,7,0,0.32166666666666666,1.0941666666666667,-0.15216216216216216,1.1260135135135136
56,Indian Ocean / Middle East,1988,8,0,0.38916666666666666,-0.9991666666666666,-0.08466216216216216,-0.9673198198198198
56,Indian Ocean / Middle East,1989,9,0,0.2733333333333333,-0.7983333333333333,-0.2004954954954955,-0.7664864864864865
56,Indian Ocean / Middle East,1990,10,0,0.44666666666666666,0.1275,-0.027162162162162162,0.15934684684684686
56,Indian Ocean / Middle East,1991,11,0,0.4058333333333333,0.6183333333333334,-0.0679954954954955,0.6501801801801802
56,Indian Ocean / Middle East,1992,12,0,0.22333333333333333,0.6083333333333333,-0.2504954954954955,0.6401801801801801
56,Indian Ocean / Middle East,1993,13,0,0.2316666666666667,0.29916666666666664,-0.24216216216216213,0.3310135135135135
56,Indian Ocean / Middle East,1994,14,0,0.315,0.46,-0.15882882882882882,0.4918468468468469
56,Indian Ocean / Middle East,1995,15,0,0.445,-0.1975,-0.028828828828828812,-0.16565315315315315
56,Indian Ocean / Middle East,1996,16,1,0.3325,-0.5183333333333333,-0.1413288288288288,-0.48648648648648646
56,Indian Ocean / Middle East,1997,17,0,0.4658333333333333,1.1150000000000002,-0.007995495495495497,1.1468468468468471
56,Indian Ocean / Middle East,1998,18,1,0.6075,-0.11916666666666656,0.13367117117117122,-0.08731981981981972
56,Indian Ocean / Middle East,1999,19,0,0.3825,-1.2866666666666666,-0.09132882882882881,-1.2548198198198197
56,Indian Ocean / Middle East,2000,20,0,0.395,-0.9091666666666667,-0.0788288288288288,-0.8773198198198199
56,Indian Ocean / Middle East,2001,21,0,0.5325,-0.33916666666666667,0.058671171171171155,-0.3073198198198198
56,Indian Ocean / Middle East,2002,22,1,0.6275000000000001,0.6383333333333333,0.15367117117117124,0.6701801801801801
56,Indian Ocean / Middle East,2003,23,0,0.6166666666666667,0.20666666666666667,0.14283783783783788,0.23851351351351352
56,Indian Ocean / Middle East,2004,24,0,0.5333333333333333,0.4225,0.05950450450450451,0.45434684684684684
56,Indian Ocean / Middle East,2005,25,0,0.6791666666666667,0.015000000000000003,0.20533783783783788,0.04684684684684684
56,Indian Ocean / Middle East,2006,26,0,0.64,0.0875,0.1661711711711712,0.11934684684684684
56,Indian Ocean / Middle East,2007,27,0,0.665,-0.6183333333333333,0.19117117117117122,-0.5864864864864865
56,Indian Ocean / Middle East,2008,28,0,0.5433333333333333,-0.785,0.06950450450450452,-0.7531531531531532
56,Indian Ocean / Middle East,2009,29,0,0.6566666666666667,0.2883333333333333,0.1828378378378379,0.32018018018018013
56,Indian Ocean / Middle East,2010,30,1,0.725,-0.48749999999999993,0.25117117117117116,-0.4556531531531531
56,Indian Ocean / Middle East,2011,31,0,0.61,-0.8691666666666666,0.13617117117117117,-0.8373198198198198
56,Indian Ocean / Middle East,2012,32,0,0.6458333333333334,-0.13999999999999999,0.17200450450450455,-0.10815315315315314
56,Indian Ocean / Middle East,2013,33,0,0.6766666666666666,-0.31916666666666665,0.20283783783783782,-0.2873198198198198
56,Indian Ocean / Middle East,2014,34,0,0.7491666666666666,0.11166666666666666,0.27533783783783783,0.1435135135135135
56,Indian Ocean / Middle East,2015,35,1,0.8975,1.4616666666666667,0.42367117117117115,1.4935135135135136
56,Indian Ocean / Middle East,2016,36,0,1.0125,0.3324999999999999,0.5386711711711711,0.36434684684684676
57,Pacific,1980,0,0,0.2558333333333333,-0.0016666666666666843,-0.21799549549549552,0.030180180180180156
57,Pacific,1981,1,0,0.3225,-0.4558333333333333,-0.1513288288288288,-0.42398648648648646
57,Pacific,1982,2,0,0.13916666666666666,0.8316666666666667,-0.33466216216216216,0.8635135135135135
57,Pacific,1983,3,0,0.315,0.30666666666666664,-0.15882882882882882,0.3385135135135135
57,Pacific,1984,4,0,0.15583333333333332,-0.6641666666666667,-0.3179954954954955,-0.6323198198198199
57,Pacific,1985,5,0,0.11750000000000001,-0.755,-0.3563288288288288,-0.7231531531531532
57,Pacific,1986,6,0,0.18,0.06000000000000004,-0.2938288288288288,0.09184684684684688
57,Pacific,1987,7,0,0.32166666666666666,1.0941666666666667,-0.15216216216216216,1.1260135135135136
57,Pacific,1988,8,0,0.38916666666666666,-0.9991666666666666,-0.08466216216216216,-0.9673198198198198
57,Pacific,1989,9,0,0.2733333333333333,-0.7983333333333333,-0.2004954954954955,-0.7664864864864865
57,Pacific,1990,10,0,0.44666666666666666,0.1275,-0.027162162162162162,0.15934684684684686
57,Pacific,1991,11,0,0.4058333333333333,0.6183333333333334,-0.0679954954954955,0.6501801801801802
57,Pacific,1992,12,0,0.22333333333333333,0.6083333333333333,-0.2504954954954955,0.6401801801801801
57,Pacific,1993,13,0,0.2316666666666667,0.29916666666666664,-0.24216216216216213,0.3310135135135135
57,Pacific,1994,14,1,0.315,0.46,-0.15882882882882882,0.4918468468468469
57,Pacific,1995,15,0,0.445,-0.1975,-0.028828828828828812,-0.16565315315315315
57,Pacific,1996,16,0,0.3325,-0.5183333333333333,-0.1413288288288288,-0.48648648648648646
57,Pacific,1997,17,0,0.4658333333333333,1.1150000000000002,-0.007995495495495497,1.1468468468468471
57,Pacific,1998,18,0,0.6075,-0.11916666666666656,0.13367117117117122,-0.08731981981981972
57,Pacific,1999,19,0,0.3825,-1.2866666666666666,-0.09132882882882881,-1.2548198198198197
57,Pacific,2000,20,0,0.395,-0.9091666666666667,-0.0788288288288288,-0.8773198198198199
57,Pacific,2001,21,0,0.5325,-0.33916666666666667,0.058671171171171155,-0.3073198198198198
57,Pacific,2002,22,1,0.6275000000000001,0.6383333333333333,0.15367117117117124,0.6701801801801801
57,Pacific,2003,23,0,0.6166666666666667,0.20666666666666667,0.14283783783783788,0.23851351351351352
57,Pacific,2004,24,0,0.5333333333333333,0.4225,0.05950450450450451,0.45434684684684684
57,Pacific,2005,25,0,0.6791666666666667,0.015000000000000003,0.20533783783783788,0.04684684684684684
57,Pacific,2006,26,0,0.64,0.0875,0.1661711711711712,0.11934684684684684
57,Pacific,2007,27,0,0.665,-0.6183333333333333,0.19117117117117122,-0.5864864864864865
57,Pacific,2008,28,0,0.5433333333333333,-0.785,0.06950450450450452,-0.7531531531531532
57,Pacific,2009,29,0,0.6566666666666667,0.2883333333333333,0.1828378378378379,0.32018018018018013
57,Pacific,2010,30,0,0.725,-0.48749999999999993,0.25117117117117116,-0.4556531531531531
57,Pacific,2011,31,0,0.61,-0.8691666666666666,0.13617117117117117,-0.8373198198198198
57,Pacific,2012,32,0,0.6458333333333334,-0.13999999999999999,0.17200450450450455,-0.10815315315315314
57,Pacific,2013,33,0,0.6766666666666666,-0.31916666666666665,0.20283783783783782,-0.2873198198198198
57,Pacific,2014,34,0,0.7491666666666666,0.11166666666666666,0.27533783783783783,0.1435135135135135
57,Pacific,2015,35,1,0.8975,1.4616666666666667,0.42367117117117115,1.4935135135135136
57,Pacific,2016,36,0,1.0125,0.3324999999999999,0.5386711711711711,0.36434684684684676
58,Pacific,1980,0,0,0.2558333333333333,-0.0016666666666666843,-0.21799549549549552,0.030180180180180156
58,Pacific,1981,1,0,0.3225,-0.4558333333333333,-0.1513288288288288,-0.42398648648648646
58,Pacific,1982,2,0,0.13916666666666666,0.8316666666666667,-0.33466216216216216,0.8635135135135135
58,Pacific,1983,3,1,0.315,0.30666666666666664,-0.15882882882882882,0.3385135135135135
58,Pacific,1984,4,0,0.15583333333333332,-0.6641666666666667,-0.3179954954954955,-0.6323198198198199
58,Pacific,1985,5,0,0.11750000000000001,-0.755,-0.3563288288288288,-0.7231531531531532
58,Pacific,1986,6,0,0.18,0.06000000000000004,-0.2938288288288288,0.09184684684684688
58,Pacific,1987,7,0,0.32166666666666666,1.0941666666666667,-0.15216216216216216,1.1260135135135136
58,Pacific,1988,8,0,0.38916666666666666,-0.9991666666666666,-0.08466216216216216,-0.9673198198198198
58,Pacific,1989,9,0,0.2733333333333333,-0.7983333333333333,-0.2004954954954955,-0.7664864864864865
58,Pacific,1990,10,0,0.44666666666666666,0.1275,-0.027162162162162162,0.15934684684684686
58,Pacific,1991,11,0,0.4058333333333333,0.6183333333333334,-0.0679954954954955,0.6501801801801802
58,Pacific,1992,12,0,0.22333333333333333,0.6083333333333333,-0.2504954954954955,0.6401801801801801
58,Pacific,1993,13,0,0.2316666666666667,0.29916666666666664,-0.24216216216216213,0.3310135135135135
58,Pacific,1994,14,0,0.315,0.46,-0.15882882882882882,0.4918468468468469
58,Pacific,1995,15,0,0.445,-0.1975,-0.028828828828828812,-0.16565315315315315
58,Pacific,1996,16,0,0.3325,-0.5183333333333333,-0.1413288288288288,-0.48648648648648646
58,Pacific,1997,17,0,0.4658333333333333,1.1150000000000002,-0.007995495495495497,1.1468468468468471
58,Pacific,1998,18,1,0.6075,-0.11916666666666656,0.13367117117117122,-0.08731981981981972
58,Pacific,1999,19,0,0.3825,-1.2866666666666666,-0.09132882882882881,-1.2548198198198197
58,Pacific,2000,20,0,0.395,-0.9091666666666667,-0.0788288288288288,-0.8773198198198199
58,Pacific,2001,21,0,0.5325,-0.33916666666666667,0.058671171171171155,-0.3073198198198198
58,Pacific,2002,22,0,0.6275000000000001,0.6383333333333333,0.15367117117117124,0.6701801801801801
58,Pacific,2003,23,0,0.6166666666666667,0.20666666666666667,0.14283783783783788,0.23851351351351352
58,Pacific,2004,24,0,0.5333333333333333,0.4225,0.05950450450450451,0.45434684684684684
58,Pacific,2005,25,0,0.6791666666666667,0.015000000000000003,0.20533783783783788,0.04684684684684684
58,Pacific,2006,26,0,0.64,0.0875,0.1661711711711712,0.11934684684684684
58,Pacific,2007,27,0,0.665,-0.6183333333333333,0.19117117117117122,-0.5864864864864865
58,Pacific,2008,28,0,0.5433333333333333,-0.785,0.06950450450450452,-0.7531531531531532
58,Pacific,2009,29,0,0.6566666666666667,0.2883333333333333,0.1828378378378379,0.32018018018018013
58,Pacific,2010,30,0,0.725,-0.48749999999999993,0.25117117117117116,-0.4556531531531531
58,Pacific,2011,31,0,0.61,-0.8691666666666666,0.13617117117117117,-0.8373198198198198
58,Pacific,2012,32,0,0.6458333333333334,-0.13999999999999999,0.17200450450450455,-0.10815315315315314
58,Pacific,2013,33,0,0.6766666666666666,-0.31916666666666665,0.20283783783783782,-0.2873198198198198
58,Pacific,2014,34,0,0.7491666666666666,0.11166666666666666,0.27533783783783783,0.1435135135135135
58,Pacific,2015,35,0,0.8975,1.4616666666666667,0.42367117117117115,1.4935135135135136
58,Pacific,2016,36,0,1.0125,0.3324999999999999,0.5386711711711711,0.36434684684684676
59,Pacific,1980,0,0,0.2558333333333333,-0.0016666666666666843,-0.21799549549549552,0.030180180180180156
59,Pacific,1981,1,0,0.3225,-0.4558333333333333,-0.1513288288288288,-0.42398648648648646
59,Pacific,1982,2,0,0.13916666666666666,0.8316666666666667,-0.33466216216216216,0.8635135135135135
59,Pacific,1983,3,0,0.315,0.30666666666666664,-0.15882882882882882,0.3385135135135135
59,Pacific,1984,4,0,0.15583333333333332,-0.6641666666666667,-0.3179954954954955,-0.6323198198198199
59,Pacific,1985,5,0,0.11750000000000001,-0.755,-0.3563288288288288,-0.7231531531531532
59,Pacific,1986,6,0,0.18,0.06000000000000004,-0.2938288288288288,0.09184684684684688
59,Pacific,1987,7,0,0.32166666666666666,1.0941666666666667,-0.15216216216216216,1.1260135135135136
59,Pacific,1988,8,0,0.38916666666666666,-0.9991666666666666,-0.08466216216216216,-0.9673198198198198
59,Pacific,1989,9,0,0.2733333333333333,-0.7983333333333333,-0.2004954954954955,-0.7664864864864865
59,Pacific,1990,10,0,0.44666666666666666,0.1275,-0.027162162162162162,0.15934684684684686
59,Pacific,1991,11,0,0.4058333333333333,0.6183333333333334,-0.0679954954954955,0.6501801801801802
59,Pacific,1992,12,0,0.22333333333333333,0.6083333333333333,-0.2504954954954955,0.6401801801801801
59,Pacific,1993,13,0,0.2316666666666667,0.29916666666666664,-0.24216216216216213,0.3310135135135135
59,Pacific,1994,14,0,0.315,0.46,-0.15882882882882882,0.4918468468468469
59,Pacific,1995,15,0,0.445,-0.1975,-0.028828828828828812,-0.16565315315315315
59,Pacific,1996,16,0,0.3325,-0.5183333333333333,-0.1413288288288288,-0.48648648648648646
59,Pacific,1997,17,0,0.4658333333333333,1.1150000000000002,-0.007995495495495497,1.1468468468468471
59,Pacific,1998,18,1,0.6075,-0.11916666666666656,0.13367117117117122,-0.08731981981981972
59,Pacific,1999,19,0,0.3825,-1.2866666666666666,-0.09132882882882881,-1.2548198198198197
59,Pacific,2000,20,0,0.395,-0.9091666666666667,-0.0788288288288288,-0.8773198198198199
59,Pacific,2001,21,0,0.5325,-0.33916666666666667,0.058671171171171155,-0.3073198198198198
59,Pacific,2002,22,0,0.6275000000000001,0.6383333333333333,0.15367117117117124,0.6701801801801801
59,Pacific,2003,23,1,0.6166666666666667,0.20666666666666667,0.14283783783783788,0.23851351351351352
59,Pacific,2004,24,0,0.5333333333333333,0.4225,0.05950450450450451,0.45434684684684684
59,Pacific,2005,25,0,0.6791666666666667,0.015000000000000003,0.20533783783783788,0.04684684684684684
59,Pacific,2006,26,0,0.64,0.0875,0.1661711711711712,0.11934684684684684
59,Pacific,2007,27,0,0.665,-0.6183333333333333,0.19117117117117122,-0.5864864864864865
59,Pacific,2008,28,0,0.5433333333333333,-0.785,0.06950450450450452,-0.7531531531531532
59,Pacific,2009,29,0,0.6566666666666667,0.2883333333333333,0.1828378378378379,0.32018018018018013
59,Pacific,2010,30,1,0.725,-0.48749999999999993,0.25117117117117116,-0.4556531531531531
59,Pacific,2011,31,0,0.61,-0.8691666666666666,0.13617117117117117,-0.8373198198198198
59,Pacific,2012,32,0,0.6458333333333334,-0.13999999999999999,0.17200450450450455,-0.10815315315315314
59,Pacific,2013,33,1,0.6766666666666666,-0.31916666666666665,0.20283783783783782,-0.2873198198198198
59,Pacific,2014,34,1,0.7491666666666666,0.11166666666666666,0.27533783783783783,0.1435135135135135
59,Pacific,2015,35,1,0.8975,1.4616666666666667,0.42367117117117115,1.4935135135135136
59,Pacific,2016,36,1,1.0125,0.3324999999999999,0.5386711711711711,0.36434684684684676
60,Pacific,1980,0,0,0.2558333333333333,-0.0016666666666666843,-0.21799549549549552,0.030180180180180156
60,Pacific,1981,1,0,0.3225,-0.4558333333333333,-0.1513288288288288,-0.42398648648648646
60,Pacific,1982,2,0,0.13916666666666666,0.8316666666666667,-0.33466216216216216,0.8635135135135135
60,Pacific,1983,3,0,0.315,0.30666666666666664,-0.15882882882882882,0.3385135135135135
60,Pacific,1984,4,0,0.15583333333333332,-0.6641666666666667,-0.3179954954954955,-0.6323198198198199
60,Pacific,1985,5,0,0.11750000000000001,-0.755,-0.3563288288288288,-0.7231531531531532
60,Pacific,1986,6,0,0.18,0.06000000000000004,-0.2938288288288288,0.09184684684684688
60,Pacific,1987,7,0,0.32166666666666666,1.0941666666666667,-0.15216216216216216,1.1260135135135136
60,Pacific,1988,8,0,0.38916666666666666,-0.9991666666666666,-0.08466216216216216,-0.9673198198198198
60,Pacific,1989,9,0,0.2733333333333333,-0.7983333333333333,-0.2004954954954955,-0.7664864864864865
60,Pacific,1990,10,0,0.44666666666666666,0.1275,-0.027162162162162162,0.15934684684684686
60,Pacific,1991,11,1,0.4058333333333333,0.6183333333333334,-0.0679954954954955,0.6501801801801802
60,Pacific,1992,12,0,0.22333333333333333,0.6083333333333333,-0.2504954954954955,0.6401801801801801
60,Pacific,1993,13,0,0.2316666666666667,0.29916666666666664,-0.24216216216216213,0.3310135135135135
60,Pacific,1994,14,1,0.315,0.46,-0.15882882882882882,0.4918468468468469
60,Pacific,1995,15,0,0.445,-0.1975,-0.028828828828828812,-0.16565315315315315
60,Pacific,1996,16,0,0.3325,-0.5183333333333333,-0.1413288288288288,-0.48648648648648646
60,Pacific,1997,17,0,0.4658333333333333,1.1150000000000002,-0.007995495495495497,1.1468468468468471
60,Pacific,1998,18,0,0.6075,-0.11916666666666656,0.13367117117117122,-0.08731981981981972
60,Pacific,1999,19,0,0.3825,-1.2866666666666666,-0.09132882882882881,-1.2548198198198197
60,Pacific,2000,20,1,0.395,-0.9091666666666667,-0.0788288288288288,-0.8773198198198199
60,Pacific,2001,21,0,0.5325,-0.33916666666666667,0.058671171171171155,-0.3073198198198198
60,Pacific,2002,22,0,0.6275000000000001,0.6383333333333333,0.15367117117117124,0.6701801801801801
60,Pacific,2003,23,0,0.6166666666666667,0.20666666666666667,0.14283783783783788,0.23851351351351352
60,Pacific,2004,24,0,0.5333333333333333,0.4225,0.05950450450450451,0.45434684684684684
60,Pacific,2005,25,0,0.6791666666666667,0.015000000000000003,0.20533783783783788,0.04684684684684684
60,Pacific,2006,26,0,0.64,0.0875,0.1661711711711712,0.11934684684684684
60,Pacific,2007,27,0,0.665,-0.6183333333333333,0.19117117117117122,-0.5864864864864865
60,Pacific,2008,28,0,0.5433333333333333,-0.785,0.06950450450450452,-0.7531531531531532
60,Pacific,2009,29,0,0.6566666666666667,0.2883333333333333,0.1828378378378379,0.32018018018018013
60,Pacific,2010,30,0,0.725,-0.48749999999999993,0.25117117117117116,-0.4556531531531531
60,Pacific,2011,31,0,0.61,-0.8691666666666666,0.13617117117117117,-0.8373198198198198
60,Pacific,2012,32,0,0.6458333333333334,-0.13999999999999999,0.17200450450450455,-0.10815315315315314
60,Pacific,2013,33,0,0.6766666666666666,-0.31916666666666665,0.20283783783783782,-0.2873198198198198
60,Pacific,2014,34,0,0.7491666666666666,0.11166666666666666,0.27533783783783783,0.1435135135135135
60,Pacific,2015,35,0,0.8975,1.4616666666666667,0.42367117117117115,1.4935135135135136
60,Pacific,2016,36,1,1.0125,0.3324999999999999,0.5386711711711711,0.36434684684684676
61,Pacific,1980,0,0,0.2558333333333333,-0.0016666666666666843,-0.21799549549549552,0.030180180180180156
61,Pacific,1981,1,0,0.3225,-0.4558333333333333,-0.1513288288288288,-0.42398648648648646
61,Pacific,1982,2,0,0.13916666666666666,0.8316666666666667,-0.33466216216216216,0.8635135135135135
61,Pacific,1983,3,1,0.315,0.30666666666666664,-0.15882882882882882,0.3385135135135135
61,Pacific,1984,4,0,0.15583333333333332,-0.6641666666666667,-0.3179954954954955,-0.6323198198198199
61,Pacific,1985,5,0,0.11750000000000001,-0.755,-0.3563288288288288,-0.7231531531531532
61,Pacific,1986,6,0,0.18,0.06000000000000004,-0.2938288288288288,0.09184684684684688
61,Pacific,1987,7,1,0.32166666666666666,1.0941666666666667,-0.15216216216216216,1.1260135135135136
61,Pacific,1988,8,0,0.38916666666666666,-0.9991666666666666,-0.08466216216216216,-0.9673198198198198
61,Pacific,1989,9,0,0.2733333333333333,-0.7983333333333333,-0.2004954954954955,-0.7664864864864865
61,Pacific,1990,10,0,0.44666666666666666,0.1275,-0.027162162162162162,0.15934684684684686
61,Pacific,1991,11,1,0.4058333333333333,0.6183333333333334,-0.0679954954954955,0.6501801801801802
61,Pacific,1992,12,0,0.22333333333333333,0.6083333333333333,-0.2504954954954955,0.6401801801801801
61,Pacific,1993,13,0,0.2316666666666667,0.29916666666666664,-0.24216216216216213,0.3310135135135135
61,Pacific,1994,14,0,0.315,0.46,-0.15882882882882882,0.4918468468468469
61,Pacific,1995,15,0,0.445,-0.1975,-0.028828828828828812,-0.16565315315315315
61,Pacific,1996,16,0,0.3325,-0.5183333333333333,-0.1413288288288288,-0.48648648648648646
61,Pacific,1997,17,0,0.4658333333333333,1.1150000000000002,-0.007995495495495497,1.1468468468468471
61,Pacific,1998,18,1,0.6075,-0.11916666666666656,0.13367117117117122,-0.08731981981981972
61,Pacific,1999,19,0,0.3825,-1.2866666666666666,-0.09132882882882881,-1.2548198198198197
61,Pacific,2000,20,0,0.395,-0.9091666666666667,-0.0788288288288288,-0.8773198198198199
61,Pacific,2001,21,0,0.5325,-0.33916666666666667,0.058671171171171155,-0.3073198198198198
61,Pacific,2002,22,0,0.6275000000000001,0.6383333333333333,0.15367117117117124,0.6701801801801801
61,Pacific,2003,23,0,0.6166666666666667,0.20666666666666667,0.14283783783783788,0.23851351351351352
61,Pacific,2004,24,0,0.5333333333333333,0.4225,0.05950450450450451,0.45434684684684684
61,Pacific,2005,25,0,0.6791666666666667,0.015000000000000003,0.20533783783783788,0.04684684684684684
61,Pacific,2006,26,0,0.64,0.0875,0.1661711711711712,0.11934684684684684
61,Pacific,2007,27,0,0.665,-0.6183333333333333,0.19117117117117122,-0.5864864864864865
61,Pacific,2008,28,0,0.5433333333333333,-0.785,0.06950450450450452,-0.7531531531531532
61,Pacific,2009,29,0,0.6566666666666667,0.2883333333333333,0.1828378378378379,0.32018018018018013
61,Pacific,2010,30,0,0.725,-0.48749999999999993,0.25117117117117116,-0.4556531531531531
61,Pacific,2011,31,0,0.61,-0.8691666666666666,0.13617117117117117,-0.8373198198198198
61,Pacific,2012,32,0,0.6458333333333334,-0.13999999999999999,0.17200450450450455,-0.10815315315315314
61,Pacific,2013,33,0,0.6766666666666666,-0.31916666666666665,0.20283783783783782,-0.2873198198198198
61,Pacific,2014,34,0,0.7491666666666666,0.11166666666666666,0.27533783783783783,0.1435135135135135
61,Pacific,2015,35,0,0.8975,1.4616666666666667,0.42367117117117115,1.4935135135135136
61,Pacific,2016,36,0,1.0125,0.3324999999999999,0.5386711711711711,0.36434684684684676
62,Pacific,1980,0,0,0.2558333333333333,-0.0016666666666666843,-0.21799549549549552,0.030180180180180156
62,Pacific,1981,1,0,0.3225,-0.4558333333333333,-0.1513288288288288,-0.42398648648648646
62,Pacific,1982,2,0,0.13916666666666666,0.8316666666666667,-0.33466216216216216,0.8635135135135135
62,Pacific,1983,3,0,0.315,0.30666666666666664,-0.15882882882882882,0.3385135135135135
62,Pacific,1984,4,0,0.15583333333333332,-0.6641666666666667,-0.3179954954954955,-0.6323198198198199
62,Pacific,1985,5,0,0.11750000000000001,-0.755,-0.3563288288288288,-0.7231531531531532
62,Pacific,1986,6,0,0.18,0.06000000000000004,-0.2938288288288288,0.09184684684684688
62,Pacific,1987,7,0,0.32166666666666666,1.0941666666666667,-0.15216216216216216,1.1260135135135136
62,Pacific,1988,8,0,0.38916666666666666,-0.9991666666666666,-0.08466216216216216,-0.9673198198198198
62,Pacific,1989,9,0,0.2733333333333333,-0.7983333333333333,-0.2004954954954955,-0.7664864864864865
62,Pacific,1990,10,0,0.44666666666666666,0.1275,-0.027162162162162162,0.15934684684684686
62,Pacific,1991,11,0,0.4058333333333333,0.6183333333333334,-0.0679954954954955,0.6501801801801802
62,Pacific,1992,12,0,0.22333333333333333,0.6083333333333333,-0.2504954954954955,0.6401801801801801
62,Pacific,1993,13,0,0.2316666666666667,0.29916666666666664,-0.24216216216216213,0.3310135135135135
62,Pacific,1994,14,0,0.315,0.46,-0.15882882882882882,0.4918468468468469
62,Pacific,1995,15,0,0.445,-0.1975,-0.028828828828828812,-0.16565315315315315
62,Pacific,1996,16,0,0.3325,-0.5183333333333333,-0.1413288288288288,-0.48648648648648646
62,Pacific,1997,17,0,0.4658333333333333,1.1150000000000002,-0.007995495495495497,1.1468468468468471
62,Pacific,1998,18,1,0.6075,-0.11916666666666656,0.13367117117117122,-0.08731981981981972
62,Pacific,1999,19,0,0.3825,-1.2866666666666666,-0.09132882882882881,-1.2548198198198197
62,Pacific,2000,20,0,0.395,-0.9091666666666667,-0.0788288288288288,-0.8773198198198199
62,Pacific,2001,21,0,0.5325,-0.33916666666666667,0.058671171171171155,-0.3073198198198198
62,Pacific,2002,22,0,0.6275000000000001,0.6383333333333333,0.15367117117117124,0.6701801801801801
62,Pacific,2003,23,0,0.6166666666666667,0.20666666666666667,0.14283783783783788,0.23851351351351352
62,Pacific,2004,24,0,0.5333333333333333,0.4225,0.05950450450450451,0.45434684684684684
62,Pacific,2005,25,0,0.6791666666666667,0.015000000000000003,0.20533783783783788,0.04684684684684684
62,Pacific,2006,26,0,0.64,0.0875,0.1661711711711712,0.11934684684684684
62,Pacific,2007,27,0,0.665,-0.6183333333333333,0.19117117117117122,-0.5864864864864865
62,Pacific,2008,28,0,0.5433333333333333,-0.785,0.06950450450450452,-0.7531531531531532
62,Pacific,2009,29,0,0.6566666666666667,0.2883333333333333,0.1828378378378379,0.32018018018018013
62,Pacific,2010,30,0,0.725,-0.48749999999999993,0.25117117117117116,-0.4556531531531531
62,Pacific,2011,31,0,0.61,-0.8691666666666666,0.13617117117117117,-0.8373198198198198
62,Pacific,2012,32,0,0.6458333333333334,-0.13999999999999999,0.17200450450450455,-0.10815315315315314
62,Pacific,2013,33,0,0.6766666666666666,-0.31916666666666665,0.20283783783783782,-0.2873198198198198
62,Pacific,2014,34,0,0.7491666666666666,0.11166666666666666,0.27533783783783783,0.1435135135135135
62,Pacific,2015,35,0,0.8975,1.4616666666666667,0.42367117117117115,1.4935135135135136
62,Pacific,2016,36,0,1.0125,0.3324999999999999,0.5386711711711711,0.36434684684684676
63,Pacific,1980,0,0,0.2558333333333333,-0.0016666666666666843,-0.21799549549549552,0.030180180180180156
63,Pacific,1981,1,0,0.3225,-0.4558333333333333,-0.1513288288288288,-0.42398648648648646
63,Pacific,1982,2,0,0.13916666666666666,0.8316666666666667,-0.33466216216216216,0.8635135135135135
63,Pacific,1983,3,0,0.315,0.30666666666666664,-0.15882882882882882,0.3385135135135135
63,Pacific,1984,4,0,0.15583333333333332,-0.6641666666666667,-0.3179954954954955,-0.6323198198198199
63,Pacific,1985,5,0,0.11750000000000001,-0.755,-0.3563288288288288,-0.7231531531531532
63,Pacific,1986,6,0,0.18,0.06000000000000004,-0.2938288288288288,0.09184684684684688
63,Pacific,1987,7,0,0.32166666666666666,1.0941666666666667,-0.15216216216216216,1.1260135135135136
63,Pacific,1988,8,0,0.38916666666666666,-0.9991666666666666,-0.08466216216216216,-0.9673198198198198
63,Pacific,1989,9,0,0.2733333333333333,-0.7983333333333333,-0.2004954954954955,-0.7664864864864865
63,Pacific,1990,10,0,0.44666666666666666,0.1275,-0.027162162162162162,0.15934684684684686
63,Pacific,1991,11,0,0.4058333333333333,0.6183333333333334,-0.0679954954954955,0.6501801801801802
63,Pacific,1992,12,0,0.22333333333333333,0.6083333333333333,-0.2504954954954955,0.6401801801801801
63,Pacific,1993,13,0,0.2316666666666667,0.29916666666666664,-0.24216216216216213,0.3310135135135135
63,Pacific,1994,14,0,0.315,0.46,-0.15882882882882882,0.4918468468468469
63,Pacific,1995,15,0,0.445,-0.1975,-0.028828828828828812,-0.16565315315315315
63,Pacific,1996,16,0,0.3325,-0.5183333333333333,-0.1413288288288288,-0.48648648648648646
63,Pacific,1997,17,0,0.4658333333333333,1.1150000000000002,-0.007995495495495497,1.1468468468468471
63,Pacific,1998,18,0,0.6075,-0.11916666666666656,0.13367117117117122,-0.08731981981981972
63,Pacific,1999,19,0,0.3825,-1.2866666666666666,-0.09132882882882881,-1.2548198198198197
63,Pacific,2000,20,1,0.395,-0.9091666666666667,-0.0788288288288288,-0.8773198198198199
63,Pacific,2001,21,0,0.5325,-0.33916666666666667,0.058671171171171155,-0.3073198198198198
63,Pacific,2002,22,1,0.6275000000000001,0.6383333333333333,0.15367117117117124,0.6701801801801801
63,Pacific,2003,23,0,0.6166666666666667,0.20666666666666667,0.14283783783783788,0.23851351351351352
63,Pacific,2004,24,0,0.5333333333333333,0.4225,0.05950450450450451,0.45434684684684684
63,Pacific,2005,25,0,0.6791666666666667,0.015000000000000003,0.20533783783783788,0.04684684684684684
63,Pacific,2006,26,0,0.64,0.0875,0.1661711711711712,0.11934684684684684
63,Pacific,2007,27,0,0.665,-0.6183333333333333,0.19117117117117122,-0.5864864864864865
63,Pacific,2008,28,0,0.5433333333333333,-0.785,0.06950450450450452,-0.7531531531531532
63,Pacific,2009,29,0,0.6566666666666667,0.2883333333333333,0.1828378378378379,0.32018018018018013
63,Pacific,2010,30,0,0.725,-0.48749999999999993,0.25117117117117116,-0.4556531531531531
63,Pacific,2011,31,0,0.61,-0.8691666666666666,0.13617117117117117,-0.8373198198198198
63,Pacific,2012,32,0,0.6458333333333334,-0.13999999999999999,0.17200450450450455,-0.10815315315315314
63,Pacific,2013,33,0,0.6766666666666666,-0.31916666666666665,0.20283783783783782,-0.2873198198198198
63,Pacific,2014,34,0,0.7491666666666666,0.11166666666666666,0.27533783783783783,0.1435135135135135
63,Pacific,2015,35,0,0.8975,1.4616666666666667,0.42367117117117115,1.4935135135135136
63,Pacific,2016,36,1,1.0125,0.3324999999999999,0.5386711711711711,0.36434684684684676
64,Pacific,1980,0,0,0.2558333333333333,-0.0016666666666666843,-0.21799549549549552,0.030180180180180156
64,Pacific,1981,1,0,0.3225,-0.4558333333333333,-0.1513288288288288,-0.42398648648648646
64,Pacific,1982,2,0,0.13916666666666666,0.8316666666666667,-0.33466216216216216,0.8635135135135135
64,Pacific,1983,3,0,0.315,0.30666666666666664,-0.15882882882882882,0.3385135135135135
64,Pacific,1984,4,1,0.15583333333333332,-0.6641666666666667,-0.3179954954954955,-0.6323198198198199
64,Pacific,1985,5,0,0.11750000000000001,-0.755,-0.3563288288288288,-0.7231531531531532
64,Pacific,1986,6,0,0.18,0.06000000000000004,-0.2938288288288288,0.09184684684684688
64,Pacific,1987,7,1,0.32166666666666666,1.0941666666666667,-0.15216216216216216,1.1260135135135136
64,Pacific,1988,8,0,0.38916666666666666,-0.9991666666666666,-0.08466216216216216,-0.9673198198198198
64,Pacific,1989,9,0,0.2733333333333333,-0.7983333333333333,-0.2004954954954955,-0.7664864864864865
64,Pacific,1990,10,0,0.44666666666666666,0.1275,-0.027162162162162162,0.15934684684684686
64,Pacific,1991,11,1,0.4058333333333333,0.6183333333333334,-0.0679954954954955,0.6501801801801802
64,Pacific,1992,12,0,0.22333333333333333,0.6083333333333333,-0.2504954954954955,0.6401801801801801
64,Pacific,1993,13,0,0.2316666666666667,0.29916666666666664,-0.24216216216216213,0.3310135135135135
64,Pacific,1994,14,1,0.315,0.46,-0.15882882882882882,0.4918468468468469
64,Pacific,1995,15,0,0.445,-0.1975,-0.028828828828828812,-0.16565315315315315
64,Pacific,1996,16,0,0.3325,-0.5183333333333333,-0.1413288288288288,-0.48648648648648646
64,Pacific,1997,17,0,0.4658333333333333,1.1150000000000002,-0.007995495495495497,1.1468468468468471
64,Pacific,1998,18,0,0.6075,-0.11916666666666656,0.13367117117117122,-0.08731981981981972
64,Pacific,1999,19,0,0.3825,-1.2866666666666666,-0.09132882882882881,-1.2548198198198197
64,Pacific,2000,20,0,0.395,-0.9091666666666667,-0.0788288288288288,-0.8773198198198199
64,Pacific,2001,21,0,0.5325,-0.33916666666666667,0.058671171171171155,-0.3073198198198198
64,Pacific,2002,22,1,0.6275000000000001,0.6383333333333333,0.15367117117117124,0.6701801801801801
64,Pacific,2003,23,1,0.6166666666666667,0.20666666666666667,0.14283783783783788,0.23851351351351352
64,Pacific,2004,24,0,0.5333333333333333,0.4225,0.05950450450450451,0.45434684684684684
64,Pacific,2005,25,0,0.6791666666666667,0.015000000000000003,0.20533783783783788,0.04684684684684684
64,Pacific,2006,26,0,0.64,0.0875,0.1661711711711712,0.11934684684684684
64,Pacific,2007,27,1,0.665,-0.6183333333333333,0.19117117117117122,-0.5864864864864865
64,Pacific,2008,28,0,0.5433333333333333,-0.785,0.06950450450450452,-0.7531531531531532
64,Pacific,2009,29,1,0.6566666666666667,0.2883333333333333,0.1828378378378379,0.32018018018018013
64,Pacific,2010,30,0,0.725,-0.48749999999999993,0.25117117117117116,-0.4556531531531531
64,Pacific,2011,31,0,0.61,-0.8691666666666666,0.13617117117117117,-0.8373198198198198
64,Pacific,2012,32,0,0.6458333333333334,-0.13999999999999999,0.17200450450450455,-0.10815315315315314
64,Pacific,2013,33,0,0.6766666666666666,-0.31916666666666665,0.20283783783783782,-0.2873198198198198
64,Pacific,2014,34,0,0.7491666666666666,0.11166666666666666,0.27533783783783783,0.1435135135135135
64,Pacific,2015,35,0,0.8975,1.4616666666666667,0.42367117117117115,1.4935135135135136
64,Pacific,2016,36,1,1.0125,0.3324999999999999,0.5386711711711711,0.36434684684684676
65,Pacific,1980,0,0,0.2558333333333333,-0.0016666666666666843,-0.21799549549549552,0.030180180180180156
65,Pacific,1981,1,0,0.3225,-0.4558333333333333,-0.1513288288288288,-0.42398648648648646
65,Pacific,1982,2,0,0.13916666666666666,0.8316666666666667,-0.33466216216216216,0.8635135135135135
65,Pacific,1983,3,1,0.315,0.30666666666666664,-0.15882882882882882,0.3385135135135135
65,Pacific,1984,4,0,0.15583333333333332,-0.6641666666666667,-0.3179954954954955,-0.6323198198198199
65,Pacific,1985,5,0,0.11750000000000001,-0.755,-0.3563288288288288,-0.7231531531531532
65,Pacific,1986,6,0,0.18,0.06000000000000004,-0.2938288288288288,0.09184684684684688
65,Pacific,1987,7,1,0.32166666666666666,1.0941666666666667,-0.15216216216216216,1.1260135135135136
65,Pacific,1988,8,0,0.38916666666666666,-0.9991666666666666,-0.08466216216216216,-0.9673198198198198
65,Pacific,1989,9,0,0.2733333333333333,-0.7983333333333333,-0.2004954954954955,-0.7664864864864865
65,Pacific,1990,10,0,0.44666666666666666,0.1275,-0.027162162162162162,0.15934684684684686
65,Pacific,1991,11,0,0.4058333333333333,0.6183333333333334,-0.0679954954954955,0.6501801801801802
65,Pacific,1992,12,0,0.22333333333333333,0.6083333333333333,-0.2504954954954955,0.6401801801801801
65,Pacific,1993,13,0,0.2316666666666667,0.29916666666666664,-0.24216216216216213,0.3310135135135135
65,Pacific,1994,14,0,0.315,0.46,-0.15882882882882882,0.4918468468468469
65,Pacific,1995,15,0,0.445,-0.1975,-0.028828828828828812,-0.16565315315315315
65,Pacific,1996,16,0,0.3325,-0.5183333333333333,-0.1413288288288288,-0.48648648648648646
65,Pacific,1997,17,0,0.4658333333333333,1.1150000000000002,-0.007995495495495497,1.1468468468468471
65,Pacific,1998,18,1,0.6075,-0.11916666666666656,0.13367117117117122,-0.08731981981981972
65,Pacific,1999,19,0,0.3825,-1.2866666666666666,-0.09132882882882881,-1.2548198198198197
65,Pacific,2000,20,0,0.395,-0.9091666666666667,-0.0788288288288288,-0.8773198198198199
65,Pacific,2001,21,0,0.5325,-0.33916666666666667,0.058671171171171155,-0.3073198198198198
65,Pacific,2002,22,0,0.6275000000000001,0.6383333333333333,0.15367117117117124,0.6701801801801801
65,Pacific,2003,23,0,0.6166666666666667,0.20666666666666667,0.14283783783783788,0.23851351351351352
65,Pacific,2004,24,0,0.5333333333333333,0.4225,0.05950450450450451,0.45434684684684684
65,Pacific,2005,25,0,0.6791666666666667,0.015000000000000003,0.20533783783783788,0.04684684684684684
65,Pacific,2006,26,0,0.64,0.0875,0.1661711711711712,0.11934684684684684
65,Pacific,2007,27,0,0.665,-0.6183333333333333,0.19117117117117122,-0.5864864864864865
65,Pacific,2008,28,0,0.5433333333333333,-0.785,0.06950450450450452,-0.7531531531531532
65,Pacific,2009,29,0,0.6566666666666667,0.2883333333333333,0.1828378378378379,0.32018018018018013
65,Pacific,2010,30,0,0.725,-0.48749999999999993,0.25117117117117116,-0.4556531531531531
65,Pacific,2011,31,0,0.61,-0.8691666666666666,0.13617117117117117,-0.8373198198198198
65,Pacific,2012,32,0,0.6458333333333334,-0.13999999999999999,0.17200450450450455,-0.10815315315315314
65,Pacific,2013,33,0,0.6766666666666666,-0.31916666666666665,0.20283783783783782,-0.2873198198198198
65,Pacific,2014,34,0,0.7491666666666666,0.11166666666666666,0.27533783783783783,0.1435135135135135
65,Pacific,2015,35,0,0.8975,1.4616666666666667,0.42367117117117115,1.4935135135135136
65,Pacific,2016,36,0,1.0125,0.3324999999999999,0.5386711711711711,0.36434684684684676
66,Pacific,1980,0,0,0.2558333333333333,-0.0016666666666666843,-0.21799549549549552,0.030180180180180156
66,Pacific,1981,1,0,0.3225,-0.4558333333333333,-0.1513288288288288,-0.42398648648648646
66,Pacific,1982,2,0,0.13916666666666666,0.8316666666666667,-0.33466216216216216,0.8635135135135135
66,Pacific,1983,3,0,0.315,0.30666666666666664,-0.15882882882882882,0.3385135135135135
66,Pacific,1984,4,0,0.15583333333333332,-0.6641666666666667,-0.3179954954954955,-0.6323198198198199
66,Pacific,1985,5,0,0.11750000000000001,-0.755,-0.3563288288288288,-0.7231531531531532
66,Pacific,1986,6,0,0.18,0.06000000000000004,-0.2938288288288288,0.09184684684684688
66,Pacific,1987,7,0,0.32166666666666666,1.0941666666666667,-0.15216216216216216,1.1260135135135136
66,Pacific,1988,8,0,0.38916666666666666,-0.9991666666666666,-0.08466216216216216,-0.9673198198198198
66,Pacific,1989,9,0,0.2733333333333333,-0.7983333333333333,-0.2004954954954955,-0.7664864864864865
66,Pacific,1990,10,0,0.44666666666666666,0.1275,-0.027162162162162162,0.15934684684684686
66,Pacific,1991,11,0,0.4058333333333333,0.6183333333333334,-0.0679954954954955,0.6501801801801802
66,Pacific,1992,12,0,0.22333333333333333,0.6083333333333333,-0.2504954954954955,0.6401801801801801
66,Pacific,1993,13,0,0.2316666666666667,0.29916666666666664,-0.24216216216216213,0.3310135135135135
66,Pacific,1994,14,1,0.315,0.46,-0.15882882882882882,0.4918468468468469
66,Pacific,1995,15,0,0.445,-0.1975,-0.028828828828828812,-0.16565315315315315
66,Pacific,1996,16,1,0.3325,-0.5183333333333333,-0.1413288288288288,-0.48648648648648646
66,Pacific,1997,17,0,0.4658333333333333,1.1150000000000002,-0.007995495495495497,1.1468468468468471
66,Pacific,1998,18,0,0.6075,-0.11916666666666656,0.13367117117117122,-0.08731981981981972
66,Pacific,1999,19,0,0.3825,-1.2866666666666666,-0.09132882882882881,-1.2548198198198197
66,Pacific,2000,20,0,0.395,-0.9091666666666667,-0.0788288288288288,-0.8773198198198199
66,Pacific,2001,21,0,0.5325,-0.33916666666666667,0.058671171171171155,-0.3073198198198198
66,Pacific,2002,22,0,0.6275000000000001,0.6383333333333333,0.15367117117117124,0.6701801801801801
66,Pacific,2003,23,0,0.6166666666666667,0.20666666666666667,0.14283783783783788,0.23851351351351352
66,Pacific,2004,24,0,0.5333333333333333,0.4225,0.05950450450450451,0.45434684684684684
66,Pacific,2005,25,0,0.6791666666666667,0.015000000000000003,0.20533783783783788,0.04684684684684684
66,Pacific,2006,26,1,0.64,0.0875,0.1661711711711712,0.11934684684684684
66,Pacific,2007,27,1,0.665,-0.6183333333333333,0.19117117117117122,-0.5864864864864865
66,Pacific,2008,28,0,0.5433333333333333,-0.785,0.06950450450450452,-0.7531531531531532
66,Pacific,2009,29,0,0.6566666666666667,0.2883333333333333,0.1828378378378379,0.32018018018018013
66,Pacific,2010,30,0,0.725,-0.48749999999999993,0.25117117117117116,-0.4556531531531531
66,Pacific,2011,31,0,0.61,-0.8691666666666666,0.13617117117117117,-0.8373198198198198
66,Pacific,2012,32,0,0.6458333333333334,-0.13999999999999999,0.17200450450450455,-0.10815315315315314
66,Pacific,2013,33,1,0.6766666666666666,-0.31916666666666665,0.20283783783783782,-0.2873198198198198
66,Pacific,2014,34,1,0.7491666666666666,0.11166666666666666,0.27533783783783783,0.1435135135135135
66,Pacific,2015,35,1,0.8975,1.4616666666666667,0.42367117117117115,1.4935135135135136
66,Pacific,2016,36,1,1.0125,0.3324999999999999,0.5386711711711711,0.36434684684684676
67,Pacific,1980,0,0,0.2558333333333333,-0.0016666666666666843,-0.21799549549549552,0.030180180180180156
67,Pacific,1981,1,0,0.3225,-0.4558333333333333,-0.1513288288288288,-0.42398648648648646
67,Pacific,1982,2,0,0.13916666666666666,0.8316666666666667,-0.33466216216216216,0.8635135135135135
67,Pacific,1983,3,0,0.315,0.30666666666666664,-0.15882882882882882,0.3385135135135135
67,Pacific,1984,4,0,0.15583333333333332,-0.6641666666666667,-0.3179954954954955,-0.6323198198198199
67,Pacific,1985,5,0,0.11750000000000001,-0.755,-0.3563288288288288,-0.7231531531531532
67,Pacific,1986,6,0,0.18,0.06000000000000004,-0.2938288288288288,0.09184684684684688
67,Pacific,1987,7,1,0.32166666666666666,1.0941666666666667,-0.15216216216216216,1.1260135135135136
67,Pacific,1988,8,0,0.38916666666666666,-0.9991666666666666,-0.08466216216216216,-0.9673198198198198
67,Pacific,1989,9,0,0.2733333333333333,-0.7983333333333333,-0.2004954954954955,-0.7664864864864865
67,Pacific,1990,10,0,0.44666666666666666,0.1275,-0.027162162162162162,0.15934684684684686
67,Pacific,1991,11,0,0.4058333333333333,0.6183333333333334,-0.0679954954954955,0.6501801801801802
67,Pacific,1992,12,0,0.22333333333333333,0.6083333333333333,-0.2504954954954955,0.6401801801801801
67,Pacific,1993,13,0,0.2316666666666667,0.29916666666666664,-0.24216216216216213,0.3310135135135135
67,Pacific,1994,14,0,0.315,0.46,-0.15882882882882882,0.4918468468468469
67,Pacific,1995,15,0,0.445,-0.1975,-0.028828828828828812,-0.16565315315315315
67,Pacific,1996,16,1,0.3325,-0.5183333333333333,-0.1413288288288288,-0.48648648648648646
67,Pacific,1997,17,0,0.4658333333333333,1.1150000000000002,-0.007995495495495497,1.1468468468468471
67,Pacific,1998,18,0,0.6075,-0.11916666666666656,0.13367117117117122,-0.08731981981981972
67,Pacific,1999,19,0,0.3825,-1.2866666666666666,-0.09132882882882881,-1.2548198198198197
67,Pacific,2000,20,0,0.395,-0.9091666666666667,-0.0788288288288288,-0.8773198198198199
67,Pacific,2001,21,0,0.5325,-0.33916666666666667,0.058671171171171155,-0.3073198198198198
67,Pacific,2002,22,0,0.6275000000000001,0.6383333333333333,0.15367117117117124,0.6701801801801801
67,Pacific,2003,23,0,0.6166666666666667,0.20666666666666667,0.14283783783783788,0.23851351351351352
67,Pacific,2004,24,1,0.5333333333333333,0.4225,0.05950450450450451,0.45434684684684684
67,Pacific,2005,25,0,0.6791666666666667,0.015000000000000003,0.20533783783783788,0.04684684684684684
67,Pacific,2006,26,0,0.64,0.0875,0.1661711711711712,0.11934684684684684
67,Pacific,2007,27,0,0.665,-0.6183333333333333,0.19117117117117122,-0.5864864864864865
67,Pacific,2008,28,0,0.5433333333333333,-0.785,0.06950450450450452,-0.7531531531531532
67,Pacific,2009,29,0,0.6566666666666667,0.2883333333333333,0.1828378378378379,0.32018018018018013
67,Pacific,2010,30,0,0.725,-0.48749999999999993,0.25117117117117116,-0.4556531531531531
67,Pacific,2011,31,0,0.61,-0.8691666666666666,0.13617117117117117,-0.8373198198198198
67,Pacific,2012,32,0,0.6458333333333334,-0.13999999999999999,0.17200450450450455,-0.10815315315315314
67,Pacific,2013,33,0,0.6766666666666666,-0.31916666666666665,0.20283783783783782,-0.2873198198198198
67,Pacific,2014,34,1,0.7491666666666666,0.11166666666666666,0.27533783783783783,0.1435135135135135
67,Pacific,2015,35,1,0.8975,1.4616666666666667,0.42367117117117115,1.4935135135135136
67,Pacific,2016,36,0,1.0125,0.3324999999999999,0.5386711711711711,0.36434684684684676
68,Pacific,1980,0,0,0.2558333333333333,-0.0016666666666666843,-0.21799549549549552,0.030180180180180156
68,Pacific,1981,1,0,0.3225,-0.4558333333333333,-0.1513288288288288,-0.42398648648648646
68,Pacific,1982,2,0,0.13916666666666666,0.8316666666666667,-0.33466216216216216,0.8635135135135135
68,Pacific,1983,3,0,0.315,0.30666666666666664,-0.15882882882882882,0.3385135135135135
68,Pacific,1984,4,0,0.15583333333333332,-0.6641666666666667,-0.3179954954954955,-0.6323198198198199
68,Pacific,1985,5,0,0.11750000000000001,-0.755,-0.3563288288288288,-0.7231531531531532
68,Pacific,1986,6,0,0.18,0.06000000000000004,-0.2938288288288288,0.09184684684684688
68,Pacific,1987,7,0,0.32166666666666666,1.0941666666666667,-0.15216216216216216,1.1260135135135136
68,Pacific,1988,8,0,0.38916666666666666,-0.9991666666666666,-0.08466216216216216,-0.9673198198198198
68,Pacific,1989,9,0,0.2733333333333333,-0.7983333333333333,-0.2004954954954955,-0.7664864864864865
68,Pacific,1990,10,0,0.44666666666666666,0.1275,-0.027162162162162162,0.15934684684684686
68,Pacific,1991,11,0,0.4058333333333333,0.6183333333333334,-0.0679954954954955,0.6501801801801802
68,Pacific,1992,12,0,0.22333333333333333,0.6083333333333333,-0.2504954954954955,0.6401801801801801
68,Pacific,1993,13,0,0.2316666666666667,0.29916666666666664,-0.24216216216216213,0.3310135135135135
68,Pacific,1994,14,0,0.315,0.46,-0.15882882882882882,0.4918468468468469
68,Pacific,1995,15,0,0.445,-0.1975,-0.028828828828828812,-0.16565315315315315
68,Pacific,1996,16,0,0.3325,-0.5183333333333333,-0.1413288288288288,-0.48648648648648646
68,Pacific,1997,17,0,0.4658333333333333,1.1150000000000002,-0.007995495495495497,1.1468468468468471
68,Pacific,1998,18,0,0.6075,-0.11916666666666656,0.13367117117117122,-0.08731981981981972
68,Pacific,1999,19,0,0.3825,-1.2866666666666666,-0.09132882882882881,-1.2548198198198197
68,Pacific,2000,20,0,0.395,-0.9091666666666667,-0.0788288288288288,-0.8773198198198199
68,Pacific,2001,21,0,0.5325,-0.33916666666666667,0.058671171171171155,-0.3073198198198198
68,Pacific,2002,22,1,0.6275000000000001,0.6383333333333333,0.15367117117117124,0.6701801801801801
68,Pacific,2003,23,0,0.6166666666666667,0.20666666666666667,0.14283783783783788,0.23851351351351352
68,Pacific,2004,24,1,0.5333333333333333,0.4225,0.05950450450450451,0.45434684684684684
68,Pacific,2005,25,0,0.6791666666666667,0.015000000000000003,0.20533783783783788,0.04684684684684684
68,Pacific,2006,26,0,0.64,0.0875,0.1661711711711712,0.11934684684684684
68,Pacific,2007,27,0,0.665,-0.6183333333333333,0.19117117117117122,-0.5864864864864865
68,Pacific,2008,28,0,0.5433333333333333,-0.785,0.06950450450450452,-0.7531531531531532
68,Pacific,2009,29,0,0.6566666666666667,0.2883333333333333,0.1828378378378379,0.32018018018018013
68,Pacific,2010,30,0,0.725,-0.48749999999999993,0.25117117117117116,-0.4556531531531531
68,Pacific,2011,31,0,0.61,-0.8691666666666666,0.13617117117117117,-0.8373198198198198
68,Pacific,2012,32,0,0.6458333333333334,-0.13999999999999999,0.17200450450450455,-0.10815315315315314
68,Pacific,2013,33,0,0.6766666666666666,-0.31916666666666665,0.20283783783783782,-0.2873198198198198
68,Pacific,2014,34,1,0.7491666666666666,0.11166666666666666,0.27533783783783783,0.1435135135135135
68,Pacific,2015,35,1,0.8975,1.4616666666666667,0.42367117117117115,1.4935135135135136
68,Pacific,2016,36,0,1.0125,0.3324999999999999,0.5386711711711711,0.36434684684684676
69,Pacific,1980,0,0,0.2558333333333333,-0.0016666666666666843,-0.21799549549549552,0.030180180180180156
69,Pacific,1981,1,0,0.3225,-0.4558333333333333,-0.1513288288288288,-0.42398648648648646
69,Pacific,1982,2,0,0.13916666666666666,0.8316666666666667,-0.33466216216216216,0.8635135135135135
69,Pacific,1983,3,0,0.315,0.30666666666666664,-0.15882882882882882,0.3385135135135135
69,Pacific,1984,4,0,0.15583333333333332,-0.6641666666666667,-0.3179954954954955,-0.6323198198198199
69,Pacific,1985,5,0,0.11750000000000001,-0.755,-0.3563288288288288,-0.7231531531531532
69,Pacific,1986,6,0,0.18,0.06000000000000004,-0.2938288288288288,0.09184684684684688
69,Pacific,1987,7,0,0.32166666666666666,1.0941666666666667,-0.15216216216216216,1.1260135135135136
69,Pacific,1988,8,0,0.38916666666666666,-0.9991666666666666,-0.08466216216216216,-0.9673198198198198
69,Pacific,1989,9,0,0.2733333333333333,-0.7983333333333333,-0.2004954954954955,-0.7664864864864865
69,Pacific,1990,10,0,0.44666666666666666,0.1275,-0.027162162162162162,0.15934684684684686
69,Pacific,1991,11,0,0.4058333333333333,0.6183333333333334,-0.0679954954954955,0.6501801801801802
69,Pacific,1992,12,0,0.22333333333333333,0.6083333333333333,-0.2504954954954955,0.6401801801801801
69,Pacific,1993,13,0,0.2316666666666667,0.29916666666666664,-0.24216216216216213,0.3310135135135135
69,Pacific,1994,14,0,0.315,0.46,-0.15882882882882882,0.4918468468468469
69,Pacific,1995,15,0,0.445,-0.1975,-0.028828828828828812,-0.16565315315315315
69,Pacific,1996,16,1,0.3325,-0.5183333333333333,-0.1413288288288288,-0.48648648648648646
69,Pacific,1997,17,0,0.4658333333333333,1.1150000000000002,-0.007995495495495497,1.1468468468468471
69,Pacific,1998,18,0,0.6075,-0.11916666666666656,0.13367117117117122,-0.08731981981981972
69,Pacific,1999,19,0,0.3825,-1.2866666666666666,-0.09132882882882881,-1.2548198198198197
69,Pacific,2000,20,0,0.395,-0.9091666666666667,-0.0788288288288288,-0.8773198198198199
69,Pacific,2001,21,0,0.5325,-0.33916666666666667,0.058671171171171155,-0.3073198198198198
69,Pacific,2002,22,0,0.6275000000000001,0.6383333333333333,0.15367117117117124,0.6701801801801801
69,Pacific,2003,23,0,0.6166666666666667,0.20666666666666667,0.14283783783783788,0.23851351351351352
69,Pacific,2004,24,0,0.5333333333333333,0.4225,0.05950450450450451,0.45434684684684684
69,Pacific,2005,25,0,0.6791666666666667,0.015000000000000003,0.20533783783783788,0.04684684684684684
69,Pacific,2006,26,0,0.64,0.0875,0.1661711711711712,0.11934684684684684
69,Pacific,2007,27,0,0.665,-0.6183333333333333,0.19117117117117122,-0.5864864864864865
69,Pacific,2008,28,0,0.5433333333333333,-0.785,0.06950450450450452,-0.7531531531531532
69,Pacific,2009,29,0,0.6566666666666667,0.2883333333333333,0.1828378378378379,0.32018018018018013
69,Pacific,2010,30,0,0.725,-0.48749999999999993,0.25117117117117116,-0.4556531531531531
69,Pacific,2011,31,0,0.61,-0.8691666666666666,0.13617117117117117,-0.8373198198198198
69,Pacific,2012,32,0,0.6458333333333334,-0.13999999999999999,0.17200450450450455,-0.10815315315315314
69,Pacific,2013,33,0,0.6766666666666666,-0.31916666666666665,0.20283783783783782,-0.2873198198198198
69,Pacific,2014,34,0,0.7491666666666666,0.11166666666666666,0.27533783783783783,0.1435135135135135
69,Pacific,2015,35,0,0.8975,1.4616666666666667,0.42367117117117115,1.4935135135135136
69,Pacific,2016,36,0,1.0125,0.3324999999999999,0.5386711711711711,0.36434684684684676
70,Pacific,1980,0,0,0.2558333333333333,-0.0016666666666666843,-0.21799549549549552,0.030180180180180156
70,Pacific,1981,1,0,0.3225,-0.4558333333333333,-0.1513288288288288,-0.42398648648648646
70,Pacific,1982,2,0,0.13916666666666666,0.8316666666666667,-0.33466216216216216,0.8635135135135135
70,Pacific,1983,3,0,0.315,0.30666666666666664,-0.15882882882882882,0.3385135135135135
70,Pacific,1984,4,0,0.15583333333333332,-0.6641666666666667,-0.3179954954954955,-0.6323198198198199
70,Pacific,1985,5,0,0.11750000000000001,-0.755,-0.3563288288288288,-0.7231531531531532
70,Pacific,1986,6,0,0.18,0.06000000000000004,-0.2938288288288288,0.09184684684684688
70,Pacific,1987,7,0,0.32166666666666666,1.0941666666666667,-0.15216216216216216,1.1260135135135136
70,Pacific,1988,8,0,0.38916666666666666,-0.9991666666666666,-0.08466216216216216,-0.9673198198198198
70,Pacific,1989,9,0,0.2733333333333333,-0.7983333333333333,-0.2004954954954955,-0.7664864864864865
70,Pacific,1990,10,0,0.44666666666666666,0.1275,-0.027162162162162162,0.15934684684684686
70,Pacific,1991,11,0,0.4058333333333333,0.6183333333333334,-0.0679954954954955,0.6501801801801802
70,Pacific,1992,12,0,0.22333333333333333,0.6083333333333333,-0.2504954954954955,0.6401801801801801
70,Pacific,1993,13,0,0.2316666666666667,0.29916666666666664,-0.24216216216216213,0.3310135135135135
70,Pacific,1994,14,0,0.315,0.46,-0.15882882882882882,0.4918468468468469
70,Pacific,1995,15,0,0.445,-0.1975,-0.028828828828828812,-0.16565315315315315
70,Pacific,1996,16,0,0.3325,-0.5183333333333333,-0.1413288288288288,-0.48648648648648646
70,Pacific,1997,17,0,0.4658333333333333,1.1150000000000002,-0.007995495495495497,1.1468468468468471
70,Pacific,1998,18,0,0.6075,-0.11916666666666656,0.13367117117117122,-0.08731981981981972
70,Pacific,1999,19,0,0.3825,-1.2866666666666666,-0.09132882882882881,-1.2548198198198197
70,Pacific,2000,20,0,0.395,-0.9091666666666667,-0.0788288288288288,-0.8773198198198199
70,Pacific,2001,21,0,0.5325,-0.33916666666666667,0.058671171171171155,-0.3073198198198198
70,Pacific,2002,22,0,0.6275000000000001,0.6383333333333333,0.15367117117117124,0.6701801801801801
70,Pacific,2003,23,0,0.6166666666666667,0.20666666666666667,0.14283783783783788,0.23851351351351352
70,Pacific,2004,24,1,0.5333333333333333,0.4225,0.05950450450450451,0.45434684684684684
70,Pacific,2005,25,0,0.6791666666666667,0.015000000000000003,0.20533783783783788,0.04684684684684684
70,Pacific,2006,26,0,0.64,0.0875,0.1661711711711712,0.11934684684684684
70,Pacific,2007,27,0,0.665,-0.6183333333333333,0.19117117117117122,-0.5864864864864865
70,Pacific,2008,28,0,0.5433333333333333,-0.785,0.06950450450450452,-0.7531531531531532
70,Pacific,2009,29,1,0.6566666666666667,0.2883333333333333,0.1828378378378379,0.32018018018018013
70,Pacific,2010,30,0,0.725,-0.48749999999999993,0.25117117117117116,-0.4556531531531531
70,Pacific,2011,31,0,0.61,-0.8691666666666666,0.13617117117117117,-0.8373198198198198
70,Pacific,2012,32,0,0.6458333333333334,-0.13999999999999999,0.17200450450450455,-0.10815315315315314
70,Pacific,2013,33,0,0.6766666666666666,-0.31916666666666665,0.20283783783783782,-0.2873198198198198
70,Pacific,2014,34,0,0.7491666666666666,0.11166666666666666,0.27533783783783783,0.1435135135135135
70,Pacific,2015,35,0,0.8975,1.4616666666666667,0.42367117117117115,1.4935135135135136
70,Pacific,2016,36,0,1.0125,0.3324999999999999,0.5386711711711711,0.36434684684684676
71,Pacific,1980,0,0,0.2558333333333333,-0.0016666666666666843,-0.21799549549549552,0.030180180180180156
71,Pacific,1981,1,0,0.3225,-0.4558333333333333,-0.1513288288288288,-0.42398648648648646
71,Pacific,1982,2,0,0.13916666666666666,0.8316666666666667,-0.33466216216216216,0.8635135135135135
71,Pacific,1983,3,0,0.315,0.30666666666666664,-0.15882882882882882,0.3385135135135135
71,Pacific,1984,4,0,0.15583333333333332,-0.6641666666666667,-0.3179954954954955,-0.6323198198198199
71,Pacific,1985,5,0,0.11750000000000001,-0.755,-0.3563288288288288,-0.7231531531531532
71,Pacific,1986,6,0,0.18,0.06000000000000004,-0.2938288288288288,0.09184684684684688
71,Pacific,1987,7,0,0.32166666666666666,1.0941666666666667,-0.15216216216216216,1.1260135135135136
71,Pacific,1988,8,0,0.38916666666666666,-0.9991666666666666,-0.08466216216216216,-0.9673198198198198
71,Pacific,1989,9,0,0.2733333333333333,-0.7983333333333333,-0.2004954954954955,-0.7664864864864865
71,Pacific,1990,10,0,0.44666666666666666,0.1275,-0.027162162162162162,0.15934684684684686
71,Pacific,1991,11,0,0.4058333333333333,0.6183333333333334,-0.0679954954954955,0.6501801801801802
71,Pacific,1992,12,0,0.22333333333333333,0.6083333333333333,-0.2504954954954955,0.6401801801801801
71,Pacific,1993,13,0,0.2316666666666667,0.29916666666666664,-0.24216216216216213,0.3310135135135135
71,Pacific,1994,14,0,0.315,0.46,-0.15882882882882882,0.4918468468468469
71,Pacific,1995,15,0,0.445,-0.1975,-0.028828828828828812,-0.16565315315315315
71,Pacific,1996,16,0,0.3325,-0.5183333333333333,-0.1413288288288288,-0.48648648648648646
71,Pacific,1997,17,1,0.4658333333333333,1.1150000000000002,-0.007995495495495497,1.1468468468468471
71,Pacific,1998,18,0,0.6075,-0.11916666666666656,0.13367117117117122,-0.08731981981981972
71,Pacific,1999,19,0,0.3825,-1.2866666666666666,-0.09132882882882881,-1.2548198198198197
71,Pacific,2000,20,0,0.395,-0.9091666666666667,-0.0788288288288288,-0.8773198198198199
71,Pacific,2001,21,0,0.5325,-0.33916666666666667,0.058671171171171155,-0.3073198198198198
71,Pacific,2002,22,0,0.6275000000000001,0.6383333333333333,0.15367117117117124,0.6701801801801801
71,Pacific,2003,23,0,0.6166666666666667,0.20666666666666667,0.14283783783783788,0.23851351351351352
71,Pacific,2004,24,0,0.5333333333333333,0.4225,0.05950450450450451,0.45434684684684684
71,Pacific,2005,25,0,0.6791666666666667,0.015000000000000003,0.20533783783783788,0.04684684684684684
71,Pacific,2006,26,0,0.64,0.0875,0.1661711711711712,0.11934684684684684
71,Pacific,2007,27,0,0.665,-0.6183333333333333,0.19117117117117122,-0.5864864864864865
71,Pacific,2008,28,0,0.5433333333333333,-0.785,0.06950450450450452,-0.7531531531531532
71,Pacific,2009,29,0,0.6566666666666667,0.2883333333333333,0.1828378378378379,0.32018018018018013
71,Pacific,2010,30,0,0.725,-0.48749999999999993,0.25117117117117116,-0.4556531531531531
71,Pacific,2011,31,0,0.61,-0.8691666666666666,0.13617117117117117,-0.8373198198198198
71,Pacific,2012,32,0,0.6458333333333334,-0.13999999999999999,0.17200450450450455,-0.10815315315315314
71,Pacific,2013,33,0,0.6766666666666666,-0.31916666666666665,0.20283783783783782,-0.2873198198198198
71,Pacific,2014,34,0,0.7491666666666666,0.11166666666666666,0.27533783783783783,0.1435135135135135
71,Pacific,2015,35,1,0.8975,1.4616666666666667,0.42367117117117115,1.4935135135135136
71,Pacific,2016,36,0,1.0125,0.3324999999999999,0.5386711711711711,0.36434684684684676
72,Pacific,1980,0,0,0.2558333333333333,-0.0016666666666666843,-0.21799549549549552,0.030180180180180156
72,Pacific,1981,1,0,0.3225,-0.4558333333333333,-0.1513288288288288,-0.42398648648648646
72,Pacific,1982,2,0,0.13916666666666666,0.8316666666666667,-0.33466216216216216,0.8635135135135135
72,Pacific,1983,3,0,0.315,0.30666666666666664,-0.15882882882882882,0.3385135135135135
72,Pacific,1984,4,0,0.15583333333333332,-0.6641666666666667,-0.3179954954954955,-0.6323198198198199
72,Pacific,1985,5,0,0.11750000000000001,-0.755,-0.3563288288288288,-0.7231531531531532
72,Pacific,1986,6,0,0.18,0.06000000000000004,-0.2938288288288288,0.09184684684684688
72,Pacific,1987,7,0,0.32166666666666666,1.0941666666666667,-0.15216216216216216,1.1260135135135136
72,Pacific,1988,8,0,0.38916666666666666,-0.9991666666666666,-0.08466216216216216,-0.9673198198198198
72,Pacific,1989,9,0,0.2733333333333333,-0.7983333333333333,-0.2004954954954955,-0.7664864864864865
72,Pacific,1990,10,0,0.44666666666666666,0.1275,-0.027162162162162162,0.15934684684684686
72,Pacific,1991,11,0,0.4058333333333333,0.6183333333333334,-0.0679954954954955,0.6501801801801802
72,Pacific,1992,12,0,0.22333333333333333,0.6083333333333333,-0.2504954954954955,0.6401801801801801
72,Pacific,1993,13,0,0.2316666666666667,0.29916666666666664,-0.24216216216216213,0.3310135135135135
72,Pacific,1994,14,0,0.315,0.46,-0.15882882882882882,0.4918468468468469
72,Pacific,1995,15,0,0.445,-0.1975,-0.028828828828828812,-0.16565315315315315
72,Pacific,1996,16,1,0.3325,-0.5183333333333333,-0.1413288288288288,-0.48648648648648646
72,Pacific,1997,17,0,0.4658333333333333,1.1150000000000002,-0.007995495495495497,1.1468468468468471
72,Pacific,1998,18,0,0.6075,-0.11916666666666656,0.13367117117117122,-0.08731981981981972
72,Pacific,1999,19,0,0.3825,-1.2866666666666666,-0.09132882882882881,-1.2548198198198197
72,Pacific,2000,20,0,0.395,-0.9091666666666667,-0.0788288288288288,-0.8773198198198199
72,Pacific,2001,21,0,0.5325,-0.33916666666666667,0.058671171171171155,-0.3073198198198198
72,Pacific,2002,22,0,0.6275000000000001,0.6383333333333333,0.15367117117117124,0.6701801801801801
72,Pacific,2003,23,0,0.6166666666666667,0.20666666666666667,0.14283783783783788,0.23851351351351352
72,Pacific,2004,24,0,0.5333333333333333,0.4225,0.05950450450450451,0.45434684684684684
72,Pacific,2005,25,0,0.6791666666666667,0.015000000000000003,0.20533783783783788,0.04684684684684684
72,Pacific,2006,26,0,0.64,0.0875,0.1661711711711712,0.11934684684684684
72,Pacific,2007,27,0,0.665,-0.6183333333333333,0.19117117117117122,-0.5864864864864865
72,Pacific,2008,28,0,0.5433333333333333,-0.785,0.06950450450450452,-0.7531531531531532
72,Pacific,2009,29,0,0.6566666666666667,0.2883333333333333,0.1828378378378379,0.32018018018018013
72,Pacific,2010,30,0,0.725,-0.48749999999999993,0.25117117117117116,-0.4556531531531531
72,Pacific,2011,31,0,0.61,-0.8691666666666666,0.13617117117117117,-0.8373198198198198
72,Pacific,2012,32,0,0.6458333333333334,-0.13999999999999999,0.17200450450450455,-0.10815315315315314
72,Pacific,2013,33,0,0.6766666666666666,-0.31916666666666665,0.20283783783783782,-0.2873198198198198
72,Pacific,2014,34,0,0.7491666666666666,0.11166666666666666,0.27533783783783783,0.1435135135135135
72,Pacific,2015,35,0,0.8975,1.4616666666666667,0.42367117117117115,1.4935135135135136
72,Pacific,2016,36,1,1.0125,0.3324999999999999,0.5386711711711711,0.36434684684684676
73,Pacific,1980,0,0,0.2558333333333333,-0.0016666666666666843,-0.21799549549549552,0.030180180180180156
73,Pacific,1981,1,0,0.3225,-0.4558333333333333,-0.1513288288288288,-0.42398648648648646
73,Pacific,1982,2,0,0.13916666666666666,0.8316666666666667,-0.33466216216216216,0.8635135135135135
73,Pacific,1983,3,0,0.315,0.30666666666666664,-0.15882882882882882,0.3385135135135135
73,Pacific,1984,4,0,0.15583333333333332,-0.6641666666666667,-0.3179954954954955,-0.6323198198198199
73,Pacific,1985,5,0,0.11750000000000001,-0.755,-0.3563288288288288,-0.7231531531531532
73,Pacific,1986,6,0,0.18,0.06000000000000004,-0.2938288288288288,0.09184684684684688
73,Pacific,1987,7,0,0.32166666666666666,1.0941666666666667,-0.15216216216216216,1.1260135135135136
73,Pacific,1988,8,0,0.38916666666666666,-0.9991666666666666,-0.08466216216216216,-0.9673198198198198
73,Pacific,1989,9,0,0.2733333333333333,-0.7983333333333333,-0.2004954954954955,-0.7664864864864865
73,Pacific,1990,10,0,0.44666666666666666,0.1275,-0.027162162162162162,0.15934684684684686
73,Pacific,1991,11,0,0.4058333333333333,0.6183333333333334,-0.0679954954954955,0.6501801801801802
73,Pacific,1992,12,0,0.22333333333333333,0.6083333333333333,-0.2504954954954955,0.6401801801801801
73,Pacific,1993,13,0,0.2316666666666667,0.29916666666666664,-0.24216216216216213,0.3310135135135135
73,Pacific,1994,14,0,0.315,0.46,-0.15882882882882882,0.4918468468468469
73,Pacific,1995,15,0,0.445,-0.1975,-0.028828828828828812,-0.16565315315315315
73,Pacific,1996,16,0,0.3325,-0.5183333333333333,-0.1413288288288288,-0.48648648648648646
73,Pacific,1997,17,0,0.4658333333333333,1.1150000000000002,-0.007995495495495497,1.1468468468468471
73,Pacific,1998,18,1,0.6075,-0.11916666666666656,0.13367117117117122,-0.08731981981981972
73,Pacific,1999,19,0,0.3825,-1.2866666666666666,-0.09132882882882881,-1.2548198198198197
73,Pacific,2000,20,0,0.395,-0.9091666666666667,-0.0788288288288288,-0.8773198198198199
73,Pacific,2001,21,0,0.5325,-0.33916666666666667,0.058671171171171155,-0.3073198198198198
73,Pacific,2002,22,0,0.6275000000000001,0.6383333333333333,0.15367117117117124,0.6701801801801801
73,Pacific,2003,23,0,0.6166666666666667,0.20666666666666667,0.14283783783783788,0.23851351351351352
73,Pacific,2004,24,0,0.5333333333333333,0.4225,0.05950450450450451,0.45434684684684684
73,Pacific,2005,25,0,0.6791666666666667,0.015000000000000003,0.20533783783783788,0.04684684684684684
73,Pacific,2006,26,0,0.64,0.0875,0.1661711711711712,0.11934684684684684
73,Pacific,2007,27,0,0.665,-0.6183333333333333,0.19117117117117122,-0.5864864864864865
73,Pacific,2008,28,0,0.5433333333333333,-0.785,0.06950450450450452,-0.7531531531531532
73,Pacific,2009,29,0,0.6566666666666667,0.2883333333333333,0.1828378378378379,0.32018018018018013
73,Pacific,2010,30,1,0.725,-0.48749999999999993,0.25117117117117116,-0.4556531531531531
73,Pacific,2011,31,0,0.61,-0.8691666666666666,0.13617117117117117,-0.8373198198198198
73,Pacific,2012,32,0,0.6458333333333334,-0.13999999999999999,0.17200450450450455,-0.10815315315315314
73,Pacific,2013,33,0,0.6766666666666666,-0.31916666666666665,0.20283783783783782,-0.2873198198198198
73,Pacific,2014,34,0,0.7491666666666666,0.11166666666666666,0.27533783783783783,0.1435135135135135
73,Pacific,2015,35,0,0.8975,1.4616666666666667,0.42367117117117115,1.4935135135135136
73,Pacific,2016,36,0,1.0125,0.3324999999999999,0.5386711711711711,0.36434684684684676
74,Pacific,1980,0,0,0.2558333333333333,-0.0016666666666666843,-0.21799549549549552,0.030180180180180156
74,Pacific,1981,1,0,0.3225,-0.4558333333333333,-0.1513288288288288,-0.42398648648648646
74,Pacific,1982,2,0,0.13916666666666666,0.8316666666666667,-0.33466216216216216,0.8635135135135135
74,Pacific,1983,3,1,0.315,0.30666666666666664,-0.15882882882882882,0.3385135135135135
74,Pacific,1984,4,0,0.15583333333333332,-0.6641666666666667,-0.3179954954954955,-0.6323198198198199
74,Pacific,1985,5,0,0.11750000000000001,-0.755,-0.3563288288288288,-0.7231531531531532
74,Pacific,1986,6,0,0.18,0.06000000000000004,-0.2938288288288288,0.09184684684684688
74,Pacific,1987,7,0,0.32166666666666666,1.0941666666666667,-0.15216216216216216,1.1260135135135136
74,Pacific,1988,8,0,0.38916666666666666,-0.9991666666666666,-0.08466216216216216,-0.9673198198198198
74,Pacific,1989,9,0,0.2733333333333333,-0.7983333333333333,-0.2004954954954955,-0.7664864864864865
74,Pacific,1990,10,0,0.44666666666666666,0.1275,-0.027162162162162162,0.15934684684684686
74,Pacific,1991,11,0,0.4058333333333333,0.6183333333333334,-0.0679954954954955,0.6501801801801802
74,Pacific,1992,12,0,0.22333333333333333,0.6083333333333333,-0.2504954954954955,0.6401801801801801
74,Pacific,1993,13,0,0.2316666666666667,0.29916666666666664,-0.24216216216216213,0.3310135135135135
74,Pacific,1994,14,0,0.315,0.46,-0.15882882882882882,0.4918468468468469
74,Pacific,1995,15,0,0.445,-0.1975,-0.028828828828828812,-0.16565315315315315
74,Pacific,1996,16,0,0.3325,-0.5183333333333333,-0.1413288288288288,-0.48648648648648646
74,Pacific,1997,17,0,0.4658333333333333,1.1150000000000002,-0.007995495495495497,1.1468468468468471
74,Pacific,1998,18,1,0.6075,-0.11916666666666656,0.13367117117117122,-0.08731981981981972
74,Pacific,1999,19,0,0.3825,-1.2866666666666666,-0.09132882882882881,-1.2548198198198197
74,Pacific,2000,20,0,0.395,-0.9091666666666667,-0.0788288288288288,-0.8773198198198199
74,Pacific,2001,21,0,0.5325,-0.33916666666666667,0.058671171171171155,-0.3073198198198198
74,Pacific,2002,22,0,0.6275000000000001,0.6383333333333333,0.15367117117117124,0.6701801801801801
74,Pacific,2003,23,0,0.6166666666666667,0.20666666666666667,0.14283783783783788,0.23851351351351352
74,Pacific,2004,24,0,0.5333333333333333,0.4225,0.05950450450450451,0.45434684684684684
74,Pacific,2005,25,0,0.6791666666666667,0.015000000000000003,0.20533783783783788,0.04684684684684684
74,Pacific,2006,26,0,0.64,0.0875,0.1661711711711712,0.11934684684684684
74,Pacific,2007,27,0,0.665,-0.6183333333333333,0.19117117117117122,-0.5864864864864865
74,Pacific,2008,28,0,0.5433333333333333,-0.785,0.06950450450450452,-0.7531531531531532
74,Pacific,2009,29,0,0.6566666666666667,0.2883333333333333,0.1828378378378379,0.32018018018018013
74,Pacific,2010,30,0,0.725,-0.48749999999999993,0.25117117117117116,-0.4556531531531531
74,Pacific,2011,31,0,0.61,-0.8691666666666666,0.13617117117117117,-0.8373198198198198
74,Pacific,2012,32,0,0.6458333333333334,-0.13999999999999999,0.17200450450450455,-0.10815315315315314
74,Pacific,2013,33,0,0.6766666666666666,-0.31916666666666665,0.20283783783783782,-0.2873198198198198
74,Pacific,2014,34,0,0.7491666666666666,0.11166666666666666,0.27533783783783783,0.1435135135135135
74,Pacific,2015,35,1,0.8975,1.4616666666666667,0.42367117117117115,1.4935135135135136
74,Pacific,2016,36,0,1.0125,0.3324999999999999,0.5386711711711711,0.36434684684684676
75,Pacific,1980,0,0,0.2558333333333333,-0.0016666666666666843,-0.21799549549549552,0.030180180180180156
75,Pacific,1981,1,0,0.3225,-0.4558333333333333,-0.1513288288288288,-0.42398648648648646
75,Pacific,1982,2,0,0.13916666666666666,0.8316666666666667,-0.33466216216216216,0.8635135135135135
75,Pacific,1983,3,1,0.315,0.30666666666666664,-0.15882882882882882,0.3385135135135135
75,Pacific,1984,4,0,0.15583333333333332,-0.6641666666666667,-0.3179954954954955,-0.6323198198198199
75,Pacific,1985,5,0,0.11750000000000001,-0.755,-0.3563288288288288,-0.7231531531531532
75,Pacific,1986,6,0,0.18,0.06000000000000004,-0.2938288288288288,0.09184684684684688
75,Pacific,1987,7,0,0.32166666666666666,1.0941666666666667,-0.15216216216216216,1.1260135135135136
75,Pacific,1988,8,0,0.38916666666666666,-0.9991666666666666,-0.08466216216216216,-0.9673198198198198
75,Pacific,1989,9,0,0.2733333333333333,-0.7983333333333333,-0.2004954954954955,-0.7664864864864865
75,Pacific,1990,10,0,0.44666666666666666,0.1275,-0.027162162162162162,0.15934684684684686
75,Pacific,1991,11,0,0.4058333333333333,0.6183333333333334,-0.0679954954954955,0.6501801801801802
75,Pacific,1992,12,0,0.22333333333333333,0.6083333333333333,-0.2504954954954955,0.6401801801801801
75,Pacific,1993,13,0,0.2316666666666667,0.29916666666666664,-0.24216216216216213,0.3310135135135135
75,Pacific,1994,14,0,0.315,0.46,-0.15882882882882882,0.4918468468468469
75,Pacific,1995,15,0,0.445,-0.1975,-0.028828828828828812,-0.16565315315315315
75,Pacific,1996,16,0,0.3325,-0.5183333333333333,-0.1413288288288288,-0.48648648648648646
75,Pacific,1997,17,0,0.4658333333333333,1.1150000000000002,-0.007995495495495497,1.1468468468468471
75,Pacific,1998,18,0,0.6075,-0.11916666666666656,0.13367117117117122,-0.08731981981981972
75,Pacific,1999,19,0,0.3825,-1.2866666666666666,-0.09132882882882881,-1.2548198198198197
75,Pacific,2000,20,0,0.395,-0.9091666666666667,-0.0788288288288288,-0.8773198198198199
75,Pacific,2001,21,0,0.5325,-0.33916666666666667,0.058671171171171155,-0.3073198198198198
75,Pacific,2002,22,0,0.6275000000000001,0.6383333333333333,0.15367117117117124,0.6701801801801801
75,Pacific,2003,23,0,0.6166666666666667,0.20666666666666667,0.14283783783783788,0.23851351351351352
75,Pacific,2004,24,0,0.5333333333333333,0.4225,0.05950450450450451,0.45434684684684684
75,Pacific,2005,25,0,0.6791666666666667,0.015000000000000003,0.20533783783783788,0.04684684684684684
75,Pacific,2006,26,0,0.64,0.0875,0.1661711711711712,0.11934684684684684
75,Pacific,2007,27,0,0.665,-0.6183333333333333,0.19117117117117122,-0.5864864864864865
75,Pacific,2008,28,0,0.5433333333333333,-0.785,0.06950450450450452,-0.7531531531531532
75,Pacific,2009,29,0,0.6566666666666667,0.2883333333333333,0.1828378378378379,0.32018018018018013
75,Pacific,2010,30,0,0.725,-0.48749999999999993,0.25117117117117116,-0.4556531531531531
75,Pacific,2011,31,0,0.61,-0.8691666666666666,0.13617117117117117,-0.8373198198198198
75,Pacific,2012,32,0,0.6458333333333334,-0.13999999999999999,0.17200450450450455,-0.10815315315315314
75,Pacific,2013,33,0,0.6766666666666666,-0.31916666666666665,0.20283783783783782,-0.2873198198198198
75,Pacific,2014,34,0,0.7491666666666666,0.11166666666666666,0.27533783783783783,0.1435135135135135
75,Pacific,2015,35,0,0.8975,1.4616666666666667,0.42367117117117115,1.4935135135135136
75,Pacific,2016,36,0,1.0125,0.3324999999999999,0.5386711711711711,0.36434684684684676
76,Pacific,1980,0,0,0.2558333333333333,-0.0016666666666666843,-0.21799549549549552,0.030180180180180156
76,Pacific,1981,1,0,0.3225,-0.4558333333333333,-0.1513288288288288,-0.42398648648648646
76,Pacific,1982,2,0,0.13916666666666666,0.8316666666666667,-0.33466216216216216,0.8635135135135135
76,Pacific,1983,3,0,0.315,0.30666666666666664,-0.15882882882882882,0.3385135135135135
76,Pacific,1984,4,0,0.15583333333333332,-0.6641666666666667,-0.3179954954954955,-0.6323198198198199
76,Pacific,1985,5,0,0.11750000000000001,-0.755,-0.3563288288288288,-0.7231531531531532
76,Pacific,1986,6,0,0.18,0.06000000000000004,-0.2938288288288288,0.09184684684684688
76,Pacific,1987,7,0,0.32166666666666666,1.0941666666666667,-0.15216216216216216,1.1260135135135136
76,Pacific,1988,8,0,0.38916666666666666,-0.9991666666666666,-0.08466216216216216,-0.9673198198198198
76,Pacific,1989,9,0,0.2733333333333333,-0.7983333333333333,-0.2004954954954955,-0.7664864864864865
76,Pacific,1990,10,0,0.44666666666666666,0.1275,-0.027162162162162162,0.15934684684684686
76,Pacific,1991,11,0,0.4058333333333333,0.6183333333333334,-0.0679954954954955,0.6501801801801802
76,Pacific,1992,12,0,0.22333333333333333,0.6083333333333333,-0.2504954954954955,0.6401801801801801
76,Pacific,1993,13,0,0.2316666666666667,0.29916666666666664,-0.24216216216216213,0.3310135135135135
76,Pacific,1994,14,0,0.315,0.46,-0.15882882882882882,0.4918468468468469
76,Pacific,1995,15,0,0.445,-0.1975,-0.028828828828828812,-0.16565315315315315
76,Pacific,1996,16,0,0.3325,-0.5183333333333333,-0.1413288288288288,-0.48648648648648646
76,Pacific,1997,17,0,0.4658333333333333,1.1150000000000002,-0.007995495495495497,1.1468468468468471
76,Pacific,1998,18,0,0.6075,-0.11916666666666656,0.13367117117117122,-0.08731981981981972
76,Pacific,1999,19,0,0.3825,-1.2866666666666666,-0.09132882882882881,-1.2548198198198197
76,Pacific,2000,20,0,0.395,-0.9091666666666667,-0.0788288288288288,-0.8773198198198199
76,Pacific,2001,21,0,0.5325,-0.33916666666666667,0.058671171171171155,-0.3073198198198198
76,Pacific,2002,22,1,0.6275000000000001,0.6383333333333333,0.15367117117117124,0.6701801801801801
76,Pacific,2003,23,0,0.6166666666666667,0.20666666666666667,0.14283783783783788,0.23851351351351352
76,Pacific,2004,24,0,0.5333333333333333,0.4225,0.05950450450450451,0.45434684684684684
76,Pacific,2005,25,0,0.6791666666666667,0.015000000000000003,0.20533783783783788,0.04684684684684684
76,Pacific,2006,26,0,0.64,0.0875,0.1661711711711712,0.11934684684684684
76,Pacific,2007,27,0,0.665,-0.6183333333333333,0.19117117117117122,-0.5864864864864865
76,Pacific,2008,28,0,0.5433333333333333,-0.785,0.06950450450450452,-0.7531531531531532
76,Pacific,2009,29,0,0.6566666666666667,0.2883333333333333,0.1828378378378379,0.32018018018018013
76,Pacific,2010,30,0,0.725,-0.48749999999999993,0.25117117117117116,-0.4556531531531531
76,Pacific,2011,31,0,0.61,-0.8691666666666666,0.13617117117117117,-0.8373198198198198
76,Pacific,2012,32,0,0.6458333333333334,-0.13999999999999999,0.17200450450450455,-0.10815315315315314
76,Pacific,2013,33,0,0.6766666666666666,-0.31916666666666665,0.20283783783783782,-0.2873198198198198
76,Pacific,2014,34,1,0.7491666666666666,0.11166666666666666,0.27533783783783783,0.1435135135135135
76,Pacific,2015,35,0,0.8975,1.4616666666666667,0.42367117117117115,1.4935135135135136
76,Pacific,2016,36,0,1.0125,0.3324999999999999,0.5386711711711711,0.36434684684684676
77,Pacific,1980,0,0,0.2558333333333333,-0.0016666666666666843,-0.21799549549549552,0.030180180180180156
77,Pacific,1981,1,0,0.3225,-0.4558333333333333,-0.1513288288288288,-0.42398648648648646
77,Pacific,1982,2,0,0.13916666666666666,0.8316666666666667,-0.33466216216216216,0.8635135135135135
77,Pacific,1983,3,0,0.315,0.30666666666666664,-0.15882882882882882,0.3385135135135135
77,Pacific,1984,4,0,0.15583333333333332,-0.6641666666666667,-0.3179954954954955,-0.6323198198198199
77,Pacific,1985,5,0,0.11750000000000001,-0.755,-0.3563288288288288,-0.7231531531531532
77,Pacific,1986,6,0,0.18,0.06000000000000004,-0.2938288288288288,0.09184684684684688
77,Pacific,1987,7,0,0.32166666666666666,1.0941666666666667,-0.15216216216216216,1.1260135135135136
77,Pacific,1988,8,0,0.38916666666666666,-0.9991666666666666,-0.08466216216216216,-0.9673198198198198
77,Pacific,1989,9,0,0.2733333333333333,-0.7983333333333333,-0.2004954954954955,-0.7664864864864865
77,Pacific,1990,10,0,0.44666666666666666,0.1275,-0.027162162162162162,0.15934684684684686
77,Pacific,1991,11,0,0.4058333333333333,0.6183333333333334,-0.0679954954954955,0.6501801801801802
77,Pacific,1992,12,0,0.22333333333333333,0.6083333333333333,-0.2504954954954955,0.6401801801801801
77,Pacific,1993,13,0,0.2316666666666667,0.29916666666666664,-0.24216216216216213,0.3310135135135135
77,Pacific,1994,14,0,0.315,0.46,-0.15882882882882882,0.4918468468468469
77,Pacific,1995,15,0,0.445,-0.1975,-0.028828828828828812,-0.16565315315315315
77,Pacific,1996,16,0,0.3325,-0.5183333333333333,-0.1413288288288288,-0.48648648648648646
77,Pacific,1997,17,0,0.4658333333333333,1.1150000000000002,-0.007995495495495497,1.1468468468468471
77,Pacific,1998,18,1,0.6075,-0.11916666666666656,0.13367117117117122,-0.08731981981981972
77,Pacific,1999,19,0,0.3825,-1.2866666666666666,-0.09132882882882881,-1.2548198198198197
77,Pacific,2000,20,1,0.395,-0.9091666666666667,-0.0788288288288288,-0.8773198198198199
77,Pacific,2001,21,0,0.5325,-0.33916666666666667,0.058671171171171155,-0.3073198198198198
77,Pacific,2002,22,1,0.6275000000000001,0.6383333333333333,0.15367117117117124,0.6701801801801801
77,Pacific,2003,23,0,0.6166666666666667,0.20666666666666667,0.14283783783783788,0.23851351351351352
77,Pacific,2004,24,0,0.5333333333333333,0.4225,0.05950450450450451,0.45434684684684684
77,Pacific,2005,25,0,0.6791666666666667,0.015000000000000003,0.20533783783783788,0.04684684684684684
77,Pacific,2006,26,0,0.64,0.0875,0.1661711711711712,0.11934684684684684
77,Pacific,2007,27,0,0.665,-0.6183333333333333,0.19117117117117122,-0.5864864864864865
77,Pacific,2008,28,0,0.5433333333333333,-0.785,0.06950450450450452,-0.7531531531531532
77,Pacific,2009,29,0,0.6566666666666667,0.2883333333333333,0.1828378378378379,0.32018018018018013
77,Pacific,2010,30,0,0.725,-0.48749999999999993,0.25117117117117116,-0.4556531531531531
77,Pacific,2011,31,0,0.61,-0.8691666666666666,0.13617117117117117,-0.8373198198198198
77,Pacific,2012,32,0,0.6458333333333334,-0.13999999999999999,0.17200450450450455,-0.10815315315315314
77,Pacific,2013,33,0,0.6766666666666666,-0.31916666666666665,0.20283783783783782,-0.2873198198198198
77,Pacific,2014,34,0,0.7491666666666666,0.11166666666666666,0.27533783783783783,0.1435135135135135
77,Pacific,2015,35,1,0.8975,1.4616666666666667,0.42367117117117115,1.4935135135135136
77,Pacific,2016,36,0,1.0125,0.3324999999999999,0.5386711711711711,0.36434684684684676
78,Pacific,1980,0,0,0.2558333333333333,-0.0016666666666666843,-0.21799549549549552,0.030180180180180156
78,Pacific,1981,1,0,0.3225,-0.4558333333333333,-0.1513288288288288,-0.42398648648648646
78,Pacific,1982,2,0,0.13916666666666666,0.8316666666666667,-0.33466216216216216,0.8635135135135135
78,Pacific,1983,3,0,0.315,0.30666666666666664,-0.15882882882882882,0.3385135135135135
78,Pacific,1984,4,0,0.15583333333333332,-0.6641666666666667,-0.3179954954954955,-0.6323198198198199
78,Pacific,1985,5,0,0.11750000000000001,-0.755,-0.3563288288288288,-0.7231531531531532
78,Pacific,1986,6,0,0.18,0.06000000000000004,-0.2938288288288288,0.09184684684684688
78,Pacific,1987,7,0,0.32166666666666666,1.0941666666666667,-0.15216216216216216,1.1260135135135136
78,Pacific,1988,8,0,0.38916666666666666,-0.9991666666666666,-0.08466216216216216,-0.9673198198198198
78,Pacific,1989,9,0,0.2733333333333333,-0.7983333333333333,-0.2004954954954955,-0.7664864864864865
78,Pacific,1990,10,0,0.44666666666666666,0.1275,-0.027162162162162162,0.15934684684684686
78,Pacific,1991,11,0,0.4058333333333333,0.6183333333333334,-0.0679954954954955,0.6501801801801802
78,Pacific,1992,12,0,0.22333333333333333,0.6083333333333333,-0.2504954954954955,0.6401801801801801
78,Pacific,1993,13,0,0.2316666666666667,0.29916666666666664,-0.24216216216216213,0.3310135135135135
78,Pacific,1994,14,0,0.315,0.46,-0.15882882882882882,0.4918468468468469
78,Pacific,1995,15,0,0.445,-0.1975,-0.028828828828828812,-0.16565315315315315
78,Pacific,1996,16,0,0.3325,-0.5183333333333333,-0.1413288288288288,-0.48648648648648646
78,Pacific,1997,17,0,0.4658333333333333,1.1150000000000002,-0.007995495495495497,1.1468468468468471
78,Pacific,1998,18,0,0.6075,-0.11916666666666656,0.13367117117117122,-0.08731981981981972
78,Pacific,1999,19,0,0.3825,-1.2866666666666666,-0.09132882882882881,-1.2548198198198197
78,Pacific,2000,20,0,0.395,-0.9091666666666667,-0.0788288288288288,-0.8773198198198199
78,Pacific,2001,21,1,0.5325,-0.33916666666666667,0.058671171171171155,-0.3073198198198198
78,Pacific,2002,22,1,0.6275000000000001,0.6383333333333333,0.15367117117117124,0.6701801801801801
78,Pacific,2003,23,0,0.6166666666666667,0.20666666666666667,0.14283783783783788,0.23851351351351352
78,Pacific,2004,24,0,0.5333333333333333,0.4225,0.05950450450450451,0.45434684684684684
78,Pacific,2005,25,1,0.6791666666666667,0.015000000000000003,0.20533783783783788,0.04684684684684684
78,Pacific,2006,26,0,0.64,0.0875,0.1661711711711712,0.11934684684684684
78,Pacific,2007,27,0,0.665,-0.6183333333333333,0.19117117117117122,-0.5864864864864865
78,Pacific,2008,28,0,0.5433333333333333,-0.785,0.06950450450450452,-0.7531531531531532
78,Pacific,2009,29,0,0.6566666666666667,0.2883333333333333,0.1828378378378379,0.32018018018018013
78,Pacific,2010,30,0,0.725,-0.48749999999999993,0.25117117117117116,-0.4556531531531531
78,Pacific,2011,31,0,0.61,-0.8691666666666666,0.13617117117117117,-0.8373198198198198
78,Pacific,2012,32,0,0.6458333333333334,-0.13999999999999999,0.17200450450450455,-0.10815315315315314
78,Pacific,2013,33,0,0.6766666666666666,-0.31916666666666665,0.20283783783783782,-0.2873198198198198
78,Pacific,2014,34,0,0.7491666666666666,0.11166666666666666,0.27533783783783783,0.1435135135135135
78,Pacific,2015,35,0,0.8975,1.4616666666666667,0.42367117117117115,1.4935135135135136
78,Pacific,2016,36,1,1.0125,0.3324999999999999,0.5386711711711711,0.36434684684684676
79,West Atlantic,1980,0,0,0.2558333333333333,-0.0016666666666666843,-0.21799549549549552,0.030180180180180156
79,West Atlantic,1981,1,0,0.3225,-0.4558333333333333,-0.1513288288288288,-0.42398648648648646
79,West Atlantic,1982,2,0,0.13916666666666666,0.8316666666666667,-0.33466216216216216,0.8635135135135135
79,West Atlantic,1983,3,0,0.315,0.30666666666666664,-0.15882882882882882,0.3385135135135135
79,West Atlantic,1984,4,0,0.15583333333333332,-0.6641666666666667,-0.3179954954954955,-0.6323198198198199
79,West Atlantic,1985,5,0,0.11750000000000001,-0.755,-0.3563288288288288,-0.7231531531531532
79,West Atlantic,1986,6,0,0.18,0.06000000000000004,-0.2938288288288288,0.09184684684684688
79,West Atlantic,1987,7,1,0.32166666666666666,1.0941666666666667,-0.15216216216216216,1.1260135135135136
79,West Atlantic,1988,8,0,0.38916666666666666,-0.9991666666666666,-0.08466216216216216,-0.9673198198198198
79,West Atlantic,1989,9,0,0.2733333333333333,-0.7983333333333333,-0.2004954954954955,-0.7664864864864865
79,West Atlantic,1990,10,0,0.44666666666666666,0.1275,-0.027162162162162162,0.15934684684684686
79,West Atlantic,1991,11,0,0.4058333333333333,0.6183333333333334,-0.0679954954954955,0.6501801801801802
79,West Atlantic,1992,12,0,0.22333333333333333,0.6083333333333333,-0.2504954954954955,0.6401801801801801
79,West Atlantic,1993,13,0,0.2316666666666667,0.29916666666666664,-0.24216216216216213,0.3310135135135135
79,West Atlantic,1994,14,0,0.315,0.46,-0.15882882882882882,0.4918468468468469
79,West Atlantic,1995,15,0,0.445,-0.1975,-0.028828828828828812,-0.16565315315315315
79,West Atlantic,1996,16,0,0.3325,-0.5183333333333333,-0.1413288288288288,-0.48648648648648646
79,West Atlantic,1997,17,0,0.4658333333333333,1.1150000000000002,-0.007995495495495497,1.1468468468468471
79,West Atlantic,1998,18,1,0.6075,-0.11916666666666656,0.13367117117117122,-0.08731981981981972
79,West Atlantic,1999,19,0,0.3825,-1.2866666666666666,-0.09132882882882881,-1.2548198198198197
79,West Atlantic,2000,20,0,0.395,-0.9091666666666667,-0.0788288288288288,-0.8773198198198199
79,West Atlantic,2001,21,0,0.5325,-0.33916666666666667,0.058671171171171155,-0.3073198198198198
79,West Atlantic,2002,22,0,0.6275000000000001,0.6383333333333333,0.15367117117117124,0.6701801801801801
79,West Atlantic,2003,23,0,0.6166666666666667,0.20666666666666667,0.14283783783783788,0.23851351351351352
79,West Atlantic,2004,24,0,0.5333333333333333,0.4225,0.05950450450450451,0.45434684684684684
79,West Atlantic,2005,25,0,0.6791666666666667,0.015000000000000003,0.20533783783783788,0.04684684684684684
79,West Atlantic,2006,26,0,0.64,0.0875,0.1661711711711712,0.11934684684684684
79,West Atlantic,2007,27,0,0.665,-0.6183333333333333,0.19117117117117122,-0.5864864864864865
79,West Atlantic,2008,28,0,0.5433333333333333,-0.785,0.06950450450450452,-0.7531531531531532
79,West Atlantic,2009,29,0,0.6566666666666667,0.2883333333333333,0.1828378378378379,0.32018018018018013
79,West Atlantic,2010,30,0,0.725,-0.48749999999999993,0.25117117117117116,-0.4556531531531531
79,West Atlantic,2011,31,0,0.61,-0.8691666666666666,0.13617117117117117,-0.8373198198198198
79,West Atlantic,2012,32,0,0.6458333333333334,-0.13999999999999999,0.17200450450450455,-0.10815315315315314
79,West Atlantic,2013,33,0,0.6766666666666666,-0.31916666666666665,0.20283783783783782,-0.2873198198198198
79,West Atlantic,2014,34,0,0.7491666666666666,0.11166666666666666,0.27533783783783783,0.1435135135135135
79,West Atlantic,2015,35,0,0.8975,1.4616666666666667,0.42367117117117115,1.4935135135135136
79,West Atlantic,2016,36,0,1.0125,0.3324999999999999,0.5386711711711711,0.36434684684684676
80,West Atlantic,1980,0,0,0.2558333333333333,-0.0016666666666666843,-0.21799549549549552,0.030180180180180156
80,West Atlantic,1981,1,0,0.3225,-0.4558333333333333,-0.1513288288288288,-0.42398648648648646
80,West Atlantic,1982,2,0,0.13916666666666666,0.8316666666666667,-0.33466216216216216,0.8635135135135135
80,West Atlantic,1983,3,0,0.315,0.30666666666666664,-0.15882882882882882,0.3385135135135135
80,West Atlantic,1984,4,0,0.15583333333333332,-0.6641666666666667,-0.3179954954954955,-0.6323198198198199
80,West Atlantic,1985,5,0,0.11750000000000001,-0.755,-0.3563288288288288,-0.7231531531531532
80,West Atlantic,1986,6,0,0.18,0.06000000000000004,-0.2938288288288288,0.09184684684684688
80,West Atlantic,1987,7,1,0.32166666666666666,1.0941666666666667,-0.15216216216216216,1.1260135135135136
80,West Atlantic,1988,8,0,0.38916666666666666,-0.9991666666666666,-0.08466216216216216,-0.9673198198198198
80,West Atlantic,1989,9,0,0.2733333333333333,-0.7983333333333333,-0.2004954954954955,-0.7664864864864865
80,West Atlantic,1990,10,0,0.44666666666666666,0.1275,-0.027162162162162162,0.15934684684684686
80,West Atlantic,1991,11,0,0.4058333333333333,0.6183333333333334,-0.0679954954954955,0.6501801801801802
80,West Atlantic,1992,12,0,0.22333333333333333,0.6083333333333333,-0.2504954954954955,0.6401801801801801
80,West Atlantic,1993,13,0,0.2316666666666667,0.29916666666666664,-0.24216216216216213,0.3310135135135135
80,West Atlantic,1994,14,0,0.315,0.46,-0.15882882882882882,0.4918468468468469
80,West Atlantic,1995,15,0,0.445,-0.1975,-0.028828828828828812,-0.16565315315315315
80,West Atlantic,1996,16,0,0.3325,-0.5183333333333333,-0.1413288288288288,-0.48648648648648646
80,West Atlantic,1997,17,0,0.4658333333333333,1.1150000000000002,-0.007995495495495497,1.1468468468468471
80,West Atlantic,1998,18,1,0.6075,-0.11916666666666656,0.13367117117117122,-0.08731981981981972
80,West Atlantic,1999,19,0,0.3825,-1.2866666666666666,-0.09132882882882881,-1.2548198198198197
80,West Atlantic,2000,20,0,0.395,-0.9091666666666667,-0.0788288288288288,-0.8773198198198199
80,West Atlantic,2001,21,0,0.5325,-0.33916666666666667,0.058671171171171155,-0.3073198198198198
80,West Atlantic,2002,22,0,0.6275000000000001,0.6383333333333333,0.15367117117117124,0.6701801801801801
80,West Atlantic,2003,23,0,0.6166666666666667,0.20666666666666667,0.14283783783783788,0.23851351351351352
80,West Atlantic,2004,24,0,0.5333333333333333,0.4225,0.05950450450450451,0.45434684684684684
80,West Atlantic,2005,25,1,0.6791666666666667,0.015000000000000003,0.20533783783783788,0.04684684684684684
80,West Atlantic,2006,26,0,0.64,0.0875,0.1661711711711712,0.11934684684684684
80,West Atlantic,2007,27,0,0.665,-0.6183333333333333,0.19117117117117122,-0.5864864864864865
80,West Atlantic,2008,28,0,0.5433333333333333,-0.785,0.06950450450450452,-0.7531531531531532
80,West Atlantic,2009,29,0,0.6566666666666667,0.2883333333333333,0.1828378378378379,0.32018018018018013
80,West Atlantic,2010,30,1,0.725,-0.48749999999999993,0.25117117117117116,-0.4556531531531531
80,West Atlantic,2011,31,0,0.61,-0.8691666666666666,0.13617117117117117,-0.8373198198198198
80,West Atlantic,2012,32,0,0.6458333333333334,-0.13999999999999999,0.17200450450450455,-0.10815315315315314
80,West Atlantic,2013,33,0,0.6766666666666666,-0.31916666666666665,0.20283783783783782,-0.2873198198198198
80,West Atlantic,2014,34,0,0.7491666666666666,0.11166666666666666,0.27533783783783783,0.1435135135135135
80,West Atlantic,2015,35,0,0.8975,1.4616666666666667,0.42367117117117115,1.4935135135135136
80,West Atlantic,2016,36,0,1.0125,0.3324999999999999,0.5386711711711711,0.36434684684684676
81,West Atlantic,1980,0,0,0.2558333333333333,-0.0016666666666666843,-0.21799549549549552,0.030180180180180156
81,West Atlantic,1981,1,0,0.3225,-0.4558333333333333,-0.1513288288288288,-0.42398648648648646
81,West Atlantic,1982,2,0,0.13916666666666666,0.8316666666666667,-0.33466216216216216,0.8635135135135135
81,West Atlantic,1983,3,0,0.315,0.30666666666666664,-0.15882882882882882,0.3385135135135135
81,West Atlantic,1984,4,0,0.15583333333333332,-0.6641666666666667,-0.3179954954954955,-0.6323198198198199
81,West Atlantic,1985,5,0,0.11750000000000001,-0.755,-0.3563288288288288,-0.7231531531531532
81,West Atlantic,1986,6,0,0.18,0.06000000000000004,-0.2938288288288288,0.09184684684684688
81,West Atlantic,1987,7,0,0.32166666666666666,1.0941666666666667,-0.15216216216216216,1.1260135135135136
81,West Atlantic,1988,8,0,0.38916666666666666,-0.9991666666666666,-0.08466216216216216,-0.9673198198198198
81,West Atlantic,1989,9,0,0.2733333333333333,-0.7983333333333333,-0.2004954954954955,-0.7664864864864865
81,West Atlantic,1990,10,0,0.44666666666666666,0.1275,-0.027162162162162162,0.15934684684684686
81,West Atlantic,1991,11,0,0.4058333333333333,0.6183333333333334,-0.0679954954954955,0.6501801801801802
81,West Atlantic,1992,12,0,0.22333333333333333,0.6083333333333333,-0.2504954954954955,0.6401801801801801
81,West Atlantic,1993,13,0,0.2316666666666667,0.29916666666666664,-0.24216216216216213,0.3310135135135135
81,West Atlantic,1994,14,0,0.315,0.46,-0.15882882882882882,0.4918468468468469
81,West Atlantic,1995,15,1,0.445,-0.1975,-0.028828828828828812,-0.16565315315315315
81,West Atlantic,1996,16,0,0.3325,-0.5183333333333333,-0.1413288288288288,-0.48648648648648646
81,West Atlantic,1997,17,0,0.4658333333333333,1.1150000000000002,-0.007995495495495497,1.1468468468468471
81,West Atlantic,1998,18,1,0.6075,-0.11916666666666656,0.13367117117117122,-0.08731981981981972
81,West Atlantic,1999,19,0,0.3825,-1.2866666666666666,-0.09132882882882881,-1.2548198198198197
81,West Atlantic,2000,20,0,0.395,-0.9091666666666667,-0.0788288288288288,-0.8773198198198199
81,West Atlantic,2001,21,0,0.5325,-0.33916666666666667,0.058671171171171155,-0.3073198198198198
81,West Atlantic,2002,22,0,0.6275000000000001,0.6383333333333333,0.15367117117117124,0.6701801801801801
81,West Atlantic,2003,23,0,0.6166666666666667,0.20666666666666667,0.14283783783783788,0.23851351351351352
81,West Atlantic,2004,24,0,0.5333333333333333,0.4225,0.05950450450450451,0.45434684684684684
81,West Atlantic,2005,25,0,0.6791666666666667,0.015000000000000003,0.20533783783783788,0.04684684684684684
81,West Atlantic,2006,26,0,0.64,0.0875,0.1661711711711712,0.11934684684684684
81,West Atlantic,2007,27,0,0.665,-0.6183333333333333,0.19117117117117122,-0.5864864864864865
81,West Atlantic,2008,28,0,0.5433333333333333,-0.785,0.06950450450450452,-0.7531531531531532
81,West Atlantic,2009,29,0,0.6566666666666667,0.2883333333333333,0.1828378378378379,0.32018018018018013
81,West Atlantic,2010,30,0,0.725,-0.48749999999999993,0.25117117117117116,-0.4556531531531531
81,West Atlantic,2011,31,0,0.61,-0.8691666666666666,0.13617117117117117,-0.8373198198198198
81,West Atlantic,2012,32,0,0.6458333333333334,-0.13999999999999999,0.17200450450450455,-0.10815315315315314
81,West Atlantic,2013,33,0,0.6766666666666666,-0.31916666666666665,0.20283783783783782,-0.2873198198198198
81,West Atlantic,2014,34,0,0.7491666666666666,0.11166666666666666,0.27533783783783783,0.1435135135135135
81,West Atlantic,2015,35,0,0.8975,1.4616666666666667,0.42367117117117115,1.4935135135135136
81,West Atlantic,2016,36,0,1.0125,0.3324999999999999,0.5386711711711711,0.36434684684684676
82,West Atlantic,1980,0,0,0.2558333333333333,-0.0016666666666666843,-0.21799549549549552,0.030180180180180156
82,West Atlantic,1981,1,0,0.3225,-0.4558333333333333,-0.1513288288288288,-0.42398648648648646
82,West Atlantic,1982,2,0,0.13916666666666666,0.8316666666666667,-0.33466216216216216,0.8635135135135135
82,West Atlantic,1983,3,0,0.315,0.30666666666666664,-0.15882882882882882,0.3385135135135135
82,West Atlantic,1984,4,0,0.15583333333333332,-0.6641666666666667,-0.3179954954954955,-0.6323198198198199
82,West Atlantic,1985,5,0,0.11750000000000001,-0.755,-0.3563288288288288,-0.7231531531531532
82,West Atlantic,1986,6,0,0.18,0.06000000000000004,-0.2938288288288288,0.09184684684684688
82,West Atlantic,1987,7,0,0.32166666666666666,1.0941666666666667,-0.15216216216216216,1.1260135135135136
82,West Atlantic,1988,8,1,0.38916666666666666,-0.9991666666666666,-0.08466216216216216,-0.9673198198198198
82,West Atlantic,1989,9,0,0.2733333333333333,-0.7983333333333333,-0.2004954954954955,-0.7664864864864865
82,West Atlantic,1990,10,0,0.44666666666666666,0.1275,-0.027162162162162162,0.15934684684684686
82,West Atlantic,1991,11,1,0.4058333333333333,0.6183333333333334,-0.0679954954954955,0.6501801801801802
82,West Atlantic,1992,12,0,0.22333333333333333,0.6083333333333333,-0.2504954954954955,0.6401801801801801
82,West Atlantic,1993,13,0,0.2316666666666667,0.29916666666666664,-0.24216216216216213,0.3310135135135135
82,West Atlantic,1994,14,0,0.315,0.46,-0.15882882882882882,0.4918468468468469
82,West Atlantic,1995,15,0,0.445,-0.1975,-0.028828828828828812,-0.16565315315315315
82,West Atlantic,1996,16,0,0.3325,-0.5183333333333333,-0.1413288288288288,-0.48648648648648646
82,West Atlantic,1997,17,0,0.4658333333333333,1.1150000000000002,-0.007995495495495497,1.1468468468468471
82,West Atlantic,1998,18,0,0.6075,-0.11916666666666656,0.13367117117117122,-0.08731981981981972
82,West Atlantic,1999,19,0,0.3825,-1.2866666666666666,-0.09132882882882881,-1.2548198198198197
82,West Atlantic,2000,20,0,0.395,-0.9091666666666667,-0.0788288288288288,-0.8773198198198199
82,West Atlantic,2001,21,0,0.5325,-0.33916666666666667,0.058671171171171155,-0.3073198198198198
82,West Atlantic,2002,22,0,0.6275000000000001,0.6383333333333333,0.15367117117117124,0.6701801801801801
82,West Atlantic,2003,23,0,0.6166666666666667,0.20666666666666667,0.14283783783783788,0.23851351351351352
82,West Atlantic,2004,24,0,0.5333333333333333,0.4225,0.05950450450450451,0.45434684684684684
82,West Atlantic,2005,25,0,0.6791666666666667,0.015000000000000003,0.20533783783783788,0.04684684684684684
82,West Atlantic,2006,26,0,0.64,0.0875,0.1661711711711712,0.11934684684684684
82,West Atlantic,2007,27,0,0.665,-0.6183333333333333,0.19117117117117122,-0.5864864864864865
82,West Atlantic,2008,28,0,0.5433333333333333,-0.785,0.06950450450450452,-0.7531531531531532
82,West Atlantic,2009,29,0,0.6566666666666667,0.2883333333333333,0.1828378378378379,0.32018018018018013
82,West Atlantic,2010,30,0,0.725,-0.48749999999999993,0.25117117117117116,-0.4556531531531531
82,West Atlantic,2011,31,0,0.61,-0.8691666666666666,0.13617117117117117,-0.8373198198198198
82,West Atlantic,2012,32,0,0.6458333333333334,-0.13999999999999999,0.17200450450450455,-0.10815315315315314
82,West Atlantic,2013,33,0,0.6766666666666666,-0.31916666666666665,0.20283783783783782,-0.2873198198198198
82,West Atlantic,2014,34,0,0.7491666666666666,0.11166666666666666,0.27533783783783783,0.1435135135135135
82,West Atlantic,2015,35,0,0.8975,1.4616666666666667,0.42367117117117115,1.4935135135135136
82,West Atlantic,2016,36,0,1.0125,0.3324999999999999,0.5386711711711711,0.36434684684684676
83,West Atlantic,1980,0,0,0.2558333333333333,-0.0016666666666666843,-0.21799549549549552,0.030180180180180156
83,West Atlantic,1981,1,0,0.3225,-0.4558333333333333,-0.1513288288288288,-0.42398648648648646
83,West Atlantic,1982,2,0,0.13916666666666666,0.8316666666666667,-0.33466216216216216,0.8635135135135135
83,West Atlantic,1983,3,0,0.315,0.30666666666666664,-0.15882882882882882,0.3385135135135135
83,West Atlantic,1984,4,0,0.15583333333333332,-0.6641666666666667,-0.3179954954954955,-0.6323198198198199
83,West Atlantic,1985,5,0,0.11750000000000001,-0.755,-0.3563288288288288,-0.7231531531531532
83,West Atlantic,1986,6,0,0.18,0.06000000000000004,-0.2938288288288288,0.09184684684684688
83,West Atlantic,1987,7,0,0.32166666666666666,1.0941666666666667,-0.15216216216216216,1.1260135135135136
83,West Atlantic,1988,8,0,0.38916666666666666,-0.9991666666666666,-0.08466216216216216,-0.9673198198198198
83,West Atlantic,1989,9,0,0.2733333333333333,-0.7983333333333333,-0.2004954954954955,-0.7664864864864865
83,West Atlantic,1990,10,0,0.44666666666666666,0.1275,-0.027162162162162162,0.15934684684684686
83,West Atlantic,1991,11,0,0.4058333333333333,0.6183333333333334,-0.0679954954954955,0.6501801801801802
83,West Atlantic,1992,12,0,0.22333333333333333,0.6083333333333333,-0.2504954954954955,0.6401801801801801
83,West Atlantic,1993,13,0,0.2316666666666667,0.29916666666666664,-0.24216216216216213,0.3310135135135135
83,West Atlantic,1994,14,0,0.315,0.46,-0.15882882882882882,0.4918468468468469
83,West Atlantic,1995,15,1,0.445,-0.1975,-0.028828828828828812,-0.16565315315315315
83,West Atlantic,1996,16,0,0.3325,-0.5183333333333333,-0.1413288288288288,-0.48648648648648646
83,West Atlantic,1997,17,0,0.4658333333333333,1.1150000000000002,-0.007995495495495497,1.1468468468468471
83,West Atlantic,1998,18,0,0.6075,-0.11916666666666656,0.13367117117117122,-0.08731981981981972
83,West Atlantic,1999,19,0,0.3825,-1.2866666666666666,-0.09132882882882881,-1.2548198198198197
83,West Atlantic,2000,20,0,0.395,-0.9091666666666667,-0.0788288288288288,-0.8773198198198199
83,West Atlantic,2001,21,0,0.5325,-0.33916666666666667,0.058671171171171155,-0.3073198198198198
83,West Atlantic,2002,22,0,0.6275000000000001,0.6383333333333333,0.15367117117117124,0.6701801801801801
83,West Atlantic,2003,23,0,0.6166666666666667,0.20666666666666667,0.14283783783783788,0.23851351351351352
83,West Atlantic,2004,24,0,0.5333333333333333,0.4225,0.05950450450450451,0.45434684684684684
83,West Atlantic,2005,25,0,0.6791666666666667,0.015000000000000003,0.20533783783783788,0.04684684684684684
83,West Atlantic,2006,26,0,0.64,0.0875,0.1661711711711712,0.11934684684684684
83,West Atlantic,2007,27,0,0.665,-0.6183333333333333,0.19117117117117122,-0.5864864864864865
83,West Atlantic,2008,28,0,0.5433333333333333,-0.785,0.06950450450450452,-0.7531531531531532
83,West Atlantic,2009,29,0,0.6566666666666667,0.2883333333333333,0.1828378378378379,0.32018018018018013
83,West Atlantic,2010,30,0,0.725,-0.48749999999999993,0.25117117117117116,-0.4556531531531531
83,West Atlantic,2011,31,0,0.61,-0.8691666666666666,0.13617117117117117,-0.8373198198198198
83,West Atlantic,2012,32,0,0.6458333333333334,-0.13999999999999999,0.17200450450450455,-0.10815315315315314
83,West Atlantic,2013,33,0,0.6766666666666666,-0.31916666666666665,0.20283783783783782,-0.2873198198198198
83,West Atlantic,2014,34,0,0.7491666666666666,0.11166666666666666,0.27533783783783783,0.1435135135135135
83,West Atlantic,2015,35,0,0.8975,1.4616666666666667,0.42367117117117115,1.4935135135135136
83,West Atlantic,2016,36,0,1.0125,0.3324999999999999,0.5386711711711711,0.36434684684684676
84,West Atlantic,1980,0,0,0.2558333333333333,-0.0016666666666666843,-0.21799549549549552,0.030180180180180156
84,West Atlantic,1981,1,0,0.3225,-0.4558333333333333,-0.1513288288288288,-0.42398648648648646
84,West Atlantic,1982,2,0,0.13916666666666666,0.8316666666666667,-0.33466216216216216,0.8635135135135135
84,West Atlantic,1983,3,0,0.315,0.30666666666666664,-0.15882882882882882,0.3385135135135135
84,West Atlantic,1984,4,0,0.15583333333333332,-0.6641666666666667,-0.3179954954954955,-0.6323198198198199
84,West Atlantic,1985,5,0,0.11750000000000001,-0.755,-0.3563288288288288,-0.7231531531531532
84,West Atlantic,1986,6,0,0.18,0.06000000000000004,-0.2938288288288288,0.09184684684684688
84,West Atlantic,1987,7,1,0.32166666666666666,1.0941666666666667,-0.15216216216216216,1.1260135135135136
84,West Atlantic,1988,8,0,0.38916666666666666,-0.9991666666666666,-0.08466216216216216,-0.9673198198198198
84,West Atlantic,1989,9,0,0.2733333333333333,-0.7983333333333333,-0.2004954954954955,-0.7664864864864865
84,West Atlantic,1990,10,0,0.44666666666666666,0.1275,-0.027162162162162162,0.15934684684684686
84,West Atlantic,1991,11,0,0.4058333333333333,0.6183333333333334,-0.0679954954954955,0.6501801801801802
84,West Atlantic,1992,12,0,0.22333333333333333,0.6083333333333333,-0.2504954954954955,0.6401801801801801
84,West Atlantic,1993,13,0,0.2316666666666667,0.29916666666666664,-0.24216216216216213,0.3310135135135135
84,West Atlantic,1994,14,0,0.315,0.46,-0.15882882882882882,0.4918468468468469
84,West Atlantic,1995,15,0,0.445,-0.1975,-0.028828828828828812,-0.16565315315315315
84,West Atlantic,1996,16,0,0.3325,-0.5183333333333333,-0.1413288288288288,-0.48648648648648646
84,West Atlantic,1997,17,0,0.4658333333333333,1.1150000000000002,-0.007995495495495497,1.1468468468468471
84,West Atlantic,1998,18,1,0.6075,-0.11916666666666656,0.13367117117117122,-0.08731981981981972
84,West Atlantic,1999,19,0,0.3825,-1.2866666666666666,-0.09132882882882881,-1.2548198198198197
84,West Atlantic,2000,20,0,0.395,-0.9091666666666667,-0.0788288288288288,-0.8773198198198199
84,West Atlantic,2001,21,0,0.5325,-0.33916666666666667,0.058671171171171155,-0.3073198198198198
84,West Atlantic,2002,22,0,0.6275000000000001,0.6383333333333333,0.15367117117117124,0.6701801801801801
84,West Atlantic,2003,23,0,0.6166666666666667,0.20666666666666667,0.14283783783783788,0.23851351351351352
84,West Atlantic,2004,24,0,0.5333333333333333,0.4225,0.05950450450450451,0.45434684684684684
84,West Atlantic,2005,25,1,0.6791666666666667,0.015000000000000003,0.20533783783783788,0.04684684684684684
84,West Atlantic,2006,26,0,0.64,0.0875,0.1661711711711712,0.11934684684684684
84,West Atlantic,2007,27,0,0.665,-0.6183333333333333,0.19117117117117122,-0.5864864864864865
84,West Atlantic,2008,28,0,0.5433333333333333,-0.785,0.06950450450450452,-0.7531531531531532
84,West Atlantic,2009,29,0,0.6566666666666667,0.2883333333333333,0.1828378378378379,0.32018018018018013
84,West Atlantic,2010,30,0,0.725,-0.48749999999999993,0.25117117117117116,-0.4556531531531531
84,West Atlantic,2011,31,0,0.61,-0.8691666666666666,0.13617117117117117,-0.8373198198198198
84,West Atlantic,2012,32,0,0.6458333333333334,-0.13999999999999999,0.17200450450450455,-0.10815315315315314
84,West Atlantic,2013,33,0,0.6766666666666666,-0.31916666666666665,0.20283783783783782,-0.2873198198198198
84,West Atlantic,2014,34,0,0.7491666666666666,0.11166666666666666,0.27533783783783783,0.1435135135135135
84,West Atlantic,2015,35,0,0.8975,1.4616666666666667,0.42367117117117115,1.4935135135135136
84,West Atlantic,2016,36,0,1.0125,0.3324999999999999,0.5386711711711711,0.36434684684684676
85,West Atlantic,1980,0,0,0.2558333333333333,-0.0016666666666666843,-0.21799549549549552,0.030180180180180156
85,West Atlantic,1981,1,0,0.3225,-0.4558333333333333,-0.1513288288288288,-0.42398648648648646
85,West Atlantic,1982,2,0,0.13916666666666666,0.8316666666666667,-0.33466216216216216,0.8635135135135135
85,West Atlantic,1983,3,0,0.315,0.30666666666666664,-0.15882882882882882,0.3385135135135135
85,West Atlantic,1984,4,0,0.15583333333333332,-0.6641666666666667,-0.3179954954954955,-0.6323198198198199
85,West Atlantic,1985,5,0,0.11750000000000001,-0.755,-0.3563288288288288,-0.7231531531531532
85,West Atlantic,1986,6,0,0.18,0.06000000000000004,-0.2938288288288288,0.09184684684684688
85,West Atlantic,1987,7,1,0.32166666666666666,1.0941666666666667,-0.15216216216216216,1.1260135135135136
85,West Atlantic,1988,8,0,0.38916666666666666,-0.9991666666666666,-0.08466216216216216,-0.9673198198198198
85,West Atlantic,1989,9,0,0.2733333333333333,-0.7983333333333333,-0.2004954954954955,-0.7664864864864865
85,West Atlantic,1990,10,0,0.44666666666666666,0.1275,-0.027162162162162162,0.15934684684684686
85,West Atlantic,1991,11,0,0.4058333333333333,0.6183333333333334,-0.0679954954954955,0.6501801801801802
85,West Atlantic,1992,12,0,0.22333333333333333,0.6083333333333333,-0.2504954954954955,0.6401801801801801
85,West Atlantic,1993,13,0,0.2316666666666667,0.29916666666666664,-0.24216216216216213,0.3310135135135135
85,West Atlantic,1994,14,0,0.315,0.46,-0.15882882882882882,0.4918468468468469
85,West Atlantic,1995,15,1,0.445,-0.1975,-0.028828828828828812,-0.16565315315315315
85,West Atlantic,1996,16,0,0.3325,-0.5183333333333333,-0.1413288288288288,-0.48648648648648646
85,West Atlantic,1997,17,0,0.4658333333333333,1.1150000000000002,-0.007995495495495497,1.1468468468468471
85,West Atlantic,1998,18,1,0.6075,-0.11916666666666656,0.13367117117117122,-0.08731981981981972
85,West Atlantic,1999,19,0,0.3825,-1.2866666666666666,-0.09132882882882881,-1.2548198198198197
85,West Atlantic,2000,20,0,0.395,-0.9091666666666667,-0.0788288288288288,-0.8773198198198199
85,West Atlantic,2001,21,0,0.5325,-0.33916666666666667,0.058671171171171155,-0.3073198198198198
85,West Atlantic,2002,22,0,0.6275000000000001,0.6383333333333333,0.15367117117117124,0.6701801801801801
85,West Atlantic,2003,23,0,0.6166666666666667,0.20666666666666667,0.14283783783783788,0.23851351351351352
85,West Atlantic,2004,24,0,0.5333333333333333,0.4225,0.05950450450450451,0.45434684684684684
85,West Atlantic,2005,25,1,0.6791666666666667,0.015000000000000003,0.20533783783783788,0.04684684684684684
85,West Atlantic,2006,26,0,0.64,0.0875,0.1661711711711712,0.11934684684684684
85,West Atlantic,2007,27,0,0.665,-0.6183333333333333,0.19117117117117122,-0.5864864864864865
85,West Atlantic,2008,28,0,0.5433333333333333,-0.785,0.06950450450450452,-0.7531531531531532
85,West Atlantic,2009,29,1,0.6566666666666667,0.2883333333333333,0.1828378378378379,0.32018018018018013
85,West Atlantic,2010,30,0,0.725,-0.48749999999999993,0.25117117117117116,-0.4556531531531531
85,West Atlantic,2011,31,0,0.61,-0.8691666666666666,0.13617117117117117,-0.8373198198198198
85,West Atlantic,2012,32,0,0.6458333333333334,-0.13999999999999999,0.17200450450450455,-0.10815315315315314
85,West Atlantic,2013,33,0,0.6766666666666666,-0.31916666666666665,0.20283783783783782,-0.2873198198198198
85,West Atlantic,2014,34,0,0.7491666666666666,0.11166666666666666,0.27533783783783783,0.1435135135135135
85,West Atlantic,2015,35,1,0.8975,1.4616666666666667,0.42367117117117115,1.4935135135135136
85,West Atlantic,2016,36,0,1.0125,0.3324999999999999,0.5386711711711711,0.36434684684684676
86,West Atlantic,1980,0,0,0.2558333333333333,-0.0016666666666666843,-0.21799549549549552,0.030180180180180156
86,West Atlantic,1981,1,0,0.3225,-0.4558333333333333,-0.1513288288288288,-0.42398648648648646
86,West Atlantic,1982,2,0,0.13916666666666666,0.8316666666666667,-0.33466216216216216,0.8635135135135135
86,West Atlantic,1983,3,1,0.315,0.30666666666666664,-0.15882882882882882,0.3385135135135135
86,West Atlantic,1984,4,0,0.15583333333333332,-0.6641666666666667,-0.3179954954954955,-0.6323198198198199
86,West Atlantic,1985,5,0,0.11750000000000001,-0.755,-0.3563288288288288,-0.7231531531531532
86,West Atlantic,1986,6,0,0.18,0.06000000000000004,-0.2938288288288288,0.09184684684684688
86,West Atlantic,1987,7,0,0.32166666666666666,1.0941666666666667,-0.15216216216216216,1.1260135135135136
86,West Atlantic,1988,8,0,0.38916666666666666,-0.9991666666666666,-0.08466216216216216,-0.9673198198198198
86,West Atlantic,1989,9,0,0.2733333333333333,-0.7983333333333333,-0.2004954954954955,-0.7664864864864865
86,West Atlantic,1990,10,0,0.44666666666666666,0.1275,-0.027162162162162162,0.15934684684684686
86,West Atlantic,1991,11,0,0.4058333333333333,0.6183333333333334,-0.0679954954954955,0.6501801801801802
86,West Atlantic,1992,12,0,0.22333333333333333,0.6083333333333333,-0.2504954954954955,0.6401801801801801
86,West Atlantic,1993,13,0,0.2316666666666667,0.29916666666666664,-0.24216216216216213,0.3310135135135135
86,West Atlantic,1994,14,0,0.315,0.46,-0.15882882882882882,0.4918468468468469
86,West Atlantic,1995,15,0,0.445,-0.1975,-0.028828828828828812,-0.16565315315315315
86,West Atlantic,1996,16,0,0.3325,-0.5183333333333333,-0.1413288288288288,-0.48648648648648646
86,West Atlantic,1997,17,0,0.4658333333333333,1.1150000000000002,-0.007995495495495497,1.1468468468468471
86,West Atlantic,1998,18,0,0.6075,-0.11916666666666656,0.13367117117117122,-0.08731981981981972
86,West Atlantic,1999,19,0,0.3825,-1.2866666666666666,-0.09132882882882881,-1.2548198198198197
86,West Atlantic,2000,20,0,0.395,-0.9091666666666667,-0.0788288288288288,-0.8773198198198199
86,West Atlantic,2001,21,0,0.5325,-0.33916666666666667,0.058671171171171155,-0.3073198198198198
86,West Atlantic,2002,22,0,0.6275000000000001,0.6383333333333333,0.15367117117117124,0.6701801801801801
86,West Atlantic,2003,23,0,0.6166666666666667,0.20666666666666667,0.14283783783783788,0.23851351351351352
86,West Atlantic,2004,24,0,0.5333333333333333,0.4225,0.05950450450450451,0.45434684684684684
86,West Atlantic,2005,25,1,0.6791666666666667,0.015000000000000003,0.20533783783783788,0.04684684684684684
86,West Atlantic,2006,26,0,0.64,0.0875,0.1661711711711712,0.11934684684684684
86,West Atlantic,2007,27,0,0.665,-0.6183333333333333,0.19117117117117122,-0.5864864864864865
86,West Atlantic,2008,28,0,0.5433333333333333,-0.785,0.06950450450450452,-0.7531531531531532
86,West Atlantic,2009,29,0,0.6566666666666667,0.2883333333333333,0.1828378378378379,0.32018018018018013
86,West Atlantic,2010,30,0,0.725,-0.48749999999999993,0.25117117117117116,-0.4556531531531531
86,West Atlantic,2011,31,0,0.61,-0.8691666666666666,0.13617117117117117,-0.8373198198198198
86,West Atlantic,2012,32,0,0.6458333333333334,-0.13999999999999999,0.17200450450450455,-0.10815315315315314
86,West Atlantic,2013,33,0,0.6766666666666666,-0.31916666666666665,0.20283783783783782,-0.2873198198198198
86,West Atlantic,2014,34,0,0.7491666666666666,0.11166666666666666,0.27533783783783783,0.1435135135135135
86,West Atlantic,2015,35,0,0.8975,1.4616666666666667,0.42367117117117115,1.4935135135135136
86,West Atlantic,2016,36,0,1.0125,0.3324999999999999,0.5386711711711711,0.36434684684684676
87,West Atlantic,1980,0,0,0.2558333333333333,-0.0016666666666666843,-0.21799549549549552,0.030180180180180156
87,West Atlantic,1981,1,0,0.3225,-0.4558333333333333,-0.1513288288288288,-0.42398648648648646
87,West Atlantic,1982,2,0,0.13916666666666666,0.8316666666666667,-0.33466216216216216,0.8635135135135135
87,West Atlantic,1983,3,1,0.315,0.30666666666666664,-0.15882882882882882,0.3385135135135135
87,West Atlantic,1984,4,0,0.15583333333333332,-0.6641666666666667,-0.3179954954954955,-0.6323198198198199
87,West Atlantic,1985,5,0,0.11750000000000001,-0.755,-0.3563288288288288,-0.7231531531531532
87,West Atlantic,1986,6,0,0.18,0.06000000000000004,-0.2938288288288288,0.09184684684684688
87,West Atlantic,1987,7,0,0.32166666666666666,1.0941666666666667,-0.15216216216216216,1.1260135135135136
87,West Atlantic,1988,8,0,0.38916666666666666,-0.9991666666666666,-0.08466216216216216,-0.9673198198198198
87,West Atlantic,1989,9,0,0.2733333333333333,-0.7983333333333333,-0.2004954954954955,-0.7664864864864865
87,West Atlantic,1990,10,0,0.44666666666666666,0.1275,-0.027162162162162162,0.15934684684684686
87,West Atlantic,1991,11,0,0.4058333333333333,0.6183333333333334,-0.0679954954954955,0.6501801801801802
87,West Atlantic,1992,12,1,0.22333333333333333,0.6083333333333333,-0.2504954954954955,0.6401801801801801
87,West Atlantic,1993,13,0,0.2316666666666667,0.29916666666666664,-0.24216216216216213,0.3310135135135135
87,West Atlantic,1994,14,0,0.315,0.46,-0.15882882882882882,0.4918468468468469
87,West Atlantic,1995,15,1,0.445,-0.1975,-0.028828828828828812,-0.16565315315315315
87,West Atlantic,1996,16,0,0.3325,-0.5183333333333333,-0.1413288288288288,-0.48648648648648646
87,West Atlantic,1997,17,0,0.4658333333333333,1.1150000000000002,-0.007995495495495497,1.1468468468468471
87,West Atlantic,1998,18,0,0.6075,-0.11916666666666656,0.13367117117117122,-0.08731981981981972
87,West Atlantic,1999,19,0,0.3825,-1.2866666666666666,-0.09132882882882881,-1.2548198198198197
87,West Atlantic,2000,20,0,0.395,-0.9091666666666667,-0.0788288288288288,-0.8773198198198199
87,West Atlantic,2001,21,0,0.5325,-0.33916666666666667,0.058671171171171155,-0.3073198198198198
87,West Atlantic,2002,22,0,0.6275000000000001,0.6383333333333333,0.15367117117117124,0.6701801801801801
87,West Atlantic,2003,23,0,0.6166666666666667,0.20666666666666667,0.14283783783783788,0.23851351351351352
87,West Atlantic,2004,24,0,0.5333333333333333,0.4225,0.05950450450450451,0.45434684684684684
87,West Atlantic,2005,25,0,0.6791666666666667,0.015000000000000003,0.20533783783783788,0.04684684684684684
87,West Atlantic,2006,26,0,0.64,0.0875,0.1661711711711712,0.11934684684684684
87,West Atlantic,2007,27,0,0.665,-0.6183333333333333,0.19117117117117122,-0.5864864864864865
87,West Atlantic,2008,28,0,0.5433333333333333,-0.785,0.06950450450450452,-0.7531531531531532
87,West Atlantic,2009,29,0,0.6566666666666667,0.2883333333333333,0.1828378378378379,0.32018018018018013
87,West Atlantic,2010,30,0,0.725,-0.48749999999999993,0.25117117117117116,-0.4556531531531531
87,West Atlantic,2011,31,0,0.61,-0.8691666666666666,0.13617117117117117,-0.8373198198198198
87,West Atlantic,2012,32,0,0.6458333333333334,-0.13999999999999999,0.17200450450450455,-0.10815315315315314
87,West Atlantic,2013,33,0,0.6766666666666666,-0.31916666666666665,0.20283783783783782,-0.2873198198198198
87,West Atlantic,2014,34,0,0.7491666666666666,0.11166666666666666,0.27533783783783783,0.1435135135135135
87,West Atlantic,2015,35,0,0.8975,1.4616666666666667,0.42367117117117115,1.4935135135135136
87,West Atlantic,2016,36,0,1.0125,0.3324999999999999,0.5386711711711711,0.36434684684684676
88,West Atlantic,1980,0,0,0.2558333333333333,-0.0016666666666666843,-0.21799549549549552,0.030180180180180156
88,West Atlantic,1981,1,0,0.3225,-0.4558333333333333,-0.1513288288288288,-0.42398648648648646
88,West Atlantic,1982,2,0,0.13916666666666666,0.8316666666666667,-0.33466216216216216,0.8635135135135135
88,West Atlantic,1983,3,1,0.315,0.30666666666666664,-0.15882882882882882,0.3385135135135135
88,West Atlantic,1984,4,0,0.15583333333333332,-0.6641666666666667,-0.3179954954954955,-0.6323198198198199
88,West Atlantic,1985,5,0,0.11750000000000001,-0.755,-0.3563288288288288,-0.7231531531531532
88,West Atlantic,1986,6,0,0.18,0.06000000000000004,-0.2938288288288288,0.09184684684684688
88,West Atlantic,1987,7,0,0.32166666666666666,1.0941666666666667,-0.15216216216216216,1.1260135135135136
88,West Atlantic,1988,8,0,0.38916666666666666,-0.9991666666666666,-0.08466216216216216,-0.9673198198198198
88,West Atlantic,1989,9,0,0.2733333333333333,-0.7983333333333333,-0.2004954954954955,-0.7664864864864865
88,West Atlantic,1990,10,0,0.44666666666666666,0.1275,-0.027162162162162162,0.15934684684684686
88,West Atlantic,1991,11,0,0.4058333333333333,0.6183333333333334,-0.0679954954954955,0.6501801801801802
88,West Atlantic,1992,12,0,0.22333333333333333,0.6083333333333333,-0.2504954954954955,0.6401801801801801
88,West Atlantic,1993,13,0,0.2316666666666667,0.29916666666666664,-0.24216216216216213,0.3310135135135135
88,West Atlantic,1994,14,0,0.315,0.46,-0.15882882882882882,0.4918468468468469
88,West Atlantic,1995,15,1,0.445,-0.1975,-0.028828828828828812,-0.16565315315315315
88,West Atlantic,1996,16,0,0.3325,-0.5183333333333333,-0.1413288288288288,-0.48648648648648646
88,West Atlantic,1997,17,0,0.4658333333333333,1.1150000000000002,-0.007995495495495497,1.1468468468468471
88,West Atlantic,1998,18,1,0.6075,-0.11916666666666656,0.13367117117117122,-0.08731981981981972
88,West Atlantic,1999,19,0,0.3825,-1.2866666666666666,-0.09132882882882881,-1.2548198198198197
88,West Atlantic,2000,20,0,0.395,-0.9091666666666667,-0.0788288288288288,-0.8773198198198199
88,West Atlantic,2001,21,0,0.5325,-0.33916666666666667,0.058671171171171155,-0.3073198198198198
88,West Atlantic,2002,22,0,0.6275000000000001,0.6383333333333333,0.15367117117117124,0.6701801801801801
88,West Atlantic,2003,23,0,0.6166666666666667,0.20666666666666667,0.14283783783783788,0.23851351351351352
88,West Atlantic,2004,24,0,0.5333333333333333,0.4225,0.05950450450450451,0.45434684684684684
88,West Atlantic,2005,25,1,0.6791666666666667,0.015000000000000003,0.20533783783783788,0.04684684684684684
88,West Atlantic,2006,26,0,0.64,0.0875,0.1661711711711712,0.11934684684684684
88,West Atlantic,2007,27,0,0.665,-0.6183333333333333,0.19117117117117122,-0.5864864864864865
88,West Atlantic,2008,28,0,0.5433333333333333,-0.785,0.06950450450450452,-0.7531531531531532
88,West Atlantic,2009,29,1,0.6566666666666667,0.2883333333333333,0.1828378378378379,0.32018018018018013
88,West Atlantic,2010,30,1,0.725,-0.48749999999999993,0.25117117117117116,-0.4556531531531531
88,West Atlantic,2011,31,0,0.61,-0.8691666666666666,0.13617117117117117,-0.8373198198198198
88,West Atlantic,2012,32,0,0.6458333333333334,-0.13999999999999999,0.17200450450450455,-0.10815315315315314
88,West Atlantic,2013,33,0,0.6766666666666666,-0.31916666666666665,0.20283783783783782,-0.2873198198198198
88,West Atlantic,2014,34,0,0.7491666666666666,0.11166666666666666,0.27533783783783783,0.1435135135135135
88,West Atlantic,2015,35,1,0.8975,1.4616666666666667,0.42367117117117115,1.4935135135135136
88,West Atlantic,2016,36,0,1.0125,0.3324999999999999,0.5386711711711711,0.36434684684684676
89,West Atlantic,1980,0,0,0.2558333333333333,-0.0016666666666666843,-0.21799549549549552,0.030180180180180156
89,West Atlantic,1981,1,0,0.3225,-0.4558333333333333,-0.1513288288288288,-0.42398648648648646
89,West Atlantic,1982,2,0,0.13916666666666666,0.8316666666666667,-0.33466216216216216,0.8635135135135135
89,West Atlantic,1983,3,0,0.315,0.30666666666666664,-0.15882882882882882,0.3385135135135135
89,West Atlantic,1984,4,0,0.15583333333333332,-0.6641666666666667,-0.3179954954954955,-0.6323198198198199
89,West Atlantic,1985,5,0,0.11750000000000001,-0.755,-0.3563288288288288,-0.7231531531531532
89,West Atlantic,1986,6,0,0.18,0.06000000000000004,-0.2938288288288288,0.09184684684684688
89,West Atlantic,1987,7,1,0.32166666666666666,1.0941666666666667,-0.15216216216216216,1.1260135135135136
89,West Atlantic,1988,8,0,0.38916666666666666,-0.9991666666666666,-0.08466216216216216,-0.9673198198198198
89,West Atlantic,1989,9,0,0.2733333333333333,-0.7983333333333333,-0.2004954954954955,-0.7664864864864865
89,West Atlantic,1990,10,1,0.44666666666666666,0.1275,-0.027162162162162162,0.15934684684684686
89,West Atlantic,1991,11,0,0.4058333333333333,0.6183333333333334,-0.0679954954954955,0.6501801801801802
89,West Atlantic,1992,12,0,0.22333333333333333,0.6083333333333333,-0.2504954954954955,0.6401801801801801
89,West Atlantic,1993,13,0,0.2316666666666667,0.29916666666666664,-0.24216216216216213,0.3310135135135135
89,West Atlantic,1994,14,0,0.315,0.46,-0.15882882882882882,0.4918468468468469
89,West Atlantic,1995,15,0,0.445,-0.1975,-0.028828828828828812,-0.16565315315315315
89,West Atlantic,1996,16,0,0.3325,-0.5183333333333333,-0.1413288288288288,-0.48648648648648646
89,West Atlantic,1997,17,0,0.4658333333333333,1.1150000000000002,-0.007995495495495497,1.1468468468468471
89,West Atlantic,1998,18,0,0.6075,-0.11916666666666656,0.13367117117117122,-0.08731981981981972
89,West Atlantic,1999,19,0,0.3825,-1.2866666666666666,-0.09132882882882881,-1.2548198198198197
89,West Atlantic,2000,20,0,0.395,-0.9091666666666667,-0.0788288288288288,-0.8773198198198199
89,West Atlantic,2001,21,0,0.5325,-0.33916666666666667,0.058671171171171155,-0.3073198198198198
89,West Atlantic,2002,22,0,0.6275000000000001,0.6383333333333333,0.15367117117117124,0.6701801801801801
89,West Atlantic,2003,23,0,0.6166666666666667,0.20666666666666667,0.14283783783783788,0.23851351351351352
89,West Atlantic,2004,24,0,0.5333333333333333,0.4225,0.05950450450450451,0.45434684684684684
89,West Atlantic,2005,25,0,0.6791666666666667,0.015000000000000003,0.20533783783783788,0.04684684684684684
89,West Atlantic,2006,26,0,0.64,0.0875,0.1661711711711712,0.11934684684684684
89,West Atlantic,2007,27,0,0.665,-0.6183333333333333,0.19117117117117122,-0.5864864864864865
89,West Atlantic,2008,28,0,0.5433333333333333,-0.785,0.06950450450450452,-0.7531531531531532
89,West Atlantic,2009,29,0,0.6566666666666667,0.2883333333333333,0.1828378378378379,0.32018018018018013
89,West Atlantic,2010,30,0,0.725,-0.48749999999999993,0.25117117117117116,-0.4556531531531531
89,West Atlantic,2011,31,0,0.61,-0.8691666666666666,0.13617117117117117,-0.8373198198198198
89,West Atlantic,2012,32,0,0.6458333333333334,-0.13999999999999999,0.17200450450450455,-0.10815315315315314
89,West Atlantic,2013,33,0,0.6766666666666666,-0.31916666666666665,0.20283783783783782,-0.2873198198198198
89,West Atlantic,2014,34,0,0.7491666666666666,0.11166666666666666,0.27533783783783783,0.1435135135135135
89,West Atlantic,2015,35,0,0.8975,1.4616666666666667,0.42367117117117115,1.4935135135135136
89,West Atlantic,2016,36,0,1.0125,0.3324999999999999,0.5386711711711711,0.36434684684684676
90,West Atlantic,1980,0,0,0.2558333333333333,-0.0016666666666666843,-0.21799549549549552,0.030180180180180156
90,West Atlantic,1981,1,0,0.3225,-0.4558333333333333,-0.1513288288288288,-0.42398648648648646
90,West Atlantic,1982,2,0,0.13916666666666666,0.8316666666666667,-0.33466216216216216,0.8635135135135135
90,West Atlantic,1983,3,0,0.315,0.30666666666666664,-0.15882882882882882,0.3385135135135135
90,West Atlantic,1984,4,0,0.15583333333333332,-0.6641666666666667,-0.3179954954954955,-0.6323198198198199
90,West Atlantic,1985,5,0,0.11750000000000001,-0.755,-0.3563288288288288,-0.7231531531531532
90,West Atlantic,1986,6,0,0.18,0.06000000000000004,-0.2938288288288288,0.09184684684684688
90,West Atlantic,1987,7,1,0.32166666666666666,1.0941666666666667,-0.15216216216216216,1.1260135135135136
90,West Atlantic,1988,8,0,0.38916666666666666,-0.9991666666666666,-0.08466216216216216,-0.9673198198198198
90,West Atlantic,1989,9,0,0.2733333333333333,-0.7983333333333333,-0.2004954954954955,-0.7664864864864865
90,West Atlantic,1990,10,0,0.44666666666666666,0.1275,-0.027162162162162162,0.15934684684684686
90,West Atlantic,1991,11,0,0.4058333333333333,0.6183333333333334,-0.0679954954954955,0.6501801801801802
90,West Atlantic,1992,12,0,0.22333333333333333,0.6083333333333333,-0.2504954954954955,0.6401801801801801
90,West Atlantic,1993,13,0,0.2316666666666667,0.29916666666666664,-0.24216216216216213,0.3310135135135135
90,West Atlantic,1994,14,0,0.315,0.46,-0.15882882882882882,0.4918468468468469
90,West Atlantic,1995,15,0,0.445,-0.1975,-0.028828828828828812,-0.16565315315315315
90,West Atlantic,1996,16,0,0.3325,-0.5183333333333333,-0.1413288288288288,-0.48648648648648646
90,West Atlantic,1997,17,0,0.4658333333333333,1.1150000000000002,-0.007995495495495497,1.1468468468468471
90,West Atlantic,1998,18,0,0.6075,-0.11916666666666656,0.13367117117117122,-0.08731981981981972
90,West Atlantic,1999,19,0,0.3825,-1.2866666666666666,-0.09132882882882881,-1.2548198198198197
90,West Atlantic,2000,20,0,0.395,-0.9091666666666667,-0.0788288288288288,-0.8773198198198199
90,West Atlantic,2001,21,0,0.5325,-0.33916666666666667,0.058671171171171155,-0.3073198198198198
90,West Atlantic,2002,22,0,0.6275000000000001,0.6383333333333333,0.15367117117117124,0.6701801801801801
90,West Atlantic,2003,23,0,0.6166666666666667,0.20666666666666667,0.14283783783783788,0.23851351351351352
90,West Atlantic,2004,24,0,0.5333333333333333,0.4225,0.05950450450450451,0.45434684684684684
90,West Atlantic,2005,25,1,0.6791666666666667,0.015000000000000003,0.20533783783783788,0.04684684684684684
90,West Atlantic,2006,26,1,0.64,0.0875,0.1661711711711712,0.11934684684684684
90,West Atlantic,2007,27,0,0.665,-0.6183333333333333,0.19117117117117122,-0.5864864864864865
90,West Atlantic,2008,28,0,0.5433333333333333,-0.785,0.06950450450450452,-0.7531531531531532
90,West Atlantic,2009,29,0,0.6566666666666667,0.2883333333333333,0.1828378378378379,0.32018018018018013
90,West Atlantic,2010,30,0,0.725,-0.48749999999999993,0.25117117117117116,-0.4556531531531531
90,West Atlantic,2011,31,0,0.61,-0.8691666666666666,0.13617117117117117,-0.8373198198198198
90,West Atlantic,2012,32,0,0.6458333333333334,-0.13999999999999999,0.17200450450450455,-0.10815315315315314
90,West Atlantic,2013,33,0,0.6766666666666666,-0.31916666666666665,0.20283783783783782,-0.2873198198198198
90,West Atlantic,2014,34,0,0.7491666666666666,0.11166666666666666,0.27533783783783783,0.1435135135135135
90,West Atlantic,2015,35,0,0.8975,1.4616666666666667,0.42367117117117115,1.4935135135135136
90,West Atlantic,2016,36,0,1.0125,0.3324999999999999,0.5386711711711711,0.36434684684684676
91,West Atlantic,1980,0,0,0.2558333333333333,-0.0016666666666666843,-0.21799549549549552,0.030180180180180156
91,West Atlantic,1981,1,0,0.3225,-0.4558333333333333,-0.1513288288288288,-0.42398648648648646
91,West Atlantic,1982,2,0,0.13916666666666666,0.8316666666666667,-0.33466216216216216,0.8635135135135135
91,West Atlantic,1983,3,1,0.315,0.30666666666666664,-0.15882882882882882,0.3385135135135135
91,West Atlantic,1984,4,0,0.15583333333333332,-0.6641666666666667,-0.3179954954954955,-0.6323198198198199
91,West Atlantic,1985,5,0,0.11750000000000001,-0.755,-0.3563288288288288,-0.7231531531531532
91,West Atlantic,1986,6,0,0.18,0.06000000000000004,-0.2938288288288288,0.09184684684684688
91,West Atlantic,1987,7,1,0.32166666666666666,1.0941666666666667,-0.15216216216216216,1.1260135135135136
91,West Atlantic,1988,8,0,0.38916666666666666,-0.9991666666666666,-0.08466216216216216,-0.9673198198198198
91,West Atlantic,1989,9,0,0.2733333333333333,-0.7983333333333333,-0.2004954954954955,-0.7664864864864865
91,West Atlantic,1990,10,1,0.44666666666666666,0.1275,-0.027162162162162162,0.15934684684684686
91,West Atlantic,1991,11,0,0.4058333333333333,0.6183333333333334,-0.0679954954954955,0.6501801801801802
91,West Atlantic,1992,12,0,0.22333333333333333,0.6083333333333333,-0.2504954954954955,0.6401801801801801
91,West Atlantic,1993,13,0,0.2316666666666667,0.29916666666666664,-0.24216216216216213,0.3310135135135135
91,West Atlantic,1994,14,0,0.315,0.46,-0.15882882882882882,0.4918468468468469
91,West Atlantic,1995,15,0,0.445,-0.1975,-0.028828828828828812,-0.16565315315315315
91,West Atlantic,1996,16,0,0.3325,-0.5183333333333333,-0.1413288288288288,-0.48648648648648646
91,West Atlantic,1997,17,1,0.4658333333333333,1.1150000000000002,-0.007995495495495497,1.1468468468468471
91,West Atlantic,1998,18,1,0.6075,-0.11916666666666656,0.13367117117117122,-0.08731981981981972
91,West Atlantic,1999,19,0,0.3825,-1.2866666666666666,-0.09132882882882881,-1.2548198198198197
91,West Atlantic,2000,20,0,0.395,-0.9091666666666667,-0.0788288288288288,-0.8773198198198199
91,West Atlantic,2001,21,0,0.5325,-0.33916666666666667,0.058671171171171155,-0.3073198198198198
91,West Atlantic,2002,22,0,0.6275000000000001,0.6383333333333333,0.15367117117117124,0.6701801801801801
91,West Atlantic,2003,23,0,0.6166666666666667,0.20666666666666667,0.14283783783783788,0.23851351351351352
91,West Atlantic,2004,24,0,0.5333333333333333,0.4225,0.05950450450450451,0.45434684684684684
91,West Atlantic,2005,25,0,0.6791666666666667,0.015000000000000003,0.20533783783783788,0.04684684684684684
91,West Atlantic,2006,26,0,0.64,0.0875,0.1661711711711712,0.11934684684684684
91,West Atlantic,2007,27,0,0.665,-0.6183333333333333,0.19117117117117122,-0.5864864864864865
91,West Atlantic,2008,28,0,0.5433333333333333,-0.785,0.06950450450450452,-0.7531531531531532
91,West Atlantic,2009,29,0,0.6566666666666667,0.2883333333333333,0.1828378378378379,0.32018018018018013
91,West Atlantic,2010,30,0,0.725,-0.48749999999999993,0.25117117117117116,-0.4556531531531531
91,West Atlantic,2011,31,0,0.61,-0.8691666666666666,0.13617117117117117,-0.8373198198198198
91,West Atlantic,2012,32,0,0.6458333333333334,-0.13999999999999999,0.17200450450450455,-0.10815315315315314
91,West Atlantic,2013,33,0,0.6766666666666666,-0.31916666666666665,0.20283783783783782,-0.2873198198198198
91,West Atlantic,2014,34,0,0.7491666666666666,0.11166666666666666,0.27533783783783783,0.1435135135135135
91,West Atlantic,2015,35,1,0.8975,1.4616666666666667,0.42367117117117115,1.4935135135135136
91,West Atlantic,2016,36,0,1.0125,0.3324999999999999,0.5386711711711711,0.36434684684684676
92,West Atlantic,1980,0,0,0.2558333333333333,-0.0016666666666666843,-0.21799549549549552,0.030180180180180156
92,West Atlantic,1981,1,0,0.3225,-0.4558333333333333,-0.1513288288288288,-0.42398648648648646
92,West Atlantic,1982,2,0,0.13916666666666666,0.8316666666666667,-0.33466216216216216,0.8635135135135135
92,West Atlantic,1983,3,0,0.315,0.30666666666666664,-0.15882882882882882,0.3385135135135135
92,West Atlantic,1984,4,0,0.15583333333333332,-0.6641666666666667,-0.3179954954954955,-0.6323198198198199
92,West Atlantic,1985,5,0,0.11750000000000001,-0.755,-0.3563288288288288,-0.7231531531531532
92,West Atlantic,1986,6,0,0.18,0.06000000000000004,-0.2938288288288288,0.09184684684684688
92,West Atlantic,1987,7,0,0.32166666666666666,1.0941666666666667,-0.15216216216216216,1.1260135135135136
92,West Atlantic,1988,8,0,0.38916666666666666,-0.9991666666666666,-0.08466216216216216,-0.9673198198198198
92,West Atlantic,1989,9,0,0.2733333333333333,-0.7983333333333333,-0.2004954954954955,-0.7664864864864865
92,West Atlantic,1990,10,0,0.44666666666666666,0.1275,-0.027162162162162162,0.15934684684684686
92,West Atlantic,1991,11,0,0.4058333333333333,0.6183333333333334,-0.0679954954954955,0.6501801801801802
92,West Atlantic,1992,12,0,0.22333333333333333,0.6083333333333333,-0.2504954954954955,0.6401801801801801
92,West Atlantic,1993,13,0,0.2316666666666667,0.29916666666666664,-0.24216216216216213,0.3310135135135135
92,West Atlantic,1994,14,0,0.315,0.46,-0.15882882882882882,0.4918468468468469
92,West Atlantic,1995,15,0,0.445,-0.1975,-0.028828828828828812,-0.16565315315315315
92,West Atlantic,1996,16,0,0.3325,-0.5183333333333333,-0.1413288288288288,-0.48648648648648646
92,West Atlantic,1997,17,0,0.4658333333333333,1.1150000000000002,-0.007995495495495497,1.1468468468468471
92,West Atlantic,1998,18,0,0.6075,-0.11916666666666656,0.13367117117117122,-0.08731981981981972
92,West Atlantic,1999,19,0,0.3825,-1.2866666666666666,-0.09132882882882881,-1.2548198198198197
92,West Atlantic,2000,20,0,0.395,-0.9091666666666667,-0.0788288288288288,-0.8773198198198199
92,West Atlantic,2001,21,0,0.5325,-0.33916666666666667,0.058671171171171155,-0.3073198198198198
92,West Atlantic,2002,22,0,0.6275000000000001,0.6383333333333333,0.15367117117117124,0.6701801801801801
92,West Atlantic,2003,23,0,0.6166666666666667,0.20666666666666667,0.14283783783783788,0.23851351351351352
92,West Atlantic,2004,24,0,0.5333333333333333,0.4225,0.05950450450450451,0.45434684684684684
92,West Atlantic,2005,25,1,0.6791666666666667,0.015000000000000003,0.20533783783783788,0.04684684684684684
92,West Atlantic,2006,26,0,0.64,0.0875,0.1661711711711712,0.11934684684684684
92,West Atlantic,2007,27,0,0.665,-0.6183333333333333,0.19117117117117122,-0.5864864864864865
92,West Atlantic,2008,28,1,0.5433333333333333,-0.785,0.06950450450450452,-0.7531531531531532
92,West Atlantic,2009,29,0,0.6566666666666667,0.2883333333333333,0.1828378378378379,0.32018018018018013
92,West Atlantic,2010,30,0,0.725,-0.48749999999999993,0.25117117117117116,-0.4556531531531531
92,West Atlantic,2011,31,0,0.61,-0.8691666666666666,0.13617117117117117,-0.8373198198198198
92,West Atlantic,2012,32,0,0.6458333333333334,-0.13999999999999999,0.17200450450450455,-0.10815315315315314
92,West Atlantic,2013,33,0,0.6766666666666666,-0.31916666666666665,0.20283783783783782,-0.2873198198198198
92,West Atlantic,2014,34,0,0.7491666666666666,0.11166666666666666,0.27533783783783783,0.1435135135135135
92,West Atlantic,2015,35,0,0.8975,1.4616666666666667,0.42367117117117115,1.4935135135135136
92,West Atlantic,2016,36,0,1.0125,0.3324999999999999,0.5386711711711711,0.36434684684684676
93,West Atlantic,1980,0,0,0.2558333333333333,-0.0016666666666666843,-0.21799549549549552,0.030180180180180156
93,West Atlantic,1981,1,0,0.3225,-0.4558333333333333,-0.1513288288288288,-0.42398648648648646
93,West Atlantic,1982,2,0,0.13916666666666666,0.8316666666666667,-0.33466216216216216,0.8635135135135135
93,West Atlantic,1983,3,0,0.315,0.30666666666666664,-0.15882882882882882,0.3385135135135135
93,West Atlantic,1984,4,0,0.15583333333333332,-0.6641666666666667,-0.3179954954954955,-0.6323198198198199
93,West Atlantic,1985,5,0,0.11750000000000001,-0.755,-0.3563288288288288,-0.7231531531531532
93,West Atlantic,1986,6,0,0.18,0.06000000000000004,-0.2938288288288288,0.09184684684684688
93,West Atlantic,1987,7,1,0.32166666666666666,1.0941666666666667,-0.15216216216216216,1.1260135135135136
93,West Atlantic,1988,8,0,0.38916666666666666,-0.9991666666666666,-0.08466216216216216,-0.9673198198198198
93,West Atlantic,1989,9,0,0.2733333333333333,-0.7983333333333333,-0.2004954954954955,-0.7664864864864865
93,West Atlantic,1990,10,0,0.44666666666666666,0.1275,-0.027162162162162162,0.15934684684684686
93,West Atlantic,1991,11,0,0.4058333333333333,0.6183333333333334,-0.0679954954954955,0.6501801801801802
93,West Atlantic,1992,12,0,0.22333333333333333,0.6083333333333333,-0.2504954954954955,0.6401801801801801
93,West Atlantic,1993,13,0,0.2316666666666667,0.29916666666666664,-0.24216216216216213,0.3310135135135135
93,West Atlantic,1994,14,0,0.315,0.46,-0.15882882882882882,0.4918468468468469
93,West Atlantic,1995,15,1,0.445,-0.1975,-0.028828828828828812,-0.16565315315315315
93,West Atlantic,1996,16,0,0.3325,-0.5183333333333333,-0.1413288288288288,-0.48648648648648646
93,West Atlantic,1997,17,0,0.4658333333333333,1.1150000000000002,-0.007995495495495497,1.1468468468468471
93,West Atlantic,1998,18,1,0.6075,-0.11916666666666656,0.13367117117117122,-0.08731981981981972
93,West Atlantic,1999,19,0,0.3825,-1.2866666666666666,-0.09132882882882881,-1.2548198198198197
93,West Atlantic,2000,20,0,0.395,-0.9091666666666667,-0.0788288288288288,-0.8773198198198199
93,West Atlantic,2001,21,0,0.5325,-0.33916666666666667,0.058671171171171155,-0.3073198198198198
93,West Atlantic,2002,22,0,0.6275000000000001,0.6383333333333333,0.15367117117117124,0.6701801801801801
93,West Atlantic,2003,23,0,0.6166666666666667,0.20666666666666667,0.14283783783783788,0.23851351351351352
93,West Atlantic,2004,24,0,0.5333333333333333,0.4225,0.05950450450450451,0.45434684684684684
93,West Atlantic,2005,25,1,0.6791666666666667,0.015000000000000003,0.20533783783783788,0.04684684684684684
93,West Atlantic,2006,26,0,0.64,0.0875,0.1661711711711712,0.11934684684684684
93,West Atlantic,2007,27,0,0.665,-0.6183333333333333,0.19117117117117122,-0.5864864864864865
93,West Atlantic,2008,28,0,0.5433333333333333,-0.785,0.06950450450450452,-0.7531531531531532
93,West Atlantic,2009,29,0,0.6566666666666667,0.2883333333333333,0.1828378378378379,0.32018018018018013
93,West Atlantic,2010,30,0,0.725,-0.48749999999999993,0.25117117117117116,-0.4556531531531531
93,West Atlantic,2011,31,0,0.61,-0.8691666666666666,0.13617117117117117,-0.8373198198198198
93,West Atlantic,2012,32,0,0.6458333333333334,-0.13999999999999999,0.17200450450450455,-0.10815315315315314
93,West Atlantic,2013,33,0,0.6766666666666666,-0.31916666666666665,0.20283783783783782,-0.2873198198198198
93,West Atlantic,2014,34,0,0.7491666666666666,0.11166666666666666,0.27533783783783783,0.1435135135135135
93,West Atlantic,2015,35,0,0.8975,1.4616666666666667,0.42367117117117115,1.4935135135135136
93,West Atlantic,2016,36,0,1.0125,0.3324999999999999,0.5386711711711711,0.36434684684684676
94,West Atlantic,1980,0,0,0.2558333333333333,-0.0016666666666666843,-0.21799549549549552,0.030180180180180156
94,West Atlantic,1981,1,0,0.3225,-0.4558333333333333,-0.1513288288288288,-0.42398648648648646
94,West Atlantic,1982,2,0,0.13916666666666666,0.8316666666666667,-0.33466216216216216,0.8635135135135135
94,West Atlantic,1983,3,0,0.315,0.30666666666666664,-0.15882882882882882,0.3385135135135135
94,West Atlantic,1984,4,0,0.15583333333333332,-0.6641666666666667,-0.3179954954954955,-0.6323198198198199
94,West Atlantic,1985,5,0,0.11750000000000001,-0.755,-0.3563288288288288,-0.7231531531531532
94,West Atlantic,1986,6,0,0.18,0.06000000000000004,-0.2938288288288288,0.09184684684684688
94,West Atlantic,1987,7,1,0.32166666666666666,1.0941666666666667,-0.15216216216216216,1.1260135135135136
94,West Atlantic,1988,8,0,0.38916666666666666,-0.9991666666666666,-0.08466216216216216,-0.9673198198198198
94,West Atlantic,1989,9,1,0.2733333333333333,-0.7983333333333333,-0.2004954954954955,-0.7664864864864865
94,West Atlantic,1990,10,1,0.44666666666666666,0.1275,-0.027162162162162162,0.15934684684684686
94,West Atlantic,1991,11,0,0.4058333333333333,0.6183333333333334,-0.0679954954954955,0.6501801801801802
94,West Atlantic,1992,12,0,0.22333333333333333,0.6083333333333333,-0.2504954954954955,0.6401801801801801
94,West Atlantic,1993,13,0,0.2316666666666667,0.29916666666666664,-0.24216216216216213,0.3310135135135135
94,West Atlantic,1994,14,0,0.315,0.46,-0.15882882882882882,0.4918468468468469
94,West Atlantic,1995,15,0,0.445,-0.1975,-0.028828828828828812,-0.16565315315315315
94,West Atlantic,1996,16,0,0.3325,-0.5183333333333333,-0.1413288288288288,-0.48648648648648646
94,West Atlantic,1997,17,0,0.4658333333333333,1.1150000000000002,-0.007995495495495497,1.1468468468468471
94,West Atlantic,1998,18,1,0.6075,-0.11916666666666656,0.13367117117117122,-0.08731981981981972
94,West Atlantic,1999,19,0,0.3825,-1.2866666666666666,-0.09132882882882881,-1.2548198198198197
94,West Atlantic,2000,20,0,0.395,-0.9091666666666667,-0.0788288288288288,-0.8773198198198199
94,West Atlantic,2001,21,0,0.5325,-0.33916666666666667,0.058671171171171155,-0.3073198198198198
94,West Atlantic,2002,22,0,0.6275000000000001,0.6383333333333333,0.15367117117117124,0.6701801801801801
94,West Atlantic,2003,23,0,0.6166666666666667,0.20666666666666667,0.14283783783783788,0.23851351351351352
94,West Atlantic,2004,24,0,0.5333333333333333,0.4225,0.05950450450450451,0.45434684684684684
94,West Atlantic,2005,25,1,0.6791666666666667,0.015000000000000003,0.20533783783783788,0.04684684684684684
94,West Atlantic,2006,26,0,0.64,0.0875,0.1661711711711712,0.11934684684684684
94,West Atlantic,2007,27,0,0.665,-0.6183333333333333,0.19117117117117122,-0.5864864864864865
94,West Atlantic,2008,28,0,0.5433333333333333,-0.785,0.06950450450450452,-0.7531531531531532
94,West Atlantic,2009,29,0,0.6566666666666667,0.2883333333333333,0.1828378378378379,0.32018018018018013
94,West Atlantic,2010,30,1,0.725,-0.48749999999999993,0.25117117117117116,-0.4556531531531531
94,West Atlantic,2011,31,0,0.61,-0.8691666666666666,0.13617117117117117,-0.8373198198198198
94,West Atlantic,2012,32,0,0.6458333333333334,-0.13999999999999999,0.17200450450450455,-0.10815315315315314
94,West Atlantic,2013,33,0,0.6766666666666666,-0.31916666666666665,0.20283783783783782,-0.2873198198198198
94,West Atlantic,2014,34,0,0.7491666666666666,0.11166666666666666,0.27533783783783783,0.1435135135135135
94,West Atlantic,2015,35,0,0.8975,1.4616666666666667,0.42367117117117115,1.4935135135135136
94,West Atlantic,2016,36,0,1.0125,0.3324999999999999,0.5386711711711711,0.36434684684684676
95,West Atlantic,1980,0,0,0.2558333333333333,-0.0016666666666666843,-0.21799549549549552,0.030180180180180156
95,West Atlantic,1981,1,0,0.3225,-0.4558333333333333,-0.1513288288288288,-0.42398648648648646
95,West Atlantic,1982,2,0,0.13916666666666666,0.8316666666666667,-0.33466216216216216,0.8635135135135135
95,West Atlantic,1983,3,0,0.315,0.30666666666666664,-0.15882882882882882,0.3385135135135135
95,West Atlantic,1984,4,0,0.15583333333333332,-0.6641666666666667,-0.3179954954954955,-0.6323198198198199
95,West Atlantic,1985,5,0,0.11750000000000001,-0.755,-0.3563288288288288,-0.7231531531531532
95,West Atlantic,1986,6,0,0.18,0.06000000000000004,-0.2938288288288288,0.09184684684684688
95,West Atlantic,1987,7,0,0.32166666666666666,1.0941666666666667,-0.15216216216216216,1.1260135135135136
95,West Atlantic,1988,8,0,0.38916666666666666,-0.9991666666666666,-0.08466216216216216,-0.9673198198198198
95,West Atlantic,1989,9,0,0.2733333333333333,-0.7983333333333333,-0.2004954954954955,-0.7664864864864865
95,West Atlantic,1990,10,0,0.44666666666666666,0.1275,-0.027162162162162162,0.15934684684684686
95,West Atlantic,1991,11,0,0.4058333333333333,0.6183333333333334,-0.0679954954954955,0.6501801801801802
95,West Atlantic,1992,12,0,0.22333333333333333,0.6083333333333333,-0.2504954954954955,0.6401801801801801
95,West Atlantic,1993,13,0,0.2316666666666667,0.29916666666666664,-0.24216216216216213,0.3310135135135135
95,West Atlantic,1994,14,0,0.315,0.46,-0.15882882882882882,0.4918468468468469
95,West Atlantic,1995,15,1,0.445,-0.1975,-0.028828828828828812,-0.16565315315315315
95,West Atlantic,1996,16,0,0.3325,-0.5183333333333333,-0.1413288288288288,-0.48648648648648646
95,West Atlantic,1997,17,0,0.4658333333333333,1.1150000000000002,-0.007995495495495497,1.1468468468468471
95,West Atlantic,1998,18,1,0.6075,-0.11916666666666656,0.13367117117117122,-0.08731981981981972
95,West Atlantic,1999,19,0,0.3825,-1.2866666666666666,-0.09132882882882881,-1.2548198198198197
95,West Atlantic,2000,20,0,0.395,-0.9091666666666667,-0.0788288288288288,-0.8773198198198199
95,West Atlantic,2001,21,0,0.5325,-0.33916666666666667,0.058671171171171155,-0.3073198198198198
95,West Atlantic,2002,22,0,0.6275000000000001,0.6383333333333333,0.15367117117117124,0.6701801801801801
95,West Atlantic,2003,23,0,0.6166666666666667,0.20666666666666667,0.14283783783783788,0.23851351351351352
95,West Atlantic,2004,24,0,0.5333333333333333,0.4225,0.05950450450450451,0.45434684684684684
95,West Atlantic,2005,25,1,0.6791666666666667,0.015000000000000003,0.20533783783783788,0.04684684684684684
95,West Atlantic,2006,26,0,0.64,0.0875,0.1661711711711712,0.11934684684684684
95,West Atlantic,2007,27,0,0.665,-0.6183333333333333,0.19117117117117122,-0.5864864864864865
95,West Atlantic,2008,28,0,0.5433333333333333,-0.785,0.06950450450450452,-0.7531531531531532
95,West Atlantic,2009,29,0,0.6566666666666667,0.2883333333333333,0.1828378378378379,0.32018018018018013
95,West Atlantic,2010,30,0,0.725,-0.48749999999999993,0.25117117117117116,-0.4556531531531531
95,West Atlantic,2011,31,0,0.61,-0.8691666666666666,0.13617117117117117,-0.8373198198198198
95,West Atlantic,2012,32,0,0.6458333333333334,-0.13999999999999999,0.17200450450450455,-0.10815315315315314
95,West Atlantic,2013,33,0,0.6766666666666666,-0.31916666666666665,0.20283783783783782,-0.2873198198198198
95,West Atlantic,2014,34,0,0.7491666666666666,0.11166666666666666,0.27533783783783783,0.1435135135135135
95,West Atlantic,2015,35,0,0.8975,1.4616666666666667,0.42367117117117115,1.4935135135135136
95,West Atlantic,2016,36,0,1.0125,0.3324999999999999,0.5386711711711711,0.36434684684684676
96,West Atlantic,1980,0,0,0.2558333333333333,-0.0016666666666666843,-0.21799549549549552,0.030180180180180156
96,West Atlantic,1981,1,0,0.3225,-0.4558333333333333,-0.1513288288288288,-0.42398648648648646
96,West Atlantic,1982,2,0,0.13916666666666666,0.8316666666666667,-0.33466216216216216,0.8635135135135135
96,West Atlantic,1983,3,1,0.315,0.30666666666666664,-0.15882882882882882,0.3385135135135135
96,West Atlantic,1984,4,0,0.15583333333333332,-0.6641666666666667,-0.3179954954954955,-0.6323198198198199
96,West Atlantic,1985,5,0,0.11750000000000001,-0.755,-0.3563288288288288,-0.7231531531531532
96,West Atlantic,1986,6,0,0.18,0.06000000000000004,-0.2938288288288288,0.09184684684684688
96,West Atlantic,1987,7,0,0.32166666666666666,1.0941666666666667,-0.15216216216216216,1.1260135135135136
96,West Atlantic,1988,8,1,0.38916666666666666,-0.9991666666666666,-0.08466216216216216,-0.9673198198198198
96,West Atlantic,1989,9,0,0.2733333333333333,-0.7983333333333333,-0.2004954954954955,-0.7664864864864865
96,West Atlantic,1990,10,0,0.44666666666666666,0.1275,-0.027162162162162162,0.15934684684684686
96,West Atlantic,1991,11,0,0.4058333333333333,0.6183333333333334,-0.0679954954954955,0.6501801801801802
96,West Atlantic,1992,12,0,0.22333333333333333,0.6083333333333333,-0.2504954954954955,0.6401801801801801
96,West Atlantic,1993,13,0,0.2316666666666667,0.29916666666666664,-0.24216216216216213,0.3310135135135135
96,West Atlantic,1994,14,0,0.315,0.46,-0.15882882882882882,0.4918468468468469
96,West Atlantic,1995,15,0,0.445,-0.1975,-0.028828828828828812,-0.16565315315315315
96,West Atlantic,1996,16,0,0.3325,-0.5183333333333333,-0.1413288288288288,-0.48648648648648646
96,West Atlantic,1997,17,0,0.4658333333333333,1.1150000000000002,-0.007995495495495497,1.1468468468468471
96,West Atlantic,1998,18,0,0.6075,-0.11916666666666656,0.13367117117117122,-0.08731981981981972
96,West Atlantic,1999,19,0,0.3825,-1.2866666666666666,-0.09132882882882881,-1.2548198198198197
96,West Atlantic,2000,20,0,0.395,-0.9091666666666667,-0.0788288288288288,-0.8773198198198199
96,West Atlantic,2001,21,0,0.5325,-0.33916666666666667,0.058671171171171155,-0.3073198198198198
96,West Atlantic,2002,22,0,0.6275000000000001,0.6383333333333333,0.15367117117117124,0.6701801801801801
96,West Atlantic,2003,23,0,0.6166666666666667,0.20666666666666667,0.14283783783783788,0.23851351351351352
96,West Atlantic,2004,24,0,0.5333333333333333,0.4225,0.05950450450450451,0.45434684684684684
96,West Atlantic,2005,25,1,0.6791666666666667,0.015000000000000003,0.20533783783783788,0.04684684684684684
96,West Atlantic,2006,26,0,0.64,0.0875,0.1661711711711712,0.11934684684684684
96,West Atlantic,2007,27,0,0.665,-0.6183333333333333,0.19117117117117122,-0.5864864864864865
96,West Atlantic,2008,28,0,0.5433333333333333,-0.785,0.06950450450450452,-0.7531531531531532
96,West Atlantic,2009,29,0,0.6566666666666667,0.2883333333333333,0.1828378378378379,0.32018018018018013
96,West Atlantic,2010,30,0,0.725,-0.48749999999999993,0.25117117117117116,-0.4556531531531531
96,West Atlantic,2011,31,0,0.61,-0.8691666666666666,0.13617117117117117,-0.8373198198198198
96,West Atlantic,2012,32,0,0.6458333333333334,-0.13999999999999999,0.17200450450450455,-0.10815315315315314
96,West Atlantic,2013,33,0,0.6766666666666666,-0.31916666666666665,0.20283783783783782,-0.2873198198198198
96,West Atlantic,2014,34,0,0.7491666666666666,0.11166666666666666,0.27533783783783783,0.1435135135135135
96,West Atlantic,2015,35,0,0.8975,1.4616666666666667,0.42367117117117115,1.4935135135135136
96,West Atlantic,2016,36,0,1.0125,0.3324999999999999,0.5386711711711711,0.36434684684684676
97,West Atlantic,1980,0,0,0.2558333333333333,-0.0016666666666666843,-0.21799549549549552,0.030180180180180156
97,West Atlantic,1981,1,0,0.3225,-0.4558333333333333,-0.1513288288288288,-0.42398648648648646
97,West Atlantic,1982,2,0,0.13916666666666666,0.8316666666666667,-0.33466216216216216,0.8635135135135135
97,West Atlantic,1983,3,0,0.315,0.30666666666666664,-0.15882882882882882,0.3385135135135135
97,West Atlantic,1984,4,0,0.15583333333333332,-0.6641666666666667,-0.3179954954954955,-0.6323198198198199
97,West Atlantic,1985,5,0,0.11750000000000001,-0.755,-0.3563288288288288,-0.7231531531531532
97,West Atlantic,1986,6,0,0.18,0.06000000000000004,-0.2938288288288288,0.09184684684684688
97,West Atlantic,1987,7,1,0.32166666666666666,1.0941666666666667,-0.15216216216216216,1.1260135135135136
97,West Atlantic,1988,8,0,0.38916666666666666,-0.9991666666666666,-0.08466216216216216,-0.9673198198198198
97,West Atlantic,1989,9,0,0.2733333333333333,-0.7983333333333333,-0.2004954954954955,-0.7664864864864865
97,West Atlantic,1990,10,1,0.44666666666666666,0.1275,-0.027162162162162162,0.15934684684684686
97,West Atlantic,1991,11,0,0.4058333333333333,0.6183333333333334,-0.0679954954954955,0.6501801801801802
97,West Atlantic,1992,12,0,0.22333333333333333,0.6083333333333333,-0.2504954954954955,0.6401801801801801
97,West Atlantic,1993,13,0,0.2316666666666667,0.29916666666666664,-0.24216216216216213,0.3310135135135135
97,West Atlantic,1994,14,0,0.315,0.46,-0.15882882882882882,0.4918468468468469
97,West Atlantic,1995,15,1,0.445,-0.1975,-0.028828828828828812,-0.16565315315315315
97,West Atlantic,1996,16,0,0.3325,-0.5183333333333333,-0.1413288288288288,-0.48648648648648646
97,West Atlantic,1997,17,0,0.4658333333333333,1.1150000000000002,-0.007995495495495497,1.1468468468468471
97,West Atlantic,1998,18,1,0.6075,-0.11916666666666656,0.13367117117117122,-0.08731981981981972
97,West Atlantic,1999,19,0,0.3825,-1.2866666666666666,-0.09132882882882881,-1.2548198198198197
97,West Atlantic,2000,20,0,0.395,-0.9091666666666667,-0.0788288288288288,-0.8773198198198199
97,West Atlantic,2001,21,0,0.5325,-0.33916666666666667,0.058671171171171155,-0.3073198198198198
97,West Atlantic,2002,22,0,0.6275000000000001,0.6383333333333333,0.15367117117117124,0.6701801801801801
97,West Atlantic,2003,23,1,0.6166666666666667,0.20666666666666667,0.14283783783783788,0.23851351351351352
97,West Atlantic,2004,24,0,0.5333333333333333,0.4225,0.05950450450450451,0.45434684684684684
97,West Atlantic,2005,25,1,0.6791666666666667,0.015000000000000003,0.20533783783783788,0.04684684684684684
97,West Atlantic,2006,26,0,0.64,0.0875,0.1661711711711712,0.11934684684684684
97,West Atlantic,2007,27,0,0.665,-0.6183333333333333,0.19117117117117122,-0.5864864864864865
97,West Atlantic,2008,28,0,0.5433333333333333,-0.785,0.06950450450450452,-0.7531531531531532
97,West Atlantic,2009,29,0,0.6566666666666667,0.2883333333333333,0.1828378378378379,0.32018018018018013
97,West Atlantic,2010,30,1,0.725,-0.48749999999999993,0.25117117117117116,-0.4556531531531531
97,West Atlantic,2011,31,0,0.61,-0.8691666666666666,0.13617117117117117,-0.8373198198198198
97,West Atlantic,2012,32,0,0.6458333333333334,-0.13999999999999999,0.17200450450450455,-0.10815315315315314
97,West Atlantic,2013,33,0,0.6766666666666666,-0.31916666666666665,0.20283783783783782,-0.2873198198198198
97,West Atlantic,2014,34,0,0.7491666666666666,0.11166666666666666,0.27533783783783783,0.1435135135135135
97,West Atlantic,2015,35,0,0.8975,1.4616666666666667,0.42367117117117115,1.4935135135135136
97,West Atlantic,2016,36,0,1.0125,0.3324999999999999,0.5386711711711711,0.36434684684684676
98,West Atlantic,1980,0,0,0.2558333333333333,-0.0016666666666666843,-0.21799549549549552,0.030180180180180156
98,West Atlantic,1981,1,0,0.3225,-0.4558333333333333,-0.1513288288288288,-0.42398648648648646
98,West Atlantic,1982,2,0,0.13916666666666666,0.8316666666666667,-0.33466216216216216,0.8635135135135135
98,West Atlantic,1983,3,0,0.315,0.30666666666666664,-0.15882882882882882,0.3385135135135135
98,West Atlantic,1984,4,0,0.15583333333333332,-0.6641666666666667,-0.3179954954954955,-0.6323198198198199
98,West Atlantic,1985,5,0,0.11750000000000001,-0.755,-0.3563288288288288,-0.7231531531531532
98,West Atlantic,1986,6,0,0.18,0.06000000000000004,-0.2938288288288288,0.09184684684684688
98,West Atlantic,1987,7,0,0.32166666666666666,1.0941666666666667,-0.15216216216216216,1.1260135135135136
98,West Atlantic,1988,8,0,0.38916666666666666,-0.9991666666666666,-0.08466216216216216,-0.9673198198198198
98,West Atlantic,1989,9,0,0.2733333333333333,-0.7983333333333333,-0.2004954954954955,-0.7664864864864865
98,West Atlantic,1990,10,0,0.44666666666666666,0.1275,-0.027162162162162162,0.15934684684684686
98,West Atlantic,1991,11,0,0.4058333333333333,0.6183333333333334,-0.0679954954954955,0.6501801801801802
98,West Atlantic,1992,12,0,0.22333333333333333,0.6083333333333333,-0.2504954954954955,0.6401801801801801
98,West Atlantic,1993,13,0,0.2316666666666667,0.29916666666666664,-0.24216216216216213,0.3310135135135135
98,West Atlantic,1994,14,0,0.315,0.46,-0.15882882882882882,0.4918468468468469
98,West Atlantic,1995,15,0,0.445,-0.1975,-0.028828828828828812,-0.16565315315315315
98,West Atlantic,1996,16,0,0.3325,-0.5183333333333333,-0.1413288288288288,-0.48648648648648646
98,West Atlantic,1997,17,0,0.4658333333333333,1.1150000000000002,-0.007995495495495497,1.1468468468468471
98,West Atlantic,1998,18,1,0.6075,-0.11916666666666656,0.13367117117117122,-0.08731981981981972
98,West Atlantic,1999,19,0,0.3825,-1.2866666666666666,-0.09132882882882881,-1.2548198198198197
98,West Atlantic,2000,20,0,0.395,-0.9091666666666667,-0.0788288288288288,-0.8773198198198199
98,West Atlantic,2001,21,0,0.5325,-0.33916666666666667,0.058671171171171155,-0.3073198198198198
98,West Atlantic,2002,22,0,0.6275000000000001,0.6383333333333333,0.15367117117117124,0.6701801801801801
98,West Atlantic,2003,23,0,0.6166666666666667,0.20666666666666667,0.14283783783783788,0.23851351351351352
98,West Atlantic,2004,24,0,0.5333333333333333,0.4225,0.05950450450450451,0.45434684684684684
98,West Atlantic,2005,25,1,0.6791666666666667,0.015000000000000003,0.20533783783783788,0.04684684684684684
98,West Atlantic,2006,26,0,0.64,0.0875,0.1661711711711712,0.11934684684684684
98,West Atlantic,2007,27,0,0.665,-0.6183333333333333,0.19117117117117122,-0.5864864864864865
98,West Atlantic,2008,28,0,0.5433333333333333,-0.785,0.06950450450450452,-0.7531531531531532
98,West Atlantic,2009,29,0,0.6566666666666667,0.2883333333333333,0.1828378378378379,0.32018018018018013
98,West Atlantic,2010,30,1,0.725,-0.48749999999999993,0.25117117117117116,-0.4556531531531531
98,West Atlantic,2011,31,0,0.61,-0.8691666666666666,0.13617117117117117,-0.8373198198198198
98,West Atlantic,2012,32,0,0.6458333333333334,-0.13999999999999999,0.17200450450450455,-0.10815315315315314
98,West Atlantic,2013,33,0,0.6766666666666666,-0.31916666666666665,0.20283783783783782,-0.2873198198198198
98,West Atlantic,2014,34,0,0.7491666666666666,0.11166666666666666,0.27533783783783783,0.1435135135135135
98,West Atlantic,2015,35,0,0.8975,1.4616666666666667,0.42367117117117115,1.4935135135135136
98,West Atlantic,2016,36,0,1.0125,0.3324999999999999,0.5386711711711711,0.36434684684684676
99,West Atlantic,1980,0,0,0.2558333333333333,-0.0016666666666666843,-0.21799549549549552,0.030180180180180156
99,West Atlantic,1981,1,0,0.3225,-0.4558333333333333,-0.1513288288288288,-0.42398648648648646
99,West Atlantic,1982,2,0,0.13916666666666666,0.8316666666666667,-0.33466216216216216,0.8635135135135135
99,West Atlantic,1983,3,0,0.315,0.30666666666666664,-0.15882882882882882,0.3385135135135135
99,West Atlantic,1984,4,0,0.15583333333333332,-0.6641666666666667,-0.3179954954954955,-0.6323198198198199
99,West Atlantic,1985,5,0,0.11750000000000001,-0.755,-0.3563288288288288,-0.7231531531531532
99,West Atlantic,1986,6,0,0.18,0.06000000000000004,-0.2938288288288288,0.09184684684684688
99,West Atlantic,1987,7,0,0.32166666666666666,1.0941666666666667,-0.15216216216216216,1.1260135135135136
99,West Atlantic,1988,8,0,0.38916666666666666,-0.9991666666666666,-0.08466216216216216,-0.9673198198198198
99,West Atlantic,1989,9,0,0.2733333333333333,-0.7983333333333333,-0.2004954954954955,-0.7664864864864865
99,West Atlantic,1990,10,0,0.44666666666666666,0.1275,-0.027162162162162162,0.15934684684684686
99,West Atlantic,1991,11,0,0.4058333333333333,0.6183333333333334,-0.0679954954954955,0.6501801801801802
99,West Atlantic,1992,12,0,0.22333333333333333,0.6083333333333333,-0.2504954954954955,0.6401801801801801
99,West Atlantic,1993,13,0,0.2316666666666667,0.29916666666666664,-0.24216216216216213,0.3310135135135135
99,West Atlantic,1994,14,0,0.315,0.46,-0.15882882882882882,0.4918468468468469
99,West Atlantic,1995,15,0,0.445,-0.1975,-0.028828828828828812,-0.16565315315315315
99,West Atlantic,1996,16,0,0.3325,-0.5183333333333333,-0.1413288288288288,-0.48648648648648646
99,West Atlantic,1997,17,0,0.4658333333333333,1.1150000000000002,-0.007995495495495497,1.1468468468468471
99,West Atlantic,1998,18,1,0.6075,-0.11916666666666656,0.13367117117117122,-0.08731981981981972
99,West Atlantic,1999,19,0,0.3825,-1.2866666666666666,-0.09132882882882881,-1.2548198198198197
99,West Atlantic,2000,20,0,0.395,-0.9091666666666667,-0.0788288288288288,-0.8773198198198199
99,West Atlantic,2001,21,0,0.5325,-0.33916666666666667,0.058671171171171155,-0.3073198198198198
99,West Atlantic,2002,22,0,0.6275000000000001,0.6383333333333333,0.15367117117117124,0.6701801801801801
99,West Atlantic,2003,23,0,0.6166666666666667,0.20666666666666667,0.14283783783783788,0.23851351351351352
99,West Atlantic,2004,24,0,0.5333333333333333,0.4225,0.05950450450450451,0.45434684684684684
99,West Atlantic,2005,25,1,0.6791666666666667,0.015000000000000003,0.20533783783783788,0.04684684684684684
99,West Atlantic,2006,26,0,0.64,0.0875,0.1661711711711712,0.11934684684684684
99,West Atlantic,2007,27,0,0.665,-0.6183333333333333,0.19117117117117122,-0.5864864864864865
99,West Atlantic,2008,28,0,0.5433333333333333,-0.785,0.06950450450450452,-0.7531531531531532
99,West Atlantic,2009,29,0,0.6566666666666667,0.2883333333333333,0.1828378378378379,0.32018018018018013
99,West Atlantic,2010,30,1,0.725,-0.48749999999999993,0.25117117117117116,-0.4556531531531531
99,West Atlantic,2011,31,0,0.61,-0.8691666666666666,0.13617117117117117,-0.8373198198198198
99,West Atlantic,2012,32,0,0.6458333333333334,-0.13999999999999999,0.17200450450450455,-0.10815315315315314
99,West Atlantic,2013,33,0,0.6766666666666666,-0.31916666666666665,0.20283783783783782,-0.2873198198198198
99,West Atlantic,2014,34,0,0.7491666666666666,0.11166666666666666,0.27533783783783783,0.1435135135135135
99,West Atlantic,2015,35,0,0.8975,1.4616666666666667,0.42367117117117115,1.4935135135135136
99,West Atlantic,2016,36,0,1.0125,0.3324999999999999,0.5386711711711711,0.36434684684684676
100,West Atlantic,1980,0,0,0.2558333333333333,-0.0016666666666666843,-0.21799549549549552,0.030180180180180156
100,West Atlantic,1981,1,0,0.3225,-0.4558333333333333,-0.1513288288288288,-0.42398648648648646
100,West Atlantic,1982,2,0,0.13916666666666666,0.8316666666666667,-0.33466216216216216,0.8635135135135135
100,West Atlantic,1983,3,0,0.315,0.30666666666666664,-0.15882882882882882,0.3385135135135135
100,West Atlantic,1984,4,0,0.15583333333333332,-0.6641666666666667,-0.3179954954954955,-0.6323198198198199
100,West Atlantic,1985,5,0,0.11750000000000001,-0.755,-0.3563288288288288,-0.7231531531531532
100,West Atlantic,1986,6,0,0.18,0.06000000000000004,-0.2938288288288288,0.09184684684684688
100,West Atlantic,1987,7,0,0.32166666666666666,1.0941666666666667,-0.15216216216216216,1.1260135135135136
100,West Atlantic,1988,8,0,0.38916666666666666,-0.9991666666666666,-0.08466216216216216,-0.9673198198198198
100,West Atlantic,1989,9,0,0.2733333333333333,-0.7983333333333333,-0.2004954954954955,-0.7664864864864865
100,West Atlantic,1990,10,0,0.44666666666666666,0.1275,-0.027162162162162162,0.15934684684684686
100,West Atlantic,1991,11,0,0.4058333333333333,0.6183333333333334,-0.0679954954954955,0.6501801801801802
100,West Atlantic,1992,12,0,0.22333333333333333,0.6083333333333333,-0.2504954954954955,0.6401801801801801
100,West Atlantic,1993,13,0,0.2316666666666667,0.29916666666666664,-0.24216216216216213,0.3310135135135135
100,West Atlantic,1994,14,0,0.315,0.46,-0.15882882882882882,0.4918468468468469
100,West Atlantic,1995,15,0,0.445,-0.1975,-0.028828828828828812,-0.16565315315315315
100,West Atlantic,1996,16,0,0.3325,-0.5183333333333333,-0.1413288288288288,-0.48648648648648646
100,West Atlantic,1997,17,0,0.4658333333333333,1.1150000000000002,-0.007995495495495497,1.1468468468468471
100,West Atlantic,1998,18,0,0.6075,-0.11916666666666656,0.13367117117117122,-0.08731981981981972
100,West Atlantic,1999,19,0,0.3825,-1.2866666666666666,-0.09132882882882881,-1.2548198198198197
100,West Atlantic,2000,20,0,0.395,-0.9091666666666667,-0.0788288288288288,-0.8773198198198199
100,West Atlantic,2001,21,0,0.5325,-0.33916666666666667,0.058671171171171155,-0.3073198198198198
100,West Atlantic,2002,22,0,0.6275000000000001,0.6383333333333333,0.15367117117117124,0.6701801801801801
100,West Atlantic,2003,23,0,0.6166666666666667,0.20666666666666667,0.14283783783783788,0.23851351351351352
100,West Atlantic,2004,24,0,0.5333333333333333,0.4225,0.05950450450450451,0.45434684684684684
100,West Atlantic,2005,25,0,0.6791666666666667,0.015000000000000003,0.20533783783783788,0.04684684684684684
100,West Atlantic,2006,26,0,0.64,0.0875,0.1661711711711712,0.11934684684684684
100,West Atlantic,2007,27,0,0.665,-0.6183333333333333,0.19117117117117122,-0.5864864864864865
100,West Atlantic,2008,28,0,0.5433333333333333,-0.785,0.06950450450450452,-0.7531531531531532
100,West Atlantic,2009,29,0,0.6566666666666667,0.2883333333333333,0.1828378378378379,0.32018018018018013
100,West Atlantic,2010,30,1,0.725,-0.48749999999999993,0.25117117117117116,-0.4556531531531531
100,West Atlantic,2011,31,0,0.61,-0.8691666666666666,0.13617117117117117,-0.8373198198198198
100,West Atlantic,2012,32,0,0.6458333333333334,-0.13999999999999999,0.17200450450450455,-0.10815315315315314
100,West Atlantic,2013,33,0,0.6766666666666666,-0.31916666666666665,0.20283783783783782,-0.2873198198198198
100,West Atlantic,2014,34,0,0.7491666666666666,0.11166666666666666,0.27533783783783783,0.1435135135135135
100,West Atlantic,2015,35,0,0.8975,1.4616666666666667,0.42367117117117115,1.4935135135135136
100,West Atlantic,2016,36,0,1.0125,0.3324999999999999,0.5386711711711711,0.36434684684684676
